{
  "execution_status": "failed",
  "counts": {
    "completed": 3,
    "failed": 1,
    "skipped": 7
  },
  "failed_row": {
    "arm": "baseline",
    "case": "narrow",
    "child_command": [
      "/opt/r1/flop-cpu-profile-work01/baseline-target/release/examples/flop_cpu_profile_probe",
      "narrow",
      "16",
      "64",
      "/opt/r1/flop-cpu-profile-proof01/narrow-r0-w16/artifacts"
    ],
    "command": [
      "/usr/lib/linux-gcp-7.0-tools-7.0.0-1011/perf",
      "record",
      "-e",
      "cpu-clock",
      "-F",
      "97",
      "--strict-freq",
      "--clockid",
      "mono",
      "--call-graph",
      "fp,32",
      "--no-buildid-cache",
      "--max-size",
      "16M",
      "-o",
      "/opt/r1/flop-cpu-profile-proof01/narrow-r0-w16/perf.data",
      "--",
      "/opt/r1/flop-cpu-profile-work01/baseline-target/release/examples/flop_cpu_profile_probe",
      "narrow",
      "16",
      "64",
      "/opt/r1/flop-cpu-profile-proof01/narrow-r0-w16/artifacts"
    ],
    "cpu": {
      "br_cpu_seconds": [
        0.25423565200000003,
        0.232708455
      ],
      "br_wall_seconds": [
        0.016405607,
        0.014712602
      ],
      "case": "narrow",
      "cfr_cpu_seconds": 38.218711726,
      "cfr_wall_seconds": 2.4318987610000002,
      "clock": "CLOCK_PROCESS_CPUTIME_ID",
      "clock_id": 2,
      "cpu_allowed_list": "0-31",
      "ev_cpu_seconds": [
        0.25877294700000003,
        0.25113857700000003
      ],
      "ev_wall_seconds": [
        0.016969417,
        0.015978905
      ],
      "exploitability_cpu_seconds": 0.748882075,
      "exploitability_wall_seconds": 0.047772616,
      "iterations": 64,
      "performance_claim": false,
      "quality_cpu_seconds": 1.7459113960000001,
      "quality_wall_seconds": 0.112024107,
      "schema": "r1.flop-cpu-occupancy/v1",
      "scope": "all threads in this process",
      "threads": 16
    },
    "depth": 2,
    "ended_at": "2026-09-28T04:42:48.211236+00:00",
    "environment": {
      "CARGO_BUILD_JOBS": "2",
      "CARGO_INCREMENTAL": "0",
      "LC_ALL": "C",
      "RAYON_NUM_THREADS": "1",
      "RUSTC": "/opt/r1/rustup/toolchains/1.97.0-x86_64-unknown-linux-gnu/bin/rustc",
      "RUSTFLAGS": "-C target-cpu=x86-64-v3 -C force-frame-pointers=yes -C debuginfo=line-tables-only"
    },
    "error": "ValueError('bounded perf helper timed out or exceeded output cap')",
    "expected_child_affinity": [
      0,
      1,
      2,
      3,
      4,
      5,
      6,
      7,
      8,
      9,
      10,
      11,
      12,
      13,
      14,
      15,
      16,
      17,
      18,
      19,
      20,
      21,
      22,
      23,
      24,
      25,
      26,
      27,
      28,
      29,
      30,
      31
    ],
    "forbidden_environment": [],
    "host_after": {
      "affinity": [
        0,
        1,
        2,
        3,
        4,
        5,
        6,
        7,
        8,
        9,
        10,
        11,
        12,
        13,
        14,
        15,
        16,
        17,
        18,
        19,
        20,
        21,
        22,
        23,
        24,
        25,
        26,
        27,
        28,
        29,
        30,
        31
      ],
      "boot_id": "972eb7c9-154b-4f69-86b9-28fde76a5774",
      "cgroup": {
        "cpu_limits": {
          "/sys/fs/cgroup/system.slice": "max 100000",
          "/sys/fs/cgroup/system.slice/solvers-r1-vm19-measure32.service": "max 100000"
        },
        "cpu_weight": "100",
        "memory_max": "12884901888",
        "swap_max": "0"
      },
      "cpu_models": [
        "AMD EPYC 7B12"
      ],
      "instance_id": "2562385330130146252",
      "logical_cpus": 32,
      "machine": "x86_64",
      "one_per_core": [
        0,
        1,
        2,
        3,
        4,
        5,
        6,
        7,
        8,
        9,
        10,
        11,
        12,
        13,
        14,
        15
      ],
      "physical_cores": 16,
      "topology": [
        {
          "core": "0",
          "cpu": 0,
          "socket": "0"
        },
        {
          "core": "1",
          "cpu": 1,
          "socket": "0"
        },
        {
          "core": "2",
          "cpu": 2,
          "socket": "0"
        },
        {
          "core": "3",
          "cpu": 3,
          "socket": "0"
        },
        {
          "core": "4",
          "cpu": 4,
          "socket": "0"
        },
        {
          "core": "5",
          "cpu": 5,
          "socket": "0"
        },
        {
          "core": "6",
          "cpu": 6,
          "socket": "0"
        },
        {
          "core": "7",
          "cpu": 7,
          "socket": "0"
        },
        {
          "core": "8",
          "cpu": 8,
          "socket": "0"
        },
        {
          "core": "9",
          "cpu": 9,
          "socket": "0"
        },
        {
          "core": "10",
          "cpu": 10,
          "socket": "0"
        },
        {
          "core": "11",
          "cpu": 11,
          "socket": "0"
        },
        {
          "core": "12",
          "cpu": 12,
          "socket": "0"
        },
        {
          "core": "13",
          "cpu": 13,
          "socket": "0"
        },
        {
          "core": "14",
          "cpu": 14,
          "socket": "0"
        },
        {
          "core": "15",
          "cpu": 15,
          "socket": "0"
        },
        {
          "core": "0",
          "cpu": 16,
          "socket": "0"
        },
        {
          "core": "1",
          "cpu": 17,
          "socket": "0"
        },
        {
          "core": "2",
          "cpu": 18,
          "socket": "0"
        },
        {
          "core": "3",
          "cpu": 19,
          "socket": "0"
        },
        {
          "core": "4",
          "cpu": 20,
          "socket": "0"
        },
        {
          "core": "5",
          "cpu": 21,
          "socket": "0"
        },
        {
          "core": "6",
          "cpu": 22,
          "socket": "0"
        },
        {
          "core": "7",
          "cpu": 23,
          "socket": "0"
        },
        {
          "core": "8",
          "cpu": 24,
          "socket": "0"
        },
        {
          "core": "9",
          "cpu": 25,
          "socket": "0"
        },
        {
          "core": "10",
          "cpu": 26,
          "socket": "0"
        },
        {
          "core": "11",
          "cpu": 27,
          "socket": "0"
        },
        {
          "core": "12",
          "cpu": 28,
          "socket": "0"
        },
        {
          "core": "13",
          "cpu": 29,
          "socket": "0"
        },
        {
          "core": "14",
          "cpu": 30,
          "socket": "0"
        },
        {
          "core": "15",
          "cpu": 31,
          "socket": "0"
        }
      ],
      "v3": {
        "argv": [
          "/usr/lib/x86_64-linux-gnu/ld-linux-x86-64.so.2",
          "--help"
        ],
        "loader": {
          "bytes": 236616,
          "path": "/usr/lib/x86_64-linux-gnu/ld-linux-x86-64.so.2",
          "sha256": "c20a2dc8917c755f02b94049356320fe1f62ac7d9f8994731f807d9df39302da"
        },
        "per_cpu_flags": {
          "0": [
            "3dnowprefetch",
            "abm",
            "adx",
            "aes",
            "apic",
            "arat",
            "avx",
            "avx2",
            "bmi1",
            "bmi2",
            "clflush",
            "clflushopt",
            "clwb",
            "clzero",
            "cmov",
            "cmp_legacy",
            "constant_tsc",
            "cpuid",
            "cr8_legacy",
            "cx16",
            "cx8",
            "de",
            "extd_apicid",
            "f16c",
            "fma",
            "fpu",
            "fsgsbase",
            "fxsr",
            "fxsr_opt",
            "ht",
            "hypervisor",
            "ibpb",
            "ibrs",
            "lahf_lm",
            "lm",
            "mca",
            "mce",
            "misalignsse",
            "mmx",
            "mmxext",
            "movbe",
            "msr",
            "mtrr",
            "nonstop_tsc",
            "nopl",
            "nx",
            "osvw",
            "pae",
            "pat",
            "pclmulqdq",
            "pdpe1gb",
            "pge",
            "pni",
            "popcnt",
            "pse",
            "pse36",
            "rdpid",
            "rdrand",
            "rdseed",
            "rdtscp",
            "rep_good",
            "sep",
            "sha_ni",
            "smap",
            "smep",
            "ssbd",
            "sse",
            "sse2",
            "sse4_1",
            "sse4_2",
            "sse4a",
            "ssse3",
            "stibp",
            "syscall",
            "topoext",
            "tsc",
            "tsc_adjust",
            "tsc_known_freq",
            "umip",
            "vme",
            "vmmcall",
            "x2apic",
            "xgetbv1",
            "xsave",
            "xsavec",
            "xsaveerptr",
            "xsaveopt",
            "xtopology"
          ],
          "1": [
            "3dnowprefetch",
            "abm",
            "adx",
            "aes",
            "apic",
            "arat",
            "avx",
            "avx2",
            "bmi1",
            "bmi2",
            "clflush",
            "clflushopt",
            "clwb",
            "clzero",
            "cmov",
            "cmp_legacy",
            "constant_tsc",
            "cpuid",
            "cr8_legacy",
            "cx16",
            "cx8",
            "de",
            "extd_apicid",
            "f16c",
            "fma",
            "fpu",
            "fsgsbase",
            "fxsr",
            "fxsr_opt",
            "ht",
            "hypervisor",
            "ibpb",
            "ibrs",
            "lahf_lm",
            "lm",
            "mca",
            "mce",
            "misalignsse",
            "mmx",
            "mmxext",
            "movbe",
            "msr",
            "mtrr",
            "nonstop_tsc",
            "nopl",
            "nx",
            "osvw",
            "pae",
            "pat",
            "pclmulqdq",
            "pdpe1gb",
            "pge",
            "pni",
            "popcnt",
            "pse",
            "pse36",
            "rdpid",
            "rdrand",
            "rdseed",
            "rdtscp",
            "rep_good",
            "sep",
            "sha_ni",
            "smap",
            "smep",
            "ssbd",
            "sse",
            "sse2",
            "sse4_1",
            "sse4_2",
            "sse4a",
            "ssse3",
            "stibp",
            "syscall",
            "topoext",
            "tsc",
            "tsc_adjust",
            "tsc_known_freq",
            "umip",
            "vme",
            "vmmcall",
            "x2apic",
            "xgetbv1",
            "xsave",
            "xsavec",
            "xsaveerptr",
            "xsaveopt",
            "xtopology"
          ],
          "10": [
            "3dnowprefetch",
            "abm",
            "adx",
            "aes",
            "apic",
            "arat",
            "avx",
            "avx2",
            "bmi1",
            "bmi2",
            "clflush",
            "clflushopt",
            "clwb",
            "clzero",
            "cmov",
            "cmp_legacy",
            "constant_tsc",
            "cpuid",
            "cr8_legacy",
            "cx16",
            "cx8",
            "de",
            "extd_apicid",
            "f16c",
            "fma",
            "fpu",
            "fsgsbase",
            "fxsr",
            "fxsr_opt",
            "ht",
            "hypervisor",
            "ibpb",
            "ibrs",
            "lahf_lm",
            "lm",
            "mca",
            "mce",
            "misalignsse",
            "mmx",
            "mmxext",
            "movbe",
            "msr",
            "mtrr",
            "nonstop_tsc",
            "nopl",
            "nx",
            "osvw",
            "pae",
            "pat",
            "pclmulqdq",
            "pdpe1gb",
            "pge",
            "pni",
            "popcnt",
            "pse",
            "pse36",
            "rdpid",
            "rdrand",
            "rdseed",
            "rdtscp",
            "rep_good",
            "sep",
            "sha_ni",
            "smap",
            "smep",
            "ssbd",
            "sse",
            "sse2",
            "sse4_1",
            "sse4_2",
            "sse4a",
            "ssse3",
            "stibp",
            "syscall",
            "topoext",
            "tsc",
            "tsc_adjust",
            "tsc_known_freq",
            "umip",
            "vme",
            "vmmcall",
            "x2apic",
            "xgetbv1",
            "xsave",
            "xsavec",
            "xsaveerptr",
            "xsaveopt",
            "xtopology"
          ],
          "11": [
            "3dnowprefetch",
            "abm",
            "adx",
            "aes",
            "apic",
            "arat",
            "avx",
            "avx2",
            "bmi1",
            "bmi2",
            "clflush",
            "clflushopt",
            "clwb",
            "clzero",
            "cmov",
            "cmp_legacy",
            "constant_tsc",
            "cpuid",
            "cr8_legacy",
            "cx16",
            "cx8",
            "de",
            "extd_apicid",
            "f16c",
            "fma",
            "fpu",
            "fsgsbase",
            "fxsr",
            "fxsr_opt",
            "ht",
            "hypervisor",
            "ibpb",
            "ibrs",
            "lahf_lm",
            "lm",
            "mca",
            "mce",
            "misalignsse",
            "mmx",
            "mmxext",
            "movbe",
            "msr",
            "mtrr",
            "nonstop_tsc",
            "nopl",
            "nx",
            "osvw",
            "pae",
            "pat",
            "pclmulqdq",
            "pdpe1gb",
            "pge",
            "pni",
            "popcnt",
            "pse",
            "pse36",
            "rdpid",
            "rdrand",
            "rdseed",
            "rdtscp",
            "rep_good",
            "sep",
            "sha_ni",
            "smap",
            "smep",
            "ssbd",
            "sse",
            "sse2",
            "sse4_1",
            "sse4_2",
            "sse4a",
            "ssse3",
            "stibp",
            "syscall",
            "topoext",
            "tsc",
            "tsc_adjust",
            "tsc_known_freq",
            "umip",
            "vme",
            "vmmcall",
            "x2apic",
            "xgetbv1",
            "xsave",
            "xsavec",
            "xsaveerptr",
            "xsaveopt",
            "xtopology"
          ],
          "12": [
            "3dnowprefetch",
            "abm",
            "adx",
            "aes",
            "apic",
            "arat",
            "avx",
            "avx2",
            "bmi1",
            "bmi2",
            "clflush",
            "clflushopt",
            "clwb",
            "clzero",
            "cmov",
            "cmp_legacy",
            "constant_tsc",
            "cpuid",
            "cr8_legacy",
            "cx16",
            "cx8",
            "de",
            "extd_apicid",
            "f16c",
            "fma",
            "fpu",
            "fsgsbase",
            "fxsr",
            "fxsr_opt",
            "ht",
            "hypervisor",
            "ibpb",
            "ibrs",
            "lahf_lm",
            "lm",
            "mca",
            "mce",
            "misalignsse",
            "mmx",
            "mmxext",
            "movbe",
            "msr",
            "mtrr",
            "nonstop_tsc",
            "nopl",
            "nx",
            "osvw",
            "pae",
            "pat",
            "pclmulqdq",
            "pdpe1gb",
            "pge",
            "pni",
            "popcnt",
            "pse",
            "pse36",
            "rdpid",
            "rdrand",
            "rdseed",
            "rdtscp",
            "rep_good",
            "sep",
            "sha_ni",
            "smap",
            "smep",
            "ssbd",
            "sse",
            "sse2",
            "sse4_1",
            "sse4_2",
            "sse4a",
            "ssse3",
            "stibp",
            "syscall",
            "topoext",
            "tsc",
            "tsc_adjust",
            "tsc_known_freq",
            "umip",
            "vme",
            "vmmcall",
            "x2apic",
            "xgetbv1",
            "xsave",
            "xsavec",
            "xsaveerptr",
            "xsaveopt",
            "xtopology"
          ],
          "13": [
            "3dnowprefetch",
            "abm",
            "adx",
            "aes",
            "apic",
            "arat",
            "avx",
            "avx2",
            "bmi1",
            "bmi2",
            "clflush",
            "clflushopt",
            "clwb",
            "clzero",
            "cmov",
            "cmp_legacy",
            "constant_tsc",
            "cpuid",
            "cr8_legacy",
            "cx16",
            "cx8",
            "de",
            "extd_apicid",
            "f16c",
            "fma",
            "fpu",
            "fsgsbase",
            "fxsr",
            "fxsr_opt",
            "ht",
            "hypervisor",
            "ibpb",
            "ibrs",
            "lahf_lm",
            "lm",
            "mca",
            "mce",
            "misalignsse",
            "mmx",
            "mmxext",
            "movbe",
            "msr",
            "mtrr",
            "nonstop_tsc",
            "nopl",
            "nx",
            "osvw",
            "pae",
            "pat",
            "pclmulqdq",
            "pdpe1gb",
            "pge",
            "pni",
            "popcnt",
            "pse",
            "pse36",
            "rdpid",
            "rdrand",
            "rdseed",
            "rdtscp",
            "rep_good",
            "sep",
            "sha_ni",
            "smap",
            "smep",
            "ssbd",
            "sse",
            "sse2",
            "sse4_1",
            "sse4_2",
            "sse4a",
            "ssse3",
            "stibp",
            "syscall",
            "topoext",
            "tsc",
            "tsc_adjust",
            "tsc_known_freq",
            "umip",
            "vme",
            "vmmcall",
            "x2apic",
            "xgetbv1",
            "xsave",
            "xsavec",
            "xsaveerptr",
            "xsaveopt",
            "xtopology"
          ],
          "14": [
            "3dnowprefetch",
            "abm",
            "adx",
            "aes",
            "apic",
            "arat",
            "avx",
            "avx2",
            "bmi1",
            "bmi2",
            "clflush",
            "clflushopt",
            "clwb",
            "clzero",
            "cmov",
            "cmp_legacy",
            "constant_tsc",
            "cpuid",
            "cr8_legacy",
            "cx16",
            "cx8",
            "de",
            "extd_apicid",
            "f16c",
            "fma",
            "fpu",
            "fsgsbase",
            "fxsr",
            "fxsr_opt",
            "ht",
            "hypervisor",
            "ibpb",
            "ibrs",
            "lahf_lm",
            "lm",
            "mca",
            "mce",
            "misalignsse",
            "mmx",
            "mmxext",
            "movbe",
            "msr",
            "mtrr",
            "nonstop_tsc",
            "nopl",
            "nx",
            "osvw",
            "pae",
            "pat",
            "pclmulqdq",
            "pdpe1gb",
            "pge",
            "pni",
            "popcnt",
            "pse",
            "pse36",
            "rdpid",
            "rdrand",
            "rdseed",
            "rdtscp",
            "rep_good",
            "sep",
            "sha_ni",
            "smap",
            "smep",
            "ssbd",
            "sse",
            "sse2",
            "sse4_1",
            "sse4_2",
            "sse4a",
            "ssse3",
            "stibp",
            "syscall",
            "topoext",
            "tsc",
            "tsc_adjust",
            "tsc_known_freq",
            "umip",
            "vme",
            "vmmcall",
            "x2apic",
            "xgetbv1",
            "xsave",
            "xsavec",
            "xsaveerptr",
            "xsaveopt",
            "xtopology"
          ],
          "15": [
            "3dnowprefetch",
            "abm",
            "adx",
            "aes",
            "apic",
            "arat",
            "avx",
            "avx2",
            "bmi1",
            "bmi2",
            "clflush",
            "clflushopt",
            "clwb",
            "clzero",
            "cmov",
            "cmp_legacy",
            "constant_tsc",
            "cpuid",
            "cr8_legacy",
            "cx16",
            "cx8",
            "de",
            "extd_apicid",
            "f16c",
            "fma",
            "fpu",
            "fsgsbase",
            "fxsr",
            "fxsr_opt",
            "ht",
            "hypervisor",
            "ibpb",
            "ibrs",
            "lahf_lm",
            "lm",
            "mca",
            "mce",
            "misalignsse",
            "mmx",
            "mmxext",
            "movbe",
            "msr",
            "mtrr",
            "nonstop_tsc",
            "nopl",
            "nx",
            "osvw",
            "pae",
            "pat",
            "pclmulqdq",
            "pdpe1gb",
            "pge",
            "pni",
            "popcnt",
            "pse",
            "pse36",
            "rdpid",
            "rdrand",
            "rdseed",
            "rdtscp",
            "rep_good",
            "sep",
            "sha_ni",
            "smap",
            "smep",
            "ssbd",
            "sse",
            "sse2",
            "sse4_1",
            "sse4_2",
            "sse4a",
            "ssse3",
            "stibp",
            "syscall",
            "topoext",
            "tsc",
            "tsc_adjust",
            "tsc_known_freq",
            "umip",
            "vme",
            "vmmcall",
            "x2apic",
            "xgetbv1",
            "xsave",
            "xsavec",
            "xsaveerptr",
            "xsaveopt",
            "xtopology"
          ],
          "16": [
            "3dnowprefetch",
            "abm",
            "adx",
            "aes",
            "apic",
            "arat",
            "avx",
            "avx2",
            "bmi1",
            "bmi2",
            "clflush",
            "clflushopt",
            "clwb",
            "clzero",
            "cmov",
            "cmp_legacy",
            "constant_tsc",
            "cpuid",
            "cr8_legacy",
            "cx16",
            "cx8",
            "de",
            "extd_apicid",
            "f16c",
            "fma",
            "fpu",
            "fsgsbase",
            "fxsr",
            "fxsr_opt",
            "ht",
            "hypervisor",
            "ibpb",
            "ibrs",
            "lahf_lm",
            "lm",
            "mca",
            "mce",
            "misalignsse",
            "mmx",
            "mmxext",
            "movbe",
            "msr",
            "mtrr",
            "nonstop_tsc",
            "nopl",
            "nx",
            "osvw",
            "pae",
            "pat",
            "pclmulqdq",
            "pdpe1gb",
            "pge",
            "pni",
            "popcnt",
            "pse",
            "pse36",
            "rdpid",
            "rdrand",
            "rdseed",
            "rdtscp",
            "rep_good",
            "sep",
            "sha_ni",
            "smap",
            "smep",
            "ssbd",
            "sse",
            "sse2",
            "sse4_1",
            "sse4_2",
            "sse4a",
            "ssse3",
            "stibp",
            "syscall",
            "topoext",
            "tsc",
            "tsc_adjust",
            "tsc_known_freq",
            "umip",
            "vme",
            "vmmcall",
            "x2apic",
            "xgetbv1",
            "xsave",
            "xsavec",
            "xsaveerptr",
            "xsaveopt",
            "xtopology"
          ],
          "17": [
            "3dnowprefetch",
            "abm",
            "adx",
            "aes",
            "apic",
            "arat",
            "avx",
            "avx2",
            "bmi1",
            "bmi2",
            "clflush",
            "clflushopt",
            "clwb",
            "clzero",
            "cmov",
            "cmp_legacy",
            "constant_tsc",
            "cpuid",
            "cr8_legacy",
            "cx16",
            "cx8",
            "de",
            "extd_apicid",
            "f16c",
            "fma",
            "fpu",
            "fsgsbase",
            "fxsr",
            "fxsr_opt",
            "ht",
            "hypervisor",
            "ibpb",
            "ibrs",
            "lahf_lm",
            "lm",
            "mca",
            "mce",
            "misalignsse",
            "mmx",
            "mmxext",
            "movbe",
            "msr",
            "mtrr",
            "nonstop_tsc",
            "nopl",
            "nx",
            "osvw",
            "pae",
            "pat",
            "pclmulqdq",
            "pdpe1gb",
            "pge",
            "pni",
            "popcnt",
            "pse",
            "pse36",
            "rdpid",
            "rdrand",
            "rdseed",
            "rdtscp",
            "rep_good",
            "sep",
            "sha_ni",
            "smap",
            "smep",
            "ssbd",
            "sse",
            "sse2",
            "sse4_1",
            "sse4_2",
            "sse4a",
            "ssse3",
            "stibp",
            "syscall",
            "topoext",
            "tsc",
            "tsc_adjust",
            "tsc_known_freq",
            "umip",
            "vme",
            "vmmcall",
            "x2apic",
            "xgetbv1",
            "xsave",
            "xsavec",
            "xsaveerptr",
            "xsaveopt",
            "xtopology"
          ],
          "18": [
            "3dnowprefetch",
            "abm",
            "adx",
            "aes",
            "apic",
            "arat",
            "avx",
            "avx2",
            "bmi1",
            "bmi2",
            "clflush",
            "clflushopt",
            "clwb",
            "clzero",
            "cmov",
            "cmp_legacy",
            "constant_tsc",
            "cpuid",
            "cr8_legacy",
            "cx16",
            "cx8",
            "de",
            "extd_apicid",
            "f16c",
            "fma",
            "fpu",
            "fsgsbase",
            "fxsr",
            "fxsr_opt",
            "ht",
            "hypervisor",
            "ibpb",
            "ibrs",
            "lahf_lm",
            "lm",
            "mca",
            "mce",
            "misalignsse",
            "mmx",
            "mmxext",
            "movbe",
            "msr",
            "mtrr",
            "nonstop_tsc",
            "nopl",
            "nx",
            "osvw",
            "pae",
            "pat",
            "pclmulqdq",
            "pdpe1gb",
            "pge",
            "pni",
            "popcnt",
            "pse",
            "pse36",
            "rdpid",
            "rdrand",
            "rdseed",
            "rdtscp",
            "rep_good",
            "sep",
            "sha_ni",
            "smap",
            "smep",
            "ssbd",
            "sse",
            "sse2",
            "sse4_1",
            "sse4_2",
            "sse4a",
            "ssse3",
            "stibp",
            "syscall",
            "topoext",
            "tsc",
            "tsc_adjust",
            "tsc_known_freq",
            "umip",
            "vme",
            "vmmcall",
            "x2apic",
            "xgetbv1",
            "xsave",
            "xsavec",
            "xsaveerptr",
            "xsaveopt",
            "xtopology"
          ],
          "19": [
            "3dnowprefetch",
            "abm",
            "adx",
            "aes",
            "apic",
            "arat",
            "avx",
            "avx2",
            "bmi1",
            "bmi2",
            "clflush",
            "clflushopt",
            "clwb",
            "clzero",
            "cmov",
            "cmp_legacy",
            "constant_tsc",
            "cpuid",
            "cr8_legacy",
            "cx16",
            "cx8",
            "de",
            "extd_apicid",
            "f16c",
            "fma",
            "fpu",
            "fsgsbase",
            "fxsr",
            "fxsr_opt",
            "ht",
            "hypervisor",
            "ibpb",
            "ibrs",
            "lahf_lm",
            "lm",
            "mca",
            "mce",
            "misalignsse",
            "mmx",
            "mmxext",
            "movbe",
            "msr",
            "mtrr",
            "nonstop_tsc",
            "nopl",
            "nx",
            "osvw",
            "pae",
            "pat",
            "pclmulqdq",
            "pdpe1gb",
            "pge",
            "pni",
            "popcnt",
            "pse",
            "pse36",
            "rdpid",
            "rdrand",
            "rdseed",
            "rdtscp",
            "rep_good",
            "sep",
            "sha_ni",
            "smap",
            "smep",
            "ssbd",
            "sse",
            "sse2",
            "sse4_1",
            "sse4_2",
            "sse4a",
            "ssse3",
            "stibp",
            "syscall",
            "topoext",
            "tsc",
            "tsc_adjust",
            "tsc_known_freq",
            "umip",
            "vme",
            "vmmcall",
            "x2apic",
            "xgetbv1",
            "xsave",
            "xsavec",
            "xsaveerptr",
            "xsaveopt",
            "xtopology"
          ],
          "2": [
            "3dnowprefetch",
            "abm",
            "adx",
            "aes",
            "apic",
            "arat",
            "avx",
            "avx2",
            "bmi1",
            "bmi2",
            "clflush",
            "clflushopt",
            "clwb",
            "clzero",
            "cmov",
            "cmp_legacy",
            "constant_tsc",
            "cpuid",
            "cr8_legacy",
            "cx16",
            "cx8",
            "de",
            "extd_apicid",
            "f16c",
            "fma",
            "fpu",
            "fsgsbase",
            "fxsr",
            "fxsr_opt",
            "ht",
            "hypervisor",
            "ibpb",
            "ibrs",
            "lahf_lm",
            "lm",
            "mca",
            "mce",
            "misalignsse",
            "mmx",
            "mmxext",
            "movbe",
            "msr",
            "mtrr",
            "nonstop_tsc",
            "nopl",
            "nx",
            "osvw",
            "pae",
            "pat",
            "pclmulqdq",
            "pdpe1gb",
            "pge",
            "pni",
            "popcnt",
            "pse",
            "pse36",
            "rdpid",
            "rdrand",
            "rdseed",
            "rdtscp",
            "rep_good",
            "sep",
            "sha_ni",
            "smap",
            "smep",
            "ssbd",
            "sse",
            "sse2",
            "sse4_1",
            "sse4_2",
            "sse4a",
            "ssse3",
            "stibp",
            "syscall",
            "topoext",
            "tsc",
            "tsc_adjust",
            "tsc_known_freq",
            "umip",
            "vme",
            "vmmcall",
            "x2apic",
            "xgetbv1",
            "xsave",
            "xsavec",
            "xsaveerptr",
            "xsaveopt",
            "xtopology"
          ],
          "20": [
            "3dnowprefetch",
            "abm",
            "adx",
            "aes",
            "apic",
            "arat",
            "avx",
            "avx2",
            "bmi1",
            "bmi2",
            "clflush",
            "clflushopt",
            "clwb",
            "clzero",
            "cmov",
            "cmp_legacy",
            "constant_tsc",
            "cpuid",
            "cr8_legacy",
            "cx16",
            "cx8",
            "de",
            "extd_apicid",
            "f16c",
            "fma",
            "fpu",
            "fsgsbase",
            "fxsr",
            "fxsr_opt",
            "ht",
            "hypervisor",
            "ibpb",
            "ibrs",
            "lahf_lm",
            "lm",
            "mca",
            "mce",
            "misalignsse",
            "mmx",
            "mmxext",
            "movbe",
            "msr",
            "mtrr",
            "nonstop_tsc",
            "nopl",
            "nx",
            "osvw",
            "pae",
            "pat",
            "pclmulqdq",
            "pdpe1gb",
            "pge",
            "pni",
            "popcnt",
            "pse",
            "pse36",
            "rdpid",
            "rdrand",
            "rdseed",
            "rdtscp",
            "rep_good",
            "sep",
            "sha_ni",
            "smap",
            "smep",
            "ssbd",
            "sse",
            "sse2",
            "sse4_1",
            "sse4_2",
            "sse4a",
            "ssse3",
            "stibp",
            "syscall",
            "topoext",
            "tsc",
            "tsc_adjust",
            "tsc_known_freq",
            "umip",
            "vme",
            "vmmcall",
            "x2apic",
            "xgetbv1",
            "xsave",
            "xsavec",
            "xsaveerptr",
            "xsaveopt",
            "xtopology"
          ],
          "21": [
            "3dnowprefetch",
            "abm",
            "adx",
            "aes",
            "apic",
            "arat",
            "avx",
            "avx2",
            "bmi1",
            "bmi2",
            "clflush",
            "clflushopt",
            "clwb",
            "clzero",
            "cmov",
            "cmp_legacy",
            "constant_tsc",
            "cpuid",
            "cr8_legacy",
            "cx16",
            "cx8",
            "de",
            "extd_apicid",
            "f16c",
            "fma",
            "fpu",
            "fsgsbase",
            "fxsr",
            "fxsr_opt",
            "ht",
            "hypervisor",
            "ibpb",
            "ibrs",
            "lahf_lm",
            "lm",
            "mca",
            "mce",
            "misalignsse",
            "mmx",
            "mmxext",
            "movbe",
            "msr",
            "mtrr",
            "nonstop_tsc",
            "nopl",
            "nx",
            "osvw",
            "pae",
            "pat",
            "pclmulqdq",
            "pdpe1gb",
            "pge",
            "pni",
            "popcnt",
            "pse",
            "pse36",
            "rdpid",
            "rdrand",
            "rdseed",
            "rdtscp",
            "rep_good",
            "sep",
            "sha_ni",
            "smap",
            "smep",
            "ssbd",
            "sse",
            "sse2",
            "sse4_1",
            "sse4_2",
            "sse4a",
            "ssse3",
            "stibp",
            "syscall",
            "topoext",
            "tsc",
            "tsc_adjust",
            "tsc_known_freq",
            "umip",
            "vme",
            "vmmcall",
            "x2apic",
            "xgetbv1",
            "xsave",
            "xsavec",
            "xsaveerptr",
            "xsaveopt",
            "xtopology"
          ],
          "22": [
            "3dnowprefetch",
            "abm",
            "adx",
            "aes",
            "apic",
            "arat",
            "avx",
            "avx2",
            "bmi1",
            "bmi2",
            "clflush",
            "clflushopt",
            "clwb",
            "clzero",
            "cmov",
            "cmp_legacy",
            "constant_tsc",
            "cpuid",
            "cr8_legacy",
            "cx16",
            "cx8",
            "de",
            "extd_apicid",
            "f16c",
            "fma",
            "fpu",
            "fsgsbase",
            "fxsr",
            "fxsr_opt",
            "ht",
            "hypervisor",
            "ibpb",
            "ibrs",
            "lahf_lm",
            "lm",
            "mca",
            "mce",
            "misalignsse",
            "mmx",
            "mmxext",
            "movbe",
            "msr",
            "mtrr",
            "nonstop_tsc",
            "nopl",
            "nx",
            "osvw",
            "pae",
            "pat",
            "pclmulqdq",
            "pdpe1gb",
            "pge",
            "pni",
            "popcnt",
            "pse",
            "pse36",
            "rdpid",
            "rdrand",
            "rdseed",
            "rdtscp",
            "rep_good",
            "sep",
            "sha_ni",
            "smap",
            "smep",
            "ssbd",
            "sse",
            "sse2",
            "sse4_1",
            "sse4_2",
            "sse4a",
            "ssse3",
            "stibp",
            "syscall",
            "topoext",
            "tsc",
            "tsc_adjust",
            "tsc_known_freq",
            "umip",
            "vme",
            "vmmcall",
            "x2apic",
            "xgetbv1",
            "xsave",
            "xsavec",
            "xsaveerptr",
            "xsaveopt",
            "xtopology"
          ],
          "23": [
            "3dnowprefetch",
            "abm",
            "adx",
            "aes",
            "apic",
            "arat",
            "avx",
            "avx2",
            "bmi1",
            "bmi2",
            "clflush",
            "clflushopt",
            "clwb",
            "clzero",
            "cmov",
            "cmp_legacy",
            "constant_tsc",
            "cpuid",
            "cr8_legacy",
            "cx16",
            "cx8",
            "de",
            "extd_apicid",
            "f16c",
            "fma",
            "fpu",
            "fsgsbase",
            "fxsr",
            "fxsr_opt",
            "ht",
            "hypervisor",
            "ibpb",
            "ibrs",
            "lahf_lm",
            "lm",
            "mca",
            "mce",
            "misalignsse",
            "mmx",
            "mmxext",
            "movbe",
            "msr",
            "mtrr",
            "nonstop_tsc",
            "nopl",
            "nx",
            "osvw",
            "pae",
            "pat",
            "pclmulqdq",
            "pdpe1gb",
            "pge",
            "pni",
            "popcnt",
            "pse",
            "pse36",
            "rdpid",
            "rdrand",
            "rdseed",
            "rdtscp",
            "rep_good",
            "sep",
            "sha_ni",
            "smap",
            "smep",
            "ssbd",
            "sse",
            "sse2",
            "sse4_1",
            "sse4_2",
            "sse4a",
            "ssse3",
            "stibp",
            "syscall",
            "topoext",
            "tsc",
            "tsc_adjust",
            "tsc_known_freq",
            "umip",
            "vme",
            "vmmcall",
            "x2apic",
            "xgetbv1",
            "xsave",
            "xsavec",
            "xsaveerptr",
            "xsaveopt",
            "xtopology"
          ],
          "24": [
            "3dnowprefetch",
            "abm",
            "adx",
            "aes",
            "apic",
            "arat",
            "avx",
            "avx2",
            "bmi1",
            "bmi2",
            "clflush",
            "clflushopt",
            "clwb",
            "clzero",
            "cmov",
            "cmp_legacy",
            "constant_tsc",
            "cpuid",
            "cr8_legacy",
            "cx16",
            "cx8",
            "de",
            "extd_apicid",
            "f16c",
            "fma",
            "fpu",
            "fsgsbase",
            "fxsr",
            "fxsr_opt",
            "ht",
            "hypervisor",
            "ibpb",
            "ibrs",
            "lahf_lm",
            "lm",
            "mca",
            "mce",
            "misalignsse",
            "mmx",
            "mmxext",
            "movbe",
            "msr",
            "mtrr",
            "nonstop_tsc",
            "nopl",
            "nx",
            "osvw",
            "pae",
            "pat",
            "pclmulqdq",
            "pdpe1gb",
            "pge",
            "pni",
            "popcnt",
            "pse",
            "pse36",
            "rdpid",
            "rdrand",
            "rdseed",
            "rdtscp",
            "rep_good",
            "sep",
            "sha_ni",
            "smap",
            "smep",
            "ssbd",
            "sse",
            "sse2",
            "sse4_1",
            "sse4_2",
            "sse4a",
            "ssse3",
            "stibp",
            "syscall",
            "topoext",
            "tsc",
            "tsc_adjust",
            "tsc_known_freq",
            "umip",
            "vme",
            "vmmcall",
            "x2apic",
            "xgetbv1",
            "xsave",
            "xsavec",
            "xsaveerptr",
            "xsaveopt",
            "xtopology"
          ],
          "25": [
            "3dnowprefetch",
            "abm",
            "adx",
            "aes",
            "apic",
            "arat",
            "avx",
            "avx2",
            "bmi1",
            "bmi2",
            "clflush",
            "clflushopt",
            "clwb",
            "clzero",
            "cmov",
            "cmp_legacy",
            "constant_tsc",
            "cpuid",
            "cr8_legacy",
            "cx16",
            "cx8",
            "de",
            "extd_apicid",
            "f16c",
            "fma",
            "fpu",
            "fsgsbase",
            "fxsr",
            "fxsr_opt",
            "ht",
            "hypervisor",
            "ibpb",
            "ibrs",
            "lahf_lm",
            "lm",
            "mca",
            "mce",
            "misalignsse",
            "mmx",
            "mmxext",
            "movbe",
            "msr",
            "mtrr",
            "nonstop_tsc",
            "nopl",
            "nx",
            "osvw",
            "pae",
            "pat",
            "pclmulqdq",
            "pdpe1gb",
            "pge",
            "pni",
            "popcnt",
            "pse",
            "pse36",
            "rdpid",
            "rdrand",
            "rdseed",
            "rdtscp",
            "rep_good",
            "sep",
            "sha_ni",
            "smap",
            "smep",
            "ssbd",
            "sse",
            "sse2",
            "sse4_1",
            "sse4_2",
            "sse4a",
            "ssse3",
            "stibp",
            "syscall",
            "topoext",
            "tsc",
            "tsc_adjust",
            "tsc_known_freq",
            "umip",
            "vme",
            "vmmcall",
            "x2apic",
            "xgetbv1",
            "xsave",
            "xsavec",
            "xsaveerptr",
            "xsaveopt",
            "xtopology"
          ],
          "26": [
            "3dnowprefetch",
            "abm",
            "adx",
            "aes",
            "apic",
            "arat",
            "avx",
            "avx2",
            "bmi1",
            "bmi2",
            "clflush",
            "clflushopt",
            "clwb",
            "clzero",
            "cmov",
            "cmp_legacy",
            "constant_tsc",
            "cpuid",
            "cr8_legacy",
            "cx16",
            "cx8",
            "de",
            "extd_apicid",
            "f16c",
            "fma",
            "fpu",
            "fsgsbase",
            "fxsr",
            "fxsr_opt",
            "ht",
            "hypervisor",
            "ibpb",
            "ibrs",
            "lahf_lm",
            "lm",
            "mca",
            "mce",
            "misalignsse",
            "mmx",
            "mmxext",
            "movbe",
            "msr",
            "mtrr",
            "nonstop_tsc",
            "nopl",
            "nx",
            "osvw",
            "pae",
            "pat",
            "pclmulqdq",
            "pdpe1gb",
            "pge",
            "pni",
            "popcnt",
            "pse",
            "pse36",
            "rdpid",
            "rdrand",
            "rdseed",
            "rdtscp",
            "rep_good",
            "sep",
            "sha_ni",
            "smap",
            "smep",
            "ssbd",
            "sse",
            "sse2",
            "sse4_1",
            "sse4_2",
            "sse4a",
            "ssse3",
            "stibp",
            "syscall",
            "topoext",
            "tsc",
            "tsc_adjust",
            "tsc_known_freq",
            "umip",
            "vme",
            "vmmcall",
            "x2apic",
            "xgetbv1",
            "xsave",
            "xsavec",
            "xsaveerptr",
            "xsaveopt",
            "xtopology"
          ],
          "27": [
            "3dnowprefetch",
            "abm",
            "adx",
            "aes",
            "apic",
            "arat",
            "avx",
            "avx2",
            "bmi1",
            "bmi2",
            "clflush",
            "clflushopt",
            "clwb",
            "clzero",
            "cmov",
            "cmp_legacy",
            "constant_tsc",
            "cpuid",
            "cr8_legacy",
            "cx16",
            "cx8",
            "de",
            "extd_apicid",
            "f16c",
            "fma",
            "fpu",
            "fsgsbase",
            "fxsr",
            "fxsr_opt",
            "ht",
            "hypervisor",
            "ibpb",
            "ibrs",
            "lahf_lm",
            "lm",
            "mca",
            "mce",
            "misalignsse",
            "mmx",
            "mmxext",
            "movbe",
            "msr",
            "mtrr",
            "nonstop_tsc",
            "nopl",
            "nx",
            "osvw",
            "pae",
            "pat",
            "pclmulqdq",
            "pdpe1gb",
            "pge",
            "pni",
            "popcnt",
            "pse",
            "pse36",
            "rdpid",
            "rdrand",
            "rdseed",
            "rdtscp",
            "rep_good",
            "sep",
            "sha_ni",
            "smap",
            "smep",
            "ssbd",
            "sse",
            "sse2",
            "sse4_1",
            "sse4_2",
            "sse4a",
            "ssse3",
            "stibp",
            "syscall",
            "topoext",
            "tsc",
            "tsc_adjust",
            "tsc_known_freq",
            "umip",
            "vme",
            "vmmcall",
            "x2apic",
            "xgetbv1",
            "xsave",
            "xsavec",
            "xsaveerptr",
            "xsaveopt",
            "xtopology"
          ],
          "28": [
            "3dnowprefetch",
            "abm",
            "adx",
            "aes",
            "apic",
            "arat",
            "avx",
            "avx2",
            "bmi1",
            "bmi2",
            "clflush",
            "clflushopt",
            "clwb",
            "clzero",
            "cmov",
            "cmp_legacy",
            "constant_tsc",
            "cpuid",
            "cr8_legacy",
            "cx16",
            "cx8",
            "de",
            "extd_apicid",
            "f16c",
            "fma",
            "fpu",
            "fsgsbase",
            "fxsr",
            "fxsr_opt",
            "ht",
            "hypervisor",
            "ibpb",
            "ibrs",
            "lahf_lm",
            "lm",
            "mca",
            "mce",
            "misalignsse",
            "mmx",
            "mmxext",
            "movbe",
            "msr",
            "mtrr",
            "nonstop_tsc",
            "nopl",
            "nx",
            "osvw",
            "pae",
            "pat",
            "pclmulqdq",
            "pdpe1gb",
            "pge",
            "pni",
            "popcnt",
            "pse",
            "pse36",
            "rdpid",
            "rdrand",
            "rdseed",
            "rdtscp",
            "rep_good",
            "sep",
            "sha_ni",
            "smap",
            "smep",
            "ssbd",
            "sse",
            "sse2",
            "sse4_1",
            "sse4_2",
            "sse4a",
            "ssse3",
            "stibp",
            "syscall",
            "topoext",
            "tsc",
            "tsc_adjust",
            "tsc_known_freq",
            "umip",
            "vme",
            "vmmcall",
            "x2apic",
            "xgetbv1",
            "xsave",
            "xsavec",
            "xsaveerptr",
            "xsaveopt",
            "xtopology"
          ],
          "29": [
            "3dnowprefetch",
            "abm",
            "adx",
            "aes",
            "apic",
            "arat",
            "avx",
            "avx2",
            "bmi1",
            "bmi2",
            "clflush",
            "clflushopt",
            "clwb",
            "clzero",
            "cmov",
            "cmp_legacy",
            "constant_tsc",
            "cpuid",
            "cr8_legacy",
            "cx16",
            "cx8",
            "de",
            "extd_apicid",
            "f16c",
            "fma",
            "fpu",
            "fsgsbase",
            "fxsr",
            "fxsr_opt",
            "ht",
            "hypervisor",
            "ibpb",
            "ibrs",
            "lahf_lm",
            "lm",
            "mca",
            "mce",
            "misalignsse",
            "mmx",
            "mmxext",
            "movbe",
            "msr",
            "mtrr",
            "nonstop_tsc",
            "nopl",
            "nx",
            "osvw",
            "pae",
            "pat",
            "pclmulqdq",
            "pdpe1gb",
            "pge",
            "pni",
            "popcnt",
            "pse",
            "pse36",
            "rdpid",
            "rdrand",
            "rdseed",
            "rdtscp",
            "rep_good",
            "sep",
            "sha_ni",
            "smap",
            "smep",
            "ssbd",
            "sse",
            "sse2",
            "sse4_1",
            "sse4_2",
            "sse4a",
            "ssse3",
            "stibp",
            "syscall",
            "topoext",
            "tsc",
            "tsc_adjust",
            "tsc_known_freq",
            "umip",
            "vme",
            "vmmcall",
            "x2apic",
            "xgetbv1",
            "xsave",
            "xsavec",
            "xsaveerptr",
            "xsaveopt",
            "xtopology"
          ],
          "3": [
            "3dnowprefetch",
            "abm",
            "adx",
            "aes",
            "apic",
            "arat",
            "avx",
            "avx2",
            "bmi1",
            "bmi2",
            "clflush",
            "clflushopt",
            "clwb",
            "clzero",
            "cmov",
            "cmp_legacy",
            "constant_tsc",
            "cpuid",
            "cr8_legacy",
            "cx16",
            "cx8",
            "de",
            "extd_apicid",
            "f16c",
            "fma",
            "fpu",
            "fsgsbase",
            "fxsr",
            "fxsr_opt",
            "ht",
            "hypervisor",
            "ibpb",
            "ibrs",
            "lahf_lm",
            "lm",
            "mca",
            "mce",
            "misalignsse",
            "mmx",
            "mmxext",
            "movbe",
            "msr",
            "mtrr",
            "nonstop_tsc",
            "nopl",
            "nx",
            "osvw",
            "pae",
            "pat",
            "pclmulqdq",
            "pdpe1gb",
            "pge",
            "pni",
            "popcnt",
            "pse",
            "pse36",
            "rdpid",
            "rdrand",
            "rdseed",
            "rdtscp",
            "rep_good",
            "sep",
            "sha_ni",
            "smap",
            "smep",
            "ssbd",
            "sse",
            "sse2",
            "sse4_1",
            "sse4_2",
            "sse4a",
            "ssse3",
            "stibp",
            "syscall",
            "topoext",
            "tsc",
            "tsc_adjust",
            "tsc_known_freq",
            "umip",
            "vme",
            "vmmcall",
            "x2apic",
            "xgetbv1",
            "xsave",
            "xsavec",
            "xsaveerptr",
            "xsaveopt",
            "xtopology"
          ],
          "30": [
            "3dnowprefetch",
            "abm",
            "adx",
            "aes",
            "apic",
            "arat",
            "avx",
            "avx2",
            "bmi1",
            "bmi2",
            "clflush",
            "clflushopt",
            "clwb",
            "clzero",
            "cmov",
            "cmp_legacy",
            "constant_tsc",
            "cpuid",
            "cr8_legacy",
            "cx16",
            "cx8",
            "de",
            "extd_apicid",
            "f16c",
            "fma",
            "fpu",
            "fsgsbase",
            "fxsr",
            "fxsr_opt",
            "ht",
            "hypervisor",
            "ibpb",
            "ibrs",
            "lahf_lm",
            "lm",
            "mca",
            "mce",
            "misalignsse",
            "mmx",
            "mmxext",
            "movbe",
            "msr",
            "mtrr",
            "nonstop_tsc",
            "nopl",
            "nx",
            "osvw",
            "pae",
            "pat",
            "pclmulqdq",
            "pdpe1gb",
            "pge",
            "pni",
            "popcnt",
            "pse",
            "pse36",
            "rdpid",
            "rdrand",
            "rdseed",
            "rdtscp",
            "rep_good",
            "sep",
            "sha_ni",
            "smap",
            "smep",
            "ssbd",
            "sse",
            "sse2",
            "sse4_1",
            "sse4_2",
            "sse4a",
            "ssse3",
            "stibp",
            "syscall",
            "topoext",
            "tsc",
            "tsc_adjust",
            "tsc_known_freq",
            "umip",
            "vme",
            "vmmcall",
            "x2apic",
            "xgetbv1",
            "xsave",
            "xsavec",
            "xsaveerptr",
            "xsaveopt",
            "xtopology"
          ],
          "31": [
            "3dnowprefetch",
            "abm",
            "adx",
            "aes",
            "apic",
            "arat",
            "avx",
            "avx2",
            "bmi1",
            "bmi2",
            "clflush",
            "clflushopt",
            "clwb",
            "clzero",
            "cmov",
            "cmp_legacy",
            "constant_tsc",
            "cpuid",
            "cr8_legacy",
            "cx16",
            "cx8",
            "de",
            "extd_apicid",
            "f16c",
            "fma",
            "fpu",
            "fsgsbase",
            "fxsr",
            "fxsr_opt",
            "ht",
            "hypervisor",
            "ibpb",
            "ibrs",
            "lahf_lm",
            "lm",
            "mca",
            "mce",
            "misalignsse",
            "mmx",
            "mmxext",
            "movbe",
            "msr",
            "mtrr",
            "nonstop_tsc",
            "nopl",
            "nx",
            "osvw",
            "pae",
            "pat",
            "pclmulqdq",
            "pdpe1gb",
            "pge",
            "pni",
            "popcnt",
            "pse",
            "pse36",
            "rdpid",
            "rdrand",
            "rdseed",
            "rdtscp",
            "rep_good",
            "sep",
            "sha_ni",
            "smap",
            "smep",
            "ssbd",
            "sse",
            "sse2",
            "sse4_1",
            "sse4_2",
            "sse4a",
            "ssse3",
            "stibp",
            "syscall",
            "topoext",
            "tsc",
            "tsc_adjust",
            "tsc_known_freq",
            "umip",
            "vme",
            "vmmcall",
            "x2apic",
            "xgetbv1",
            "xsave",
            "xsavec",
            "xsaveerptr",
            "xsaveopt",
            "xtopology"
          ],
          "4": [
            "3dnowprefetch",
            "abm",
            "adx",
            "aes",
            "apic",
            "arat",
            "avx",
            "avx2",
            "bmi1",
            "bmi2",
            "clflush",
            "clflushopt",
            "clwb",
            "clzero",
            "cmov",
            "cmp_legacy",
            "constant_tsc",
            "cpuid",
            "cr8_legacy",
            "cx16",
            "cx8",
            "de",
            "extd_apicid",
            "f16c",
            "fma",
            "fpu",
            "fsgsbase",
            "fxsr",
            "fxsr_opt",
            "ht",
            "hypervisor",
            "ibpb",
            "ibrs",
            "lahf_lm",
            "lm",
            "mca",
            "mce",
            "misalignsse",
            "mmx",
            "mmxext",
            "movbe",
            "msr",
            "mtrr",
            "nonstop_tsc",
            "nopl",
            "nx",
            "osvw",
            "pae",
            "pat",
            "pclmulqdq",
            "pdpe1gb",
            "pge",
            "pni",
            "popcnt",
            "pse",
            "pse36",
            "rdpid",
            "rdrand",
            "rdseed",
            "rdtscp",
            "rep_good",
            "sep",
            "sha_ni",
            "smap",
            "smep",
            "ssbd",
            "sse",
            "sse2",
            "sse4_1",
            "sse4_2",
            "sse4a",
            "ssse3",
            "stibp",
            "syscall",
            "topoext",
            "tsc",
            "tsc_adjust",
            "tsc_known_freq",
            "umip",
            "vme",
            "vmmcall",
            "x2apic",
            "xgetbv1",
            "xsave",
            "xsavec",
            "xsaveerptr",
            "xsaveopt",
            "xtopology"
          ],
          "5": [
            "3dnowprefetch",
            "abm",
            "adx",
            "aes",
            "apic",
            "arat",
            "avx",
            "avx2",
            "bmi1",
            "bmi2",
            "clflush",
            "clflushopt",
            "clwb",
            "clzero",
            "cmov",
            "cmp_legacy",
            "constant_tsc",
            "cpuid",
            "cr8_legacy",
            "cx16",
            "cx8",
            "de",
            "extd_apicid",
            "f16c",
            "fma",
            "fpu",
            "fsgsbase",
            "fxsr",
            "fxsr_opt",
            "ht",
            "hypervisor",
            "ibpb",
            "ibrs",
            "lahf_lm",
            "lm",
            "mca",
            "mce",
            "misalignsse",
            "mmx",
            "mmxext",
            "movbe",
            "msr",
            "mtrr",
            "nonstop_tsc",
            "nopl",
            "nx",
            "osvw",
            "pae",
            "pat",
            "pclmulqdq",
            "pdpe1gb",
            "pge",
            "pni",
            "popcnt",
            "pse",
            "pse36",
            "rdpid",
            "rdrand",
            "rdseed",
            "rdtscp",
            "rep_good",
            "sep",
            "sha_ni",
            "smap",
            "smep",
            "ssbd",
            "sse",
            "sse2",
            "sse4_1",
            "sse4_2",
            "sse4a",
            "ssse3",
            "stibp",
            "syscall",
            "topoext",
            "tsc",
            "tsc_adjust",
            "tsc_known_freq",
            "umip",
            "vme",
            "vmmcall",
            "x2apic",
            "xgetbv1",
            "xsave",
            "xsavec",
            "xsaveerptr",
            "xsaveopt",
            "xtopology"
          ],
          "6": [
            "3dnowprefetch",
            "abm",
            "adx",
            "aes",
            "apic",
            "arat",
            "avx",
            "avx2",
            "bmi1",
            "bmi2",
            "clflush",
            "clflushopt",
            "clwb",
            "clzero",
            "cmov",
            "cmp_legacy",
            "constant_tsc",
            "cpuid",
            "cr8_legacy",
            "cx16",
            "cx8",
            "de",
            "extd_apicid",
            "f16c",
            "fma",
            "fpu",
            "fsgsbase",
            "fxsr",
            "fxsr_opt",
            "ht",
            "hypervisor",
            "ibpb",
            "ibrs",
            "lahf_lm",
            "lm",
            "mca",
            "mce",
            "misalignsse",
            "mmx",
            "mmxext",
            "movbe",
            "msr",
            "mtrr",
            "nonstop_tsc",
            "nopl",
            "nx",
            "osvw",
            "pae",
            "pat",
            "pclmulqdq",
            "pdpe1gb",
            "pge",
            "pni",
            "popcnt",
            "pse",
            "pse36",
            "rdpid",
            "rdrand",
            "rdseed",
            "rdtscp",
            "rep_good",
            "sep",
            "sha_ni",
            "smap",
            "smep",
            "ssbd",
            "sse",
            "sse2",
            "sse4_1",
            "sse4_2",
            "sse4a",
            "ssse3",
            "stibp",
            "syscall",
            "topoext",
            "tsc",
            "tsc_adjust",
            "tsc_known_freq",
            "umip",
            "vme",
            "vmmcall",
            "x2apic",
            "xgetbv1",
            "xsave",
            "xsavec",
            "xsaveerptr",
            "xsaveopt",
            "xtopology"
          ],
          "7": [
            "3dnowprefetch",
            "abm",
            "adx",
            "aes",
            "apic",
            "arat",
            "avx",
            "avx2",
            "bmi1",
            "bmi2",
            "clflush",
            "clflushopt",
            "clwb",
            "clzero",
            "cmov",
            "cmp_legacy",
            "constant_tsc",
            "cpuid",
            "cr8_legacy",
            "cx16",
            "cx8",
            "de",
            "extd_apicid",
            "f16c",
            "fma",
            "fpu",
            "fsgsbase",
            "fxsr",
            "fxsr_opt",
            "ht",
            "hypervisor",
            "ibpb",
            "ibrs",
            "lahf_lm",
            "lm",
            "mca",
            "mce",
            "misalignsse",
            "mmx",
            "mmxext",
            "movbe",
            "msr",
            "mtrr",
            "nonstop_tsc",
            "nopl",
            "nx",
            "osvw",
            "pae",
            "pat",
            "pclmulqdq",
            "pdpe1gb",
            "pge",
            "pni",
            "popcnt",
            "pse",
            "pse36",
            "rdpid",
            "rdrand",
            "rdseed",
            "rdtscp",
            "rep_good",
            "sep",
            "sha_ni",
            "smap",
            "smep",
            "ssbd",
            "sse",
            "sse2",
            "sse4_1",
            "sse4_2",
            "sse4a",
            "ssse3",
            "stibp",
            "syscall",
            "topoext",
            "tsc",
            "tsc_adjust",
            "tsc_known_freq",
            "umip",
            "vme",
            "vmmcall",
            "x2apic",
            "xgetbv1",
            "xsave",
            "xsavec",
            "xsaveerptr",
            "xsaveopt",
            "xtopology"
          ],
          "8": [
            "3dnowprefetch",
            "abm",
            "adx",
            "aes",
            "apic",
            "arat",
            "avx",
            "avx2",
            "bmi1",
            "bmi2",
            "clflush",
            "clflushopt",
            "clwb",
            "clzero",
            "cmov",
            "cmp_legacy",
            "constant_tsc",
            "cpuid",
            "cr8_legacy",
            "cx16",
            "cx8",
            "de",
            "extd_apicid",
            "f16c",
            "fma",
            "fpu",
            "fsgsbase",
            "fxsr",
            "fxsr_opt",
            "ht",
            "hypervisor",
            "ibpb",
            "ibrs",
            "lahf_lm",
            "lm",
            "mca",
            "mce",
            "misalignsse",
            "mmx",
            "mmxext",
            "movbe",
            "msr",
            "mtrr",
            "nonstop_tsc",
            "nopl",
            "nx",
            "osvw",
            "pae",
            "pat",
            "pclmulqdq",
            "pdpe1gb",
            "pge",
            "pni",
            "popcnt",
            "pse",
            "pse36",
            "rdpid",
            "rdrand",
            "rdseed",
            "rdtscp",
            "rep_good",
            "sep",
            "sha_ni",
            "smap",
            "smep",
            "ssbd",
            "sse",
            "sse2",
            "sse4_1",
            "sse4_2",
            "sse4a",
            "ssse3",
            "stibp",
            "syscall",
            "topoext",
            "tsc",
            "tsc_adjust",
            "tsc_known_freq",
            "umip",
            "vme",
            "vmmcall",
            "x2apic",
            "xgetbv1",
            "xsave",
            "xsavec",
            "xsaveerptr",
            "xsaveopt",
            "xtopology"
          ],
          "9": [
            "3dnowprefetch",
            "abm",
            "adx",
            "aes",
            "apic",
            "arat",
            "avx",
            "avx2",
            "bmi1",
            "bmi2",
            "clflush",
            "clflushopt",
            "clwb",
            "clzero",
            "cmov",
            "cmp_legacy",
            "constant_tsc",
            "cpuid",
            "cr8_legacy",
            "cx16",
            "cx8",
            "de",
            "extd_apicid",
            "f16c",
            "fma",
            "fpu",
            "fsgsbase",
            "fxsr",
            "fxsr_opt",
            "ht",
            "hypervisor",
            "ibpb",
            "ibrs",
            "lahf_lm",
            "lm",
            "mca",
            "mce",
            "misalignsse",
            "mmx",
            "mmxext",
            "movbe",
            "msr",
            "mtrr",
            "nonstop_tsc",
            "nopl",
            "nx",
            "osvw",
            "pae",
            "pat",
            "pclmulqdq",
            "pdpe1gb",
            "pge",
            "pni",
            "popcnt",
            "pse",
            "pse36",
            "rdpid",
            "rdrand",
            "rdseed",
            "rdtscp",
            "rep_good",
            "sep",
            "sha_ni",
            "smap",
            "smep",
            "ssbd",
            "sse",
            "sse2",
            "sse4_1",
            "sse4_2",
            "sse4a",
            "ssse3",
            "stibp",
            "syscall",
            "topoext",
            "tsc",
            "tsc_adjust",
            "tsc_known_freq",
            "umip",
            "vme",
            "vmmcall",
            "x2apic",
            "xgetbv1",
            "xsave",
            "xsavec",
            "xsaveerptr",
            "xsaveopt",
            "xtopology"
          ]
        },
        "returncode": 0,
        "stderr": "",
        "stdout": "Usage: /usr/lib/x86_64-linux-gnu/ld-linux-x86-64.so.2 [OPTION]... EXECUTABLE-FILE [ARGS-FOR-PROGRAM...]\nYou have invoked 'ld.so', the program interpreter for dynamically-linked\nELF programs.  Usually, the program interpreter is invoked automatically\nwhen a dynamically-linked executable is started.\n\nYou may invoke the program interpreter program directly from the command\nline to load and run an ELF executable file; this is like executing that\nfile itself, but always uses the program interpreter you invoked,\ninstead of the program interpreter specified in the executable file you\nrun.  Invoking the program interpreter directly provides access to\nadditional diagnostics, and changing the dynamic linker behavior without\nsetting environment variables (which would be inherited by subprocesses).\n\n  --list                list all dependencies and how they are resolved\n  --verify              verify that given object really is a dynamically linked\n                        object we can handle\n  --inhibit-cache       Do not use /etc/ld.so.cache\n  --library-path PATH   use given PATH instead of content of the environment\n                        variable LD_LIBRARY_PATH\n  --glibc-hwcaps-prepend LIST\n                        search glibc-hwcaps subdirectories in LIST\n  --glibc-hwcaps-mask LIST\n                        only search built-in subdirectories if in LIST\n  --inhibit-rpath LIST  ignore RUNPATH and RPATH information in object names\n                        in LIST\n  --audit LIST          use objects named in LIST as auditors\n  --preload LIST        preload objects named in LIST\n  --argv0 STRING        set argv[0] to STRING before running\n  --list-tunables       list all tunables with minimum and maximum values\n  --list-diagnostics    list diagnostics information\n  --help                display this help and exit\n  --version             output version information and exit\n\nThis program interpreter self-identifies as: /lib64/ld-linux-x86-64.so.2\n\nShared library search path:\n  (libraries located via /etc/ld.so.cache)\n  /lib/x86_64-linux-gnu (system search path)\n  /usr/lib/x86_64-linux-gnu (system search path)\n  /lib (system search path)\n  /usr/lib (system search path)\n\nSubdirectories of glibc-hwcaps directories, in priority order:\n  x86-64-v4\n  x86-64-v3 (supported, searched)\n  x86-64-v2 (supported, searched)\n"
      }
    },
    "host_before": {
      "affinity": [
        0,
        1,
        2,
        3,
        4,
        5,
        6,
        7,
        8,
        9,
        10,
        11,
        12,
        13,
        14,
        15,
        16,
        17,
        18,
        19,
        20,
        21,
        22,
        23,
        24,
        25,
        26,
        27,
        28,
        29,
        30,
        31
      ],
      "boot_id": "972eb7c9-154b-4f69-86b9-28fde76a5774",
      "cgroup": {
        "cpu_limits": {
          "/sys/fs/cgroup/system.slice": "max 100000",
          "/sys/fs/cgroup/system.slice/solvers-r1-vm19-measure32.service": "max 100000"
        },
        "cpu_weight": "100",
        "memory_max": "12884901888",
        "swap_max": "0"
      },
      "cpu_models": [
        "AMD EPYC 7B12"
      ],
      "instance_id": "2562385330130146252",
      "logical_cpus": 32,
      "machine": "x86_64",
      "one_per_core": [
        0,
        1,
        2,
        3,
        4,
        5,
        6,
        7,
        8,
        9,
        10,
        11,
        12,
        13,
        14,
        15
      ],
      "physical_cores": 16,
      "topology": [
        {
          "core": "0",
          "cpu": 0,
          "socket": "0"
        },
        {
          "core": "1",
          "cpu": 1,
          "socket": "0"
        },
        {
          "core": "2",
          "cpu": 2,
          "socket": "0"
        },
        {
          "core": "3",
          "cpu": 3,
          "socket": "0"
        },
        {
          "core": "4",
          "cpu": 4,
          "socket": "0"
        },
        {
          "core": "5",
          "cpu": 5,
          "socket": "0"
        },
        {
          "core": "6",
          "cpu": 6,
          "socket": "0"
        },
        {
          "core": "7",
          "cpu": 7,
          "socket": "0"
        },
        {
          "core": "8",
          "cpu": 8,
          "socket": "0"
        },
        {
          "core": "9",
          "cpu": 9,
          "socket": "0"
        },
        {
          "core": "10",
          "cpu": 10,
          "socket": "0"
        },
        {
          "core": "11",
          "cpu": 11,
          "socket": "0"
        },
        {
          "core": "12",
          "cpu": 12,
          "socket": "0"
        },
        {
          "core": "13",
          "cpu": 13,
          "socket": "0"
        },
        {
          "core": "14",
          "cpu": 14,
          "socket": "0"
        },
        {
          "core": "15",
          "cpu": 15,
          "socket": "0"
        },
        {
          "core": "0",
          "cpu": 16,
          "socket": "0"
        },
        {
          "core": "1",
          "cpu": 17,
          "socket": "0"
        },
        {
          "core": "2",
          "cpu": 18,
          "socket": "0"
        },
        {
          "core": "3",
          "cpu": 19,
          "socket": "0"
        },
        {
          "core": "4",
          "cpu": 20,
          "socket": "0"
        },
        {
          "core": "5",
          "cpu": 21,
          "socket": "0"
        },
        {
          "core": "6",
          "cpu": 22,
          "socket": "0"
        },
        {
          "core": "7",
          "cpu": 23,
          "socket": "0"
        },
        {
          "core": "8",
          "cpu": 24,
          "socket": "0"
        },
        {
          "core": "9",
          "cpu": 25,
          "socket": "0"
        },
        {
          "core": "10",
          "cpu": 26,
          "socket": "0"
        },
        {
          "core": "11",
          "cpu": 27,
          "socket": "0"
        },
        {
          "core": "12",
          "cpu": 28,
          "socket": "0"
        },
        {
          "core": "13",
          "cpu": 29,
          "socket": "0"
        },
        {
          "core": "14",
          "cpu": 30,
          "socket": "0"
        },
        {
          "core": "15",
          "cpu": 31,
          "socket": "0"
        }
      ],
      "v3": {
        "argv": [
          "/usr/lib/x86_64-linux-gnu/ld-linux-x86-64.so.2",
          "--help"
        ],
        "loader": {
          "bytes": 236616,
          "path": "/usr/lib/x86_64-linux-gnu/ld-linux-x86-64.so.2",
          "sha256": "c20a2dc8917c755f02b94049356320fe1f62ac7d9f8994731f807d9df39302da"
        },
        "per_cpu_flags": {
          "0": [
            "3dnowprefetch",
            "abm",
            "adx",
            "aes",
            "apic",
            "arat",
            "avx",
            "avx2",
            "bmi1",
            "bmi2",
            "clflush",
            "clflushopt",
            "clwb",
            "clzero",
            "cmov",
            "cmp_legacy",
            "constant_tsc",
            "cpuid",
            "cr8_legacy",
            "cx16",
            "cx8",
            "de",
            "extd_apicid",
            "f16c",
            "fma",
            "fpu",
            "fsgsbase",
            "fxsr",
            "fxsr_opt",
            "ht",
            "hypervisor",
            "ibpb",
            "ibrs",
            "lahf_lm",
            "lm",
            "mca",
            "mce",
            "misalignsse",
            "mmx",
            "mmxext",
            "movbe",
            "msr",
            "mtrr",
            "nonstop_tsc",
            "nopl",
            "nx",
            "osvw",
            "pae",
            "pat",
            "pclmulqdq",
            "pdpe1gb",
            "pge",
            "pni",
            "popcnt",
            "pse",
            "pse36",
            "rdpid",
            "rdrand",
            "rdseed",
            "rdtscp",
            "rep_good",
            "sep",
            "sha_ni",
            "smap",
            "smep",
            "ssbd",
            "sse",
            "sse2",
            "sse4_1",
            "sse4_2",
            "sse4a",
            "ssse3",
            "stibp",
            "syscall",
            "topoext",
            "tsc",
            "tsc_adjust",
            "tsc_known_freq",
            "umip",
            "vme",
            "vmmcall",
            "x2apic",
            "xgetbv1",
            "xsave",
            "xsavec",
            "xsaveerptr",
            "xsaveopt",
            "xtopology"
          ],
          "1": [
            "3dnowprefetch",
            "abm",
            "adx",
            "aes",
            "apic",
            "arat",
            "avx",
            "avx2",
            "bmi1",
            "bmi2",
            "clflush",
            "clflushopt",
            "clwb",
            "clzero",
            "cmov",
            "cmp_legacy",
            "constant_tsc",
            "cpuid",
            "cr8_legacy",
            "cx16",
            "cx8",
            "de",
            "extd_apicid",
            "f16c",
            "fma",
            "fpu",
            "fsgsbase",
            "fxsr",
            "fxsr_opt",
            "ht",
            "hypervisor",
            "ibpb",
            "ibrs",
            "lahf_lm",
            "lm",
            "mca",
            "mce",
            "misalignsse",
            "mmx",
            "mmxext",
            "movbe",
            "msr",
            "mtrr",
            "nonstop_tsc",
            "nopl",
            "nx",
            "osvw",
            "pae",
            "pat",
            "pclmulqdq",
            "pdpe1gb",
            "pge",
            "pni",
            "popcnt",
            "pse",
            "pse36",
            "rdpid",
            "rdrand",
            "rdseed",
            "rdtscp",
            "rep_good",
            "sep",
            "sha_ni",
            "smap",
            "smep",
            "ssbd",
            "sse",
            "sse2",
            "sse4_1",
            "sse4_2",
            "sse4a",
            "ssse3",
            "stibp",
            "syscall",
            "topoext",
            "tsc",
            "tsc_adjust",
            "tsc_known_freq",
            "umip",
            "vme",
            "vmmcall",
            "x2apic",
            "xgetbv1",
            "xsave",
            "xsavec",
            "xsaveerptr",
            "xsaveopt",
            "xtopology"
          ],
          "10": [
            "3dnowprefetch",
            "abm",
            "adx",
            "aes",
            "apic",
            "arat",
            "avx",
            "avx2",
            "bmi1",
            "bmi2",
            "clflush",
            "clflushopt",
            "clwb",
            "clzero",
            "cmov",
            "cmp_legacy",
            "constant_tsc",
            "cpuid",
            "cr8_legacy",
            "cx16",
            "cx8",
            "de",
            "extd_apicid",
            "f16c",
            "fma",
            "fpu",
            "fsgsbase",
            "fxsr",
            "fxsr_opt",
            "ht",
            "hypervisor",
            "ibpb",
            "ibrs",
            "lahf_lm",
            "lm",
            "mca",
            "mce",
            "misalignsse",
            "mmx",
            "mmxext",
            "movbe",
            "msr",
            "mtrr",
            "nonstop_tsc",
            "nopl",
            "nx",
            "osvw",
            "pae",
            "pat",
            "pclmulqdq",
            "pdpe1gb",
            "pge",
            "pni",
            "popcnt",
            "pse",
            "pse36",
            "rdpid",
            "rdrand",
            "rdseed",
            "rdtscp",
            "rep_good",
            "sep",
            "sha_ni",
            "smap",
            "smep",
            "ssbd",
            "sse",
            "sse2",
            "sse4_1",
            "sse4_2",
            "sse4a",
            "ssse3",
            "stibp",
            "syscall",
            "topoext",
            "tsc",
            "tsc_adjust",
            "tsc_known_freq",
            "umip",
            "vme",
            "vmmcall",
            "x2apic",
            "xgetbv1",
            "xsave",
            "xsavec",
            "xsaveerptr",
            "xsaveopt",
            "xtopology"
          ],
          "11": [
            "3dnowprefetch",
            "abm",
            "adx",
            "aes",
            "apic",
            "arat",
            "avx",
            "avx2",
            "bmi1",
            "bmi2",
            "clflush",
            "clflushopt",
            "clwb",
            "clzero",
            "cmov",
            "cmp_legacy",
            "constant_tsc",
            "cpuid",
            "cr8_legacy",
            "cx16",
            "cx8",
            "de",
            "extd_apicid",
            "f16c",
            "fma",
            "fpu",
            "fsgsbase",
            "fxsr",
            "fxsr_opt",
            "ht",
            "hypervisor",
            "ibpb",
            "ibrs",
            "lahf_lm",
            "lm",
            "mca",
            "mce",
            "misalignsse",
            "mmx",
            "mmxext",
            "movbe",
            "msr",
            "mtrr",
            "nonstop_tsc",
            "nopl",
            "nx",
            "osvw",
            "pae",
            "pat",
            "pclmulqdq",
            "pdpe1gb",
            "pge",
            "pni",
            "popcnt",
            "pse",
            "pse36",
            "rdpid",
            "rdrand",
            "rdseed",
            "rdtscp",
            "rep_good",
            "sep",
            "sha_ni",
            "smap",
            "smep",
            "ssbd",
            "sse",
            "sse2",
            "sse4_1",
            "sse4_2",
            "sse4a",
            "ssse3",
            "stibp",
            "syscall",
            "topoext",
            "tsc",
            "tsc_adjust",
            "tsc_known_freq",
            "umip",
            "vme",
            "vmmcall",
            "x2apic",
            "xgetbv1",
            "xsave",
            "xsavec",
            "xsaveerptr",
            "xsaveopt",
            "xtopology"
          ],
          "12": [
            "3dnowprefetch",
            "abm",
            "adx",
            "aes",
            "apic",
            "arat",
            "avx",
            "avx2",
            "bmi1",
            "bmi2",
            "clflush",
            "clflushopt",
            "clwb",
            "clzero",
            "cmov",
            "cmp_legacy",
            "constant_tsc",
            "cpuid",
            "cr8_legacy",
            "cx16",
            "cx8",
            "de",
            "extd_apicid",
            "f16c",
            "fma",
            "fpu",
            "fsgsbase",
            "fxsr",
            "fxsr_opt",
            "ht",
            "hypervisor",
            "ibpb",
            "ibrs",
            "lahf_lm",
            "lm",
            "mca",
            "mce",
            "misalignsse",
            "mmx",
            "mmxext",
            "movbe",
            "msr",
            "mtrr",
            "nonstop_tsc",
            "nopl",
            "nx",
            "osvw",
            "pae",
            "pat",
            "pclmulqdq",
            "pdpe1gb",
            "pge",
            "pni",
            "popcnt",
            "pse",
            "pse36",
            "rdpid",
            "rdrand",
            "rdseed",
            "rdtscp",
            "rep_good",
            "sep",
            "sha_ni",
            "smap",
            "smep",
            "ssbd",
            "sse",
            "sse2",
            "sse4_1",
            "sse4_2",
            "sse4a",
            "ssse3",
            "stibp",
            "syscall",
            "topoext",
            "tsc",
            "tsc_adjust",
            "tsc_known_freq",
            "umip",
            "vme",
            "vmmcall",
            "x2apic",
            "xgetbv1",
            "xsave",
            "xsavec",
            "xsaveerptr",
            "xsaveopt",
            "xtopology"
          ],
          "13": [
            "3dnowprefetch",
            "abm",
            "adx",
            "aes",
            "apic",
            "arat",
            "avx",
            "avx2",
            "bmi1",
            "bmi2",
            "clflush",
            "clflushopt",
            "clwb",
            "clzero",
            "cmov",
            "cmp_legacy",
            "constant_tsc",
            "cpuid",
            "cr8_legacy",
            "cx16",
            "cx8",
            "de",
            "extd_apicid",
            "f16c",
            "fma",
            "fpu",
            "fsgsbase",
            "fxsr",
            "fxsr_opt",
            "ht",
            "hypervisor",
            "ibpb",
            "ibrs",
            "lahf_lm",
            "lm",
            "mca",
            "mce",
            "misalignsse",
            "mmx",
            "mmxext",
            "movbe",
            "msr",
            "mtrr",
            "nonstop_tsc",
            "nopl",
            "nx",
            "osvw",
            "pae",
            "pat",
            "pclmulqdq",
            "pdpe1gb",
            "pge",
            "pni",
            "popcnt",
            "pse",
            "pse36",
            "rdpid",
            "rdrand",
            "rdseed",
            "rdtscp",
            "rep_good",
            "sep",
            "sha_ni",
            "smap",
            "smep",
            "ssbd",
            "sse",
            "sse2",
            "sse4_1",
            "sse4_2",
            "sse4a",
            "ssse3",
            "stibp",
            "syscall",
            "topoext",
            "tsc",
            "tsc_adjust",
            "tsc_known_freq",
            "umip",
            "vme",
            "vmmcall",
            "x2apic",
            "xgetbv1",
            "xsave",
            "xsavec",
            "xsaveerptr",
            "xsaveopt",
            "xtopology"
          ],
          "14": [
            "3dnowprefetch",
            "abm",
            "adx",
            "aes",
            "apic",
            "arat",
            "avx",
            "avx2",
            "bmi1",
            "bmi2",
            "clflush",
            "clflushopt",
            "clwb",
            "clzero",
            "cmov",
            "cmp_legacy",
            "constant_tsc",
            "cpuid",
            "cr8_legacy",
            "cx16",
            "cx8",
            "de",
            "extd_apicid",
            "f16c",
            "fma",
            "fpu",
            "fsgsbase",
            "fxsr",
            "fxsr_opt",
            "ht",
            "hypervisor",
            "ibpb",
            "ibrs",
            "lahf_lm",
            "lm",
            "mca",
            "mce",
            "misalignsse",
            "mmx",
            "mmxext",
            "movbe",
            "msr",
            "mtrr",
            "nonstop_tsc",
            "nopl",
            "nx",
            "osvw",
            "pae",
            "pat",
            "pclmulqdq",
            "pdpe1gb",
            "pge",
            "pni",
            "popcnt",
            "pse",
            "pse36",
            "rdpid",
            "rdrand",
            "rdseed",
            "rdtscp",
            "rep_good",
            "sep",
            "sha_ni",
            "smap",
            "smep",
            "ssbd",
            "sse",
            "sse2",
            "sse4_1",
            "sse4_2",
            "sse4a",
            "ssse3",
            "stibp",
            "syscall",
            "topoext",
            "tsc",
            "tsc_adjust",
            "tsc_known_freq",
            "umip",
            "vme",
            "vmmcall",
            "x2apic",
            "xgetbv1",
            "xsave",
            "xsavec",
            "xsaveerptr",
            "xsaveopt",
            "xtopology"
          ],
          "15": [
            "3dnowprefetch",
            "abm",
            "adx",
            "aes",
            "apic",
            "arat",
            "avx",
            "avx2",
            "bmi1",
            "bmi2",
            "clflush",
            "clflushopt",
            "clwb",
            "clzero",
            "cmov",
            "cmp_legacy",
            "constant_tsc",
            "cpuid",
            "cr8_legacy",
            "cx16",
            "cx8",
            "de",
            "extd_apicid",
            "f16c",
            "fma",
            "fpu",
            "fsgsbase",
            "fxsr",
            "fxsr_opt",
            "ht",
            "hypervisor",
            "ibpb",
            "ibrs",
            "lahf_lm",
            "lm",
            "mca",
            "mce",
            "misalignsse",
            "mmx",
            "mmxext",
            "movbe",
            "msr",
            "mtrr",
            "nonstop_tsc",
            "nopl",
            "nx",
            "osvw",
            "pae",
            "pat",
            "pclmulqdq",
            "pdpe1gb",
            "pge",
            "pni",
            "popcnt",
            "pse",
            "pse36",
            "rdpid",
            "rdrand",
            "rdseed",
            "rdtscp",
            "rep_good",
            "sep",
            "sha_ni",
            "smap",
            "smep",
            "ssbd",
            "sse",
            "sse2",
            "sse4_1",
            "sse4_2",
            "sse4a",
            "ssse3",
            "stibp",
            "syscall",
            "topoext",
            "tsc",
            "tsc_adjust",
            "tsc_known_freq",
            "umip",
            "vme",
            "vmmcall",
            "x2apic",
            "xgetbv1",
            "xsave",
            "xsavec",
            "xsaveerptr",
            "xsaveopt",
            "xtopology"
          ],
          "16": [
            "3dnowprefetch",
            "abm",
            "adx",
            "aes",
            "apic",
            "arat",
            "avx",
            "avx2",
            "bmi1",
            "bmi2",
            "clflush",
            "clflushopt",
            "clwb",
            "clzero",
            "cmov",
            "cmp_legacy",
            "constant_tsc",
            "cpuid",
            "cr8_legacy",
            "cx16",
            "cx8",
            "de",
            "extd_apicid",
            "f16c",
            "fma",
            "fpu",
            "fsgsbase",
            "fxsr",
            "fxsr_opt",
            "ht",
            "hypervisor",
            "ibpb",
            "ibrs",
            "lahf_lm",
            "lm",
            "mca",
            "mce",
            "misalignsse",
            "mmx",
            "mmxext",
            "movbe",
            "msr",
            "mtrr",
            "nonstop_tsc",
            "nopl",
            "nx",
            "osvw",
            "pae",
            "pat",
            "pclmulqdq",
            "pdpe1gb",
            "pge",
            "pni",
            "popcnt",
            "pse",
            "pse36",
            "rdpid",
            "rdrand",
            "rdseed",
            "rdtscp",
            "rep_good",
            "sep",
            "sha_ni",
            "smap",
            "smep",
            "ssbd",
            "sse",
            "sse2",
            "sse4_1",
            "sse4_2",
            "sse4a",
            "ssse3",
            "stibp",
            "syscall",
            "topoext",
            "tsc",
            "tsc_adjust",
            "tsc_known_freq",
            "umip",
            "vme",
            "vmmcall",
            "x2apic",
            "xgetbv1",
            "xsave",
            "xsavec",
            "xsaveerptr",
            "xsaveopt",
            "xtopology"
          ],
          "17": [
            "3dnowprefetch",
            "abm",
            "adx",
            "aes",
            "apic",
            "arat",
            "avx",
            "avx2",
            "bmi1",
            "bmi2",
            "clflush",
            "clflushopt",
            "clwb",
            "clzero",
            "cmov",
            "cmp_legacy",
            "constant_tsc",
            "cpuid",
            "cr8_legacy",
            "cx16",
            "cx8",
            "de",
            "extd_apicid",
            "f16c",
            "fma",
            "fpu",
            "fsgsbase",
            "fxsr",
            "fxsr_opt",
            "ht",
            "hypervisor",
            "ibpb",
            "ibrs",
            "lahf_lm",
            "lm",
            "mca",
            "mce",
            "misalignsse",
            "mmx",
            "mmxext",
            "movbe",
            "msr",
            "mtrr",
            "nonstop_tsc",
            "nopl",
            "nx",
            "osvw",
            "pae",
            "pat",
            "pclmulqdq",
            "pdpe1gb",
            "pge",
            "pni",
            "popcnt",
            "pse",
            "pse36",
            "rdpid",
            "rdrand",
            "rdseed",
            "rdtscp",
            "rep_good",
            "sep",
            "sha_ni",
            "smap",
            "smep",
            "ssbd",
            "sse",
            "sse2",
            "sse4_1",
            "sse4_2",
            "sse4a",
            "ssse3",
            "stibp",
            "syscall",
            "topoext",
            "tsc",
            "tsc_adjust",
            "tsc_known_freq",
            "umip",
            "vme",
            "vmmcall",
            "x2apic",
            "xgetbv1",
            "xsave",
            "xsavec",
            "xsaveerptr",
            "xsaveopt",
            "xtopology"
          ],
          "18": [
            "3dnowprefetch",
            "abm",
            "adx",
            "aes",
            "apic",
            "arat",
            "avx",
            "avx2",
            "bmi1",
            "bmi2",
            "clflush",
            "clflushopt",
            "clwb",
            "clzero",
            "cmov",
            "cmp_legacy",
            "constant_tsc",
            "cpuid",
            "cr8_legacy",
            "cx16",
            "cx8",
            "de",
            "extd_apicid",
            "f16c",
            "fma",
            "fpu",
            "fsgsbase",
            "fxsr",
            "fxsr_opt",
            "ht",
            "hypervisor",
            "ibpb",
            "ibrs",
            "lahf_lm",
            "lm",
            "mca",
            "mce",
            "misalignsse",
            "mmx",
            "mmxext",
            "movbe",
            "msr",
            "mtrr",
            "nonstop_tsc",
            "nopl",
            "nx",
            "osvw",
            "pae",
            "pat",
            "pclmulqdq",
            "pdpe1gb",
            "pge",
            "pni",
            "popcnt",
            "pse",
            "pse36",
            "rdpid",
            "rdrand",
            "rdseed",
            "rdtscp",
            "rep_good",
            "sep",
            "sha_ni",
            "smap",
            "smep",
            "ssbd",
            "sse",
            "sse2",
            "sse4_1",
            "sse4_2",
            "sse4a",
            "ssse3",
            "stibp",
            "syscall",
            "topoext",
            "tsc",
            "tsc_adjust",
            "tsc_known_freq",
            "umip",
            "vme",
            "vmmcall",
            "x2apic",
            "xgetbv1",
            "xsave",
            "xsavec",
            "xsaveerptr",
            "xsaveopt",
            "xtopology"
          ],
          "19": [
            "3dnowprefetch",
            "abm",
            "adx",
            "aes",
            "apic",
            "arat",
            "avx",
            "avx2",
            "bmi1",
            "bmi2",
            "clflush",
            "clflushopt",
            "clwb",
            "clzero",
            "cmov",
            "cmp_legacy",
            "constant_tsc",
            "cpuid",
            "cr8_legacy",
            "cx16",
            "cx8",
            "de",
            "extd_apicid",
            "f16c",
            "fma",
            "fpu",
            "fsgsbase",
            "fxsr",
            "fxsr_opt",
            "ht",
            "hypervisor",
            "ibpb",
            "ibrs",
            "lahf_lm",
            "lm",
            "mca",
            "mce",
            "misalignsse",
            "mmx",
            "mmxext",
            "movbe",
            "msr",
            "mtrr",
            "nonstop_tsc",
            "nopl",
            "nx",
            "osvw",
            "pae",
            "pat",
            "pclmulqdq",
            "pdpe1gb",
            "pge",
            "pni",
            "popcnt",
            "pse",
            "pse36",
            "rdpid",
            "rdrand",
            "rdseed",
            "rdtscp",
            "rep_good",
            "sep",
            "sha_ni",
            "smap",
            "smep",
            "ssbd",
            "sse",
            "sse2",
            "sse4_1",
            "sse4_2",
            "sse4a",
            "ssse3",
            "stibp",
            "syscall",
            "topoext",
            "tsc",
            "tsc_adjust",
            "tsc_known_freq",
            "umip",
            "vme",
            "vmmcall",
            "x2apic",
            "xgetbv1",
            "xsave",
            "xsavec",
            "xsaveerptr",
            "xsaveopt",
            "xtopology"
          ],
          "2": [
            "3dnowprefetch",
            "abm",
            "adx",
            "aes",
            "apic",
            "arat",
            "avx",
            "avx2",
            "bmi1",
            "bmi2",
            "clflush",
            "clflushopt",
            "clwb",
            "clzero",
            "cmov",
            "cmp_legacy",
            "constant_tsc",
            "cpuid",
            "cr8_legacy",
            "cx16",
            "cx8",
            "de",
            "extd_apicid",
            "f16c",
            "fma",
            "fpu",
            "fsgsbase",
            "fxsr",
            "fxsr_opt",
            "ht",
            "hypervisor",
            "ibpb",
            "ibrs",
            "lahf_lm",
            "lm",
            "mca",
            "mce",
            "misalignsse",
            "mmx",
            "mmxext",
            "movbe",
            "msr",
            "mtrr",
            "nonstop_tsc",
            "nopl",
            "nx",
            "osvw",
            "pae",
            "pat",
            "pclmulqdq",
            "pdpe1gb",
            "pge",
            "pni",
            "popcnt",
            "pse",
            "pse36",
            "rdpid",
            "rdrand",
            "rdseed",
            "rdtscp",
            "rep_good",
            "sep",
            "sha_ni",
            "smap",
            "smep",
            "ssbd",
            "sse",
            "sse2",
            "sse4_1",
            "sse4_2",
            "sse4a",
            "ssse3",
            "stibp",
            "syscall",
            "topoext",
            "tsc",
            "tsc_adjust",
            "tsc_known_freq",
            "umip",
            "vme",
            "vmmcall",
            "x2apic",
            "xgetbv1",
            "xsave",
            "xsavec",
            "xsaveerptr",
            "xsaveopt",
            "xtopology"
          ],
          "20": [
            "3dnowprefetch",
            "abm",
            "adx",
            "aes",
            "apic",
            "arat",
            "avx",
            "avx2",
            "bmi1",
            "bmi2",
            "clflush",
            "clflushopt",
            "clwb",
            "clzero",
            "cmov",
            "cmp_legacy",
            "constant_tsc",
            "cpuid",
            "cr8_legacy",
            "cx16",
            "cx8",
            "de",
            "extd_apicid",
            "f16c",
            "fma",
            "fpu",
            "fsgsbase",
            "fxsr",
            "fxsr_opt",
            "ht",
            "hypervisor",
            "ibpb",
            "ibrs",
            "lahf_lm",
            "lm",
            "mca",
            "mce",
            "misalignsse",
            "mmx",
            "mmxext",
            "movbe",
            "msr",
            "mtrr",
            "nonstop_tsc",
            "nopl",
            "nx",
            "osvw",
            "pae",
            "pat",
            "pclmulqdq",
            "pdpe1gb",
            "pge",
            "pni",
            "popcnt",
            "pse",
            "pse36",
            "rdpid",
            "rdrand",
            "rdseed",
            "rdtscp",
            "rep_good",
            "sep",
            "sha_ni",
            "smap",
            "smep",
            "ssbd",
            "sse",
            "sse2",
            "sse4_1",
            "sse4_2",
            "sse4a",
            "ssse3",
            "stibp",
            "syscall",
            "topoext",
            "tsc",
            "tsc_adjust",
            "tsc_known_freq",
            "umip",
            "vme",
            "vmmcall",
            "x2apic",
            "xgetbv1",
            "xsave",
            "xsavec",
            "xsaveerptr",
            "xsaveopt",
            "xtopology"
          ],
          "21": [
            "3dnowprefetch",
            "abm",
            "adx",
            "aes",
            "apic",
            "arat",
            "avx",
            "avx2",
            "bmi1",
            "bmi2",
            "clflush",
            "clflushopt",
            "clwb",
            "clzero",
            "cmov",
            "cmp_legacy",
            "constant_tsc",
            "cpuid",
            "cr8_legacy",
            "cx16",
            "cx8",
            "de",
            "extd_apicid",
            "f16c",
            "fma",
            "fpu",
            "fsgsbase",
            "fxsr",
            "fxsr_opt",
            "ht",
            "hypervisor",
            "ibpb",
            "ibrs",
            "lahf_lm",
            "lm",
            "mca",
            "mce",
            "misalignsse",
            "mmx",
            "mmxext",
            "movbe",
            "msr",
            "mtrr",
            "nonstop_tsc",
            "nopl",
            "nx",
            "osvw",
            "pae",
            "pat",
            "pclmulqdq",
            "pdpe1gb",
            "pge",
            "pni",
            "popcnt",
            "pse",
            "pse36",
            "rdpid",
            "rdrand",
            "rdseed",
            "rdtscp",
            "rep_good",
            "sep",
            "sha_ni",
            "smap",
            "smep",
            "ssbd",
            "sse",
            "sse2",
            "sse4_1",
            "sse4_2",
            "sse4a",
            "ssse3",
            "stibp",
            "syscall",
            "topoext",
            "tsc",
            "tsc_adjust",
            "tsc_known_freq",
            "umip",
            "vme",
            "vmmcall",
            "x2apic",
            "xgetbv1",
            "xsave",
            "xsavec",
            "xsaveerptr",
            "xsaveopt",
            "xtopology"
          ],
          "22": [
            "3dnowprefetch",
            "abm",
            "adx",
            "aes",
            "apic",
            "arat",
            "avx",
            "avx2",
            "bmi1",
            "bmi2",
            "clflush",
            "clflushopt",
            "clwb",
            "clzero",
            "cmov",
            "cmp_legacy",
            "constant_tsc",
            "cpuid",
            "cr8_legacy",
            "cx16",
            "cx8",
            "de",
            "extd_apicid",
            "f16c",
            "fma",
            "fpu",
            "fsgsbase",
            "fxsr",
            "fxsr_opt",
            "ht",
            "hypervisor",
            "ibpb",
            "ibrs",
            "lahf_lm",
            "lm",
            "mca",
            "mce",
            "misalignsse",
            "mmx",
            "mmxext",
            "movbe",
            "msr",
            "mtrr",
            "nonstop_tsc",
            "nopl",
            "nx",
            "osvw",
            "pae",
            "pat",
            "pclmulqdq",
            "pdpe1gb",
            "pge",
            "pni",
            "popcnt",
            "pse",
            "pse36",
            "rdpid",
            "rdrand",
            "rdseed",
            "rdtscp",
            "rep_good",
            "sep",
            "sha_ni",
            "smap",
            "smep",
            "ssbd",
            "sse",
            "sse2",
            "sse4_1",
            "sse4_2",
            "sse4a",
            "ssse3",
            "stibp",
            "syscall",
            "topoext",
            "tsc",
            "tsc_adjust",
            "tsc_known_freq",
            "umip",
            "vme",
            "vmmcall",
            "x2apic",
            "xgetbv1",
            "xsave",
            "xsavec",
            "xsaveerptr",
            "xsaveopt",
            "xtopology"
          ],
          "23": [
            "3dnowprefetch",
            "abm",
            "adx",
            "aes",
            "apic",
            "arat",
            "avx",
            "avx2",
            "bmi1",
            "bmi2",
            "clflush",
            "clflushopt",
            "clwb",
            "clzero",
            "cmov",
            "cmp_legacy",
            "constant_tsc",
            "cpuid",
            "cr8_legacy",
            "cx16",
            "cx8",
            "de",
            "extd_apicid",
            "f16c",
            "fma",
            "fpu",
            "fsgsbase",
            "fxsr",
            "fxsr_opt",
            "ht",
            "hypervisor",
            "ibpb",
            "ibrs",
            "lahf_lm",
            "lm",
            "mca",
            "mce",
            "misalignsse",
            "mmx",
            "mmxext",
            "movbe",
            "msr",
            "mtrr",
            "nonstop_tsc",
            "nopl",
            "nx",
            "osvw",
            "pae",
            "pat",
            "pclmulqdq",
            "pdpe1gb",
            "pge",
            "pni",
            "popcnt",
            "pse",
            "pse36",
            "rdpid",
            "rdrand",
            "rdseed",
            "rdtscp",
            "rep_good",
            "sep",
            "sha_ni",
            "smap",
            "smep",
            "ssbd",
            "sse",
            "sse2",
            "sse4_1",
            "sse4_2",
            "sse4a",
            "ssse3",
            "stibp",
            "syscall",
            "topoext",
            "tsc",
            "tsc_adjust",
            "tsc_known_freq",
            "umip",
            "vme",
            "vmmcall",
            "x2apic",
            "xgetbv1",
            "xsave",
            "xsavec",
            "xsaveerptr",
            "xsaveopt",
            "xtopology"
          ],
          "24": [
            "3dnowprefetch",
            "abm",
            "adx",
            "aes",
            "apic",
            "arat",
            "avx",
            "avx2",
            "bmi1",
            "bmi2",
            "clflush",
            "clflushopt",
            "clwb",
            "clzero",
            "cmov",
            "cmp_legacy",
            "constant_tsc",
            "cpuid",
            "cr8_legacy",
            "cx16",
            "cx8",
            "de",
            "extd_apicid",
            "f16c",
            "fma",
            "fpu",
            "fsgsbase",
            "fxsr",
            "fxsr_opt",
            "ht",
            "hypervisor",
            "ibpb",
            "ibrs",
            "lahf_lm",
            "lm",
            "mca",
            "mce",
            "misalignsse",
            "mmx",
            "mmxext",
            "movbe",
            "msr",
            "mtrr",
            "nonstop_tsc",
            "nopl",
            "nx",
            "osvw",
            "pae",
            "pat",
            "pclmulqdq",
            "pdpe1gb",
            "pge",
            "pni",
            "popcnt",
            "pse",
            "pse36",
            "rdpid",
            "rdrand",
            "rdseed",
            "rdtscp",
            "rep_good",
            "sep",
            "sha_ni",
            "smap",
            "smep",
            "ssbd",
            "sse",
            "sse2",
            "sse4_1",
            "sse4_2",
            "sse4a",
            "ssse3",
            "stibp",
            "syscall",
            "topoext",
            "tsc",
            "tsc_adjust",
            "tsc_known_freq",
            "umip",
            "vme",
            "vmmcall",
            "x2apic",
            "xgetbv1",
            "xsave",
            "xsavec",
            "xsaveerptr",
            "xsaveopt",
            "xtopology"
          ],
          "25": [
            "3dnowprefetch",
            "abm",
            "adx",
            "aes",
            "apic",
            "arat",
            "avx",
            "avx2",
            "bmi1",
            "bmi2",
            "clflush",
            "clflushopt",
            "clwb",
            "clzero",
            "cmov",
            "cmp_legacy",
            "constant_tsc",
            "cpuid",
            "cr8_legacy",
            "cx16",
            "cx8",
            "de",
            "extd_apicid",
            "f16c",
            "fma",
            "fpu",
            "fsgsbase",
            "fxsr",
            "fxsr_opt",
            "ht",
            "hypervisor",
            "ibpb",
            "ibrs",
            "lahf_lm",
            "lm",
            "mca",
            "mce",
            "misalignsse",
            "mmx",
            "mmxext",
            "movbe",
            "msr",
            "mtrr",
            "nonstop_tsc",
            "nopl",
            "nx",
            "osvw",
            "pae",
            "pat",
            "pclmulqdq",
            "pdpe1gb",
            "pge",
            "pni",
            "popcnt",
            "pse",
            "pse36",
            "rdpid",
            "rdrand",
            "rdseed",
            "rdtscp",
            "rep_good",
            "sep",
            "sha_ni",
            "smap",
            "smep",
            "ssbd",
            "sse",
            "sse2",
            "sse4_1",
            "sse4_2",
            "sse4a",
            "ssse3",
            "stibp",
            "syscall",
            "topoext",
            "tsc",
            "tsc_adjust",
            "tsc_known_freq",
            "umip",
            "vme",
            "vmmcall",
            "x2apic",
            "xgetbv1",
            "xsave",
            "xsavec",
            "xsaveerptr",
            "xsaveopt",
            "xtopology"
          ],
          "26": [
            "3dnowprefetch",
            "abm",
            "adx",
            "aes",
            "apic",
            "arat",
            "avx",
            "avx2",
            "bmi1",
            "bmi2",
            "clflush",
            "clflushopt",
            "clwb",
            "clzero",
            "cmov",
            "cmp_legacy",
            "constant_tsc",
            "cpuid",
            "cr8_legacy",
            "cx16",
            "cx8",
            "de",
            "extd_apicid",
            "f16c",
            "fma",
            "fpu",
            "fsgsbase",
            "fxsr",
            "fxsr_opt",
            "ht",
            "hypervisor",
            "ibpb",
            "ibrs",
            "lahf_lm",
            "lm",
            "mca",
            "mce",
            "misalignsse",
            "mmx",
            "mmxext",
            "movbe",
            "msr",
            "mtrr",
            "nonstop_tsc",
            "nopl",
            "nx",
            "osvw",
            "pae",
            "pat",
            "pclmulqdq",
            "pdpe1gb",
            "pge",
            "pni",
            "popcnt",
            "pse",
            "pse36",
            "rdpid",
            "rdrand",
            "rdseed",
            "rdtscp",
            "rep_good",
            "sep",
            "sha_ni",
            "smap",
            "smep",
            "ssbd",
            "sse",
            "sse2",
            "sse4_1",
            "sse4_2",
            "sse4a",
            "ssse3",
            "stibp",
            "syscall",
            "topoext",
            "tsc",
            "tsc_adjust",
            "tsc_known_freq",
            "umip",
            "vme",
            "vmmcall",
            "x2apic",
            "xgetbv1",
            "xsave",
            "xsavec",
            "xsaveerptr",
            "xsaveopt",
            "xtopology"
          ],
          "27": [
            "3dnowprefetch",
            "abm",
            "adx",
            "aes",
            "apic",
            "arat",
            "avx",
            "avx2",
            "bmi1",
            "bmi2",
            "clflush",
            "clflushopt",
            "clwb",
            "clzero",
            "cmov",
            "cmp_legacy",
            "constant_tsc",
            "cpuid",
            "cr8_legacy",
            "cx16",
            "cx8",
            "de",
            "extd_apicid",
            "f16c",
            "fma",
            "fpu",
            "fsgsbase",
            "fxsr",
            "fxsr_opt",
            "ht",
            "hypervisor",
            "ibpb",
            "ibrs",
            "lahf_lm",
            "lm",
            "mca",
            "mce",
            "misalignsse",
            "mmx",
            "mmxext",
            "movbe",
            "msr",
            "mtrr",
            "nonstop_tsc",
            "nopl",
            "nx",
            "osvw",
            "pae",
            "pat",
            "pclmulqdq",
            "pdpe1gb",
            "pge",
            "pni",
            "popcnt",
            "pse",
            "pse36",
            "rdpid",
            "rdrand",
            "rdseed",
            "rdtscp",
            "rep_good",
            "sep",
            "sha_ni",
            "smap",
            "smep",
            "ssbd",
            "sse",
            "sse2",
            "sse4_1",
            "sse4_2",
            "sse4a",
            "ssse3",
            "stibp",
            "syscall",
            "topoext",
            "tsc",
            "tsc_adjust",
            "tsc_known_freq",
            "umip",
            "vme",
            "vmmcall",
            "x2apic",
            "xgetbv1",
            "xsave",
            "xsavec",
            "xsaveerptr",
            "xsaveopt",
            "xtopology"
          ],
          "28": [
            "3dnowprefetch",
            "abm",
            "adx",
            "aes",
            "apic",
            "arat",
            "avx",
            "avx2",
            "bmi1",
            "bmi2",
            "clflush",
            "clflushopt",
            "clwb",
            "clzero",
            "cmov",
            "cmp_legacy",
            "constant_tsc",
            "cpuid",
            "cr8_legacy",
            "cx16",
            "cx8",
            "de",
            "extd_apicid",
            "f16c",
            "fma",
            "fpu",
            "fsgsbase",
            "fxsr",
            "fxsr_opt",
            "ht",
            "hypervisor",
            "ibpb",
            "ibrs",
            "lahf_lm",
            "lm",
            "mca",
            "mce",
            "misalignsse",
            "mmx",
            "mmxext",
            "movbe",
            "msr",
            "mtrr",
            "nonstop_tsc",
            "nopl",
            "nx",
            "osvw",
            "pae",
            "pat",
            "pclmulqdq",
            "pdpe1gb",
            "pge",
            "pni",
            "popcnt",
            "pse",
            "pse36",
            "rdpid",
            "rdrand",
            "rdseed",
            "rdtscp",
            "rep_good",
            "sep",
            "sha_ni",
            "smap",
            "smep",
            "ssbd",
            "sse",
            "sse2",
            "sse4_1",
            "sse4_2",
            "sse4a",
            "ssse3",
            "stibp",
            "syscall",
            "topoext",
            "tsc",
            "tsc_adjust",
            "tsc_known_freq",
            "umip",
            "vme",
            "vmmcall",
            "x2apic",
            "xgetbv1",
            "xsave",
            "xsavec",
            "xsaveerptr",
            "xsaveopt",
            "xtopology"
          ],
          "29": [
            "3dnowprefetch",
            "abm",
            "adx",
            "aes",
            "apic",
            "arat",
            "avx",
            "avx2",
            "bmi1",
            "bmi2",
            "clflush",
            "clflushopt",
            "clwb",
            "clzero",
            "cmov",
            "cmp_legacy",
            "constant_tsc",
            "cpuid",
            "cr8_legacy",
            "cx16",
            "cx8",
            "de",
            "extd_apicid",
            "f16c",
            "fma",
            "fpu",
            "fsgsbase",
            "fxsr",
            "fxsr_opt",
            "ht",
            "hypervisor",
            "ibpb",
            "ibrs",
            "lahf_lm",
            "lm",
            "mca",
            "mce",
            "misalignsse",
            "mmx",
            "mmxext",
            "movbe",
            "msr",
            "mtrr",
            "nonstop_tsc",
            "nopl",
            "nx",
            "osvw",
            "pae",
            "pat",
            "pclmulqdq",
            "pdpe1gb",
            "pge",
            "pni",
            "popcnt",
            "pse",
            "pse36",
            "rdpid",
            "rdrand",
            "rdseed",
            "rdtscp",
            "rep_good",
            "sep",
            "sha_ni",
            "smap",
            "smep",
            "ssbd",
            "sse",
            "sse2",
            "sse4_1",
            "sse4_2",
            "sse4a",
            "ssse3",
            "stibp",
            "syscall",
            "topoext",
            "tsc",
            "tsc_adjust",
            "tsc_known_freq",
            "umip",
            "vme",
            "vmmcall",
            "x2apic",
            "xgetbv1",
            "xsave",
            "xsavec",
            "xsaveerptr",
            "xsaveopt",
            "xtopology"
          ],
          "3": [
            "3dnowprefetch",
            "abm",
            "adx",
            "aes",
            "apic",
            "arat",
            "avx",
            "avx2",
            "bmi1",
            "bmi2",
            "clflush",
            "clflushopt",
            "clwb",
            "clzero",
            "cmov",
            "cmp_legacy",
            "constant_tsc",
            "cpuid",
            "cr8_legacy",
            "cx16",
            "cx8",
            "de",
            "extd_apicid",
            "f16c",
            "fma",
            "fpu",
            "fsgsbase",
            "fxsr",
            "fxsr_opt",
            "ht",
            "hypervisor",
            "ibpb",
            "ibrs",
            "lahf_lm",
            "lm",
            "mca",
            "mce",
            "misalignsse",
            "mmx",
            "mmxext",
            "movbe",
            "msr",
            "mtrr",
            "nonstop_tsc",
            "nopl",
            "nx",
            "osvw",
            "pae",
            "pat",
            "pclmulqdq",
            "pdpe1gb",
            "pge",
            "pni",
            "popcnt",
            "pse",
            "pse36",
            "rdpid",
            "rdrand",
            "rdseed",
            "rdtscp",
            "rep_good",
            "sep",
            "sha_ni",
            "smap",
            "smep",
            "ssbd",
            "sse",
            "sse2",
            "sse4_1",
            "sse4_2",
            "sse4a",
            "ssse3",
            "stibp",
            "syscall",
            "topoext",
            "tsc",
            "tsc_adjust",
            "tsc_known_freq",
            "umip",
            "vme",
            "vmmcall",
            "x2apic",
            "xgetbv1",
            "xsave",
            "xsavec",
            "xsaveerptr",
            "xsaveopt",
            "xtopology"
          ],
          "30": [
            "3dnowprefetch",
            "abm",
            "adx",
            "aes",
            "apic",
            "arat",
            "avx",
            "avx2",
            "bmi1",
            "bmi2",
            "clflush",
            "clflushopt",
            "clwb",
            "clzero",
            "cmov",
            "cmp_legacy",
            "constant_tsc",
            "cpuid",
            "cr8_legacy",
            "cx16",
            "cx8",
            "de",
            "extd_apicid",
            "f16c",
            "fma",
            "fpu",
            "fsgsbase",
            "fxsr",
            "fxsr_opt",
            "ht",
            "hypervisor",
            "ibpb",
            "ibrs",
            "lahf_lm",
            "lm",
            "mca",
            "mce",
            "misalignsse",
            "mmx",
            "mmxext",
            "movbe",
            "msr",
            "mtrr",
            "nonstop_tsc",
            "nopl",
            "nx",
            "osvw",
            "pae",
            "pat",
            "pclmulqdq",
            "pdpe1gb",
            "pge",
            "pni",
            "popcnt",
            "pse",
            "pse36",
            "rdpid",
            "rdrand",
            "rdseed",
            "rdtscp",
            "rep_good",
            "sep",
            "sha_ni",
            "smap",
            "smep",
            "ssbd",
            "sse",
            "sse2",
            "sse4_1",
            "sse4_2",
            "sse4a",
            "ssse3",
            "stibp",
            "syscall",
            "topoext",
            "tsc",
            "tsc_adjust",
            "tsc_known_freq",
            "umip",
            "vme",
            "vmmcall",
            "x2apic",
            "xgetbv1",
            "xsave",
            "xsavec",
            "xsaveerptr",
            "xsaveopt",
            "xtopology"
          ],
          "31": [
            "3dnowprefetch",
            "abm",
            "adx",
            "aes",
            "apic",
            "arat",
            "avx",
            "avx2",
            "bmi1",
            "bmi2",
            "clflush",
            "clflushopt",
            "clwb",
            "clzero",
            "cmov",
            "cmp_legacy",
            "constant_tsc",
            "cpuid",
            "cr8_legacy",
            "cx16",
            "cx8",
            "de",
            "extd_apicid",
            "f16c",
            "fma",
            "fpu",
            "fsgsbase",
            "fxsr",
            "fxsr_opt",
            "ht",
            "hypervisor",
            "ibpb",
            "ibrs",
            "lahf_lm",
            "lm",
            "mca",
            "mce",
            "misalignsse",
            "mmx",
            "mmxext",
            "movbe",
            "msr",
            "mtrr",
            "nonstop_tsc",
            "nopl",
            "nx",
            "osvw",
            "pae",
            "pat",
            "pclmulqdq",
            "pdpe1gb",
            "pge",
            "pni",
            "popcnt",
            "pse",
            "pse36",
            "rdpid",
            "rdrand",
            "rdseed",
            "rdtscp",
            "rep_good",
            "sep",
            "sha_ni",
            "smap",
            "smep",
            "ssbd",
            "sse",
            "sse2",
            "sse4_1",
            "sse4_2",
            "sse4a",
            "ssse3",
            "stibp",
            "syscall",
            "topoext",
            "tsc",
            "tsc_adjust",
            "tsc_known_freq",
            "umip",
            "vme",
            "vmmcall",
            "x2apic",
            "xgetbv1",
            "xsave",
            "xsavec",
            "xsaveerptr",
            "xsaveopt",
            "xtopology"
          ],
          "4": [
            "3dnowprefetch",
            "abm",
            "adx",
            "aes",
            "apic",
            "arat",
            "avx",
            "avx2",
            "bmi1",
            "bmi2",
            "clflush",
            "clflushopt",
            "clwb",
            "clzero",
            "cmov",
            "cmp_legacy",
            "constant_tsc",
            "cpuid",
            "cr8_legacy",
            "cx16",
            "cx8",
            "de",
            "extd_apicid",
            "f16c",
            "fma",
            "fpu",
            "fsgsbase",
            "fxsr",
            "fxsr_opt",
            "ht",
            "hypervisor",
            "ibpb",
            "ibrs",
            "lahf_lm",
            "lm",
            "mca",
            "mce",
            "misalignsse",
            "mmx",
            "mmxext",
            "movbe",
            "msr",
            "mtrr",
            "nonstop_tsc",
            "nopl",
            "nx",
            "osvw",
            "pae",
            "pat",
            "pclmulqdq",
            "pdpe1gb",
            "pge",
            "pni",
            "popcnt",
            "pse",
            "pse36",
            "rdpid",
            "rdrand",
            "rdseed",
            "rdtscp",
            "rep_good",
            "sep",
            "sha_ni",
            "smap",
            "smep",
            "ssbd",
            "sse",
            "sse2",
            "sse4_1",
            "sse4_2",
            "sse4a",
            "ssse3",
            "stibp",
            "syscall",
            "topoext",
            "tsc",
            "tsc_adjust",
            "tsc_known_freq",
            "umip",
            "vme",
            "vmmcall",
            "x2apic",
            "xgetbv1",
            "xsave",
            "xsavec",
            "xsaveerptr",
            "xsaveopt",
            "xtopology"
          ],
          "5": [
            "3dnowprefetch",
            "abm",
            "adx",
            "aes",
            "apic",
            "arat",
            "avx",
            "avx2",
            "bmi1",
            "bmi2",
            "clflush",
            "clflushopt",
            "clwb",
            "clzero",
            "cmov",
            "cmp_legacy",
            "constant_tsc",
            "cpuid",
            "cr8_legacy",
            "cx16",
            "cx8",
            "de",
            "extd_apicid",
            "f16c",
            "fma",
            "fpu",
            "fsgsbase",
            "fxsr",
            "fxsr_opt",
            "ht",
            "hypervisor",
            "ibpb",
            "ibrs",
            "lahf_lm",
            "lm",
            "mca",
            "mce",
            "misalignsse",
            "mmx",
            "mmxext",
            "movbe",
            "msr",
            "mtrr",
            "nonstop_tsc",
            "nopl",
            "nx",
            "osvw",
            "pae",
            "pat",
            "pclmulqdq",
            "pdpe1gb",
            "pge",
            "pni",
            "popcnt",
            "pse",
            "pse36",
            "rdpid",
            "rdrand",
            "rdseed",
            "rdtscp",
            "rep_good",
            "sep",
            "sha_ni",
            "smap",
            "smep",
            "ssbd",
            "sse",
            "sse2",
            "sse4_1",
            "sse4_2",
            "sse4a",
            "ssse3",
            "stibp",
            "syscall",
            "topoext",
            "tsc",
            "tsc_adjust",
            "tsc_known_freq",
            "umip",
            "vme",
            "vmmcall",
            "x2apic",
            "xgetbv1",
            "xsave",
            "xsavec",
            "xsaveerptr",
            "xsaveopt",
            "xtopology"
          ],
          "6": [
            "3dnowprefetch",
            "abm",
            "adx",
            "aes",
            "apic",
            "arat",
            "avx",
            "avx2",
            "bmi1",
            "bmi2",
            "clflush",
            "clflushopt",
            "clwb",
            "clzero",
            "cmov",
            "cmp_legacy",
            "constant_tsc",
            "cpuid",
            "cr8_legacy",
            "cx16",
            "cx8",
            "de",
            "extd_apicid",
            "f16c",
            "fma",
            "fpu",
            "fsgsbase",
            "fxsr",
            "fxsr_opt",
            "ht",
            "hypervisor",
            "ibpb",
            "ibrs",
            "lahf_lm",
            "lm",
            "mca",
            "mce",
            "misalignsse",
            "mmx",
            "mmxext",
            "movbe",
            "msr",
            "mtrr",
            "nonstop_tsc",
            "nopl",
            "nx",
            "osvw",
            "pae",
            "pat",
            "pclmulqdq",
            "pdpe1gb",
            "pge",
            "pni",
            "popcnt",
            "pse",
            "pse36",
            "rdpid",
            "rdrand",
            "rdseed",
            "rdtscp",
            "rep_good",
            "sep",
            "sha_ni",
            "smap",
            "smep",
            "ssbd",
            "sse",
            "sse2",
            "sse4_1",
            "sse4_2",
            "sse4a",
            "ssse3",
            "stibp",
            "syscall",
            "topoext",
            "tsc",
            "tsc_adjust",
            "tsc_known_freq",
            "umip",
            "vme",
            "vmmcall",
            "x2apic",
            "xgetbv1",
            "xsave",
            "xsavec",
            "xsaveerptr",
            "xsaveopt",
            "xtopology"
          ],
          "7": [
            "3dnowprefetch",
            "abm",
            "adx",
            "aes",
            "apic",
            "arat",
            "avx",
            "avx2",
            "bmi1",
            "bmi2",
            "clflush",
            "clflushopt",
            "clwb",
            "clzero",
            "cmov",
            "cmp_legacy",
            "constant_tsc",
            "cpuid",
            "cr8_legacy",
            "cx16",
            "cx8",
            "de",
            "extd_apicid",
            "f16c",
            "fma",
            "fpu",
            "fsgsbase",
            "fxsr",
            "fxsr_opt",
            "ht",
            "hypervisor",
            "ibpb",
            "ibrs",
            "lahf_lm",
            "lm",
            "mca",
            "mce",
            "misalignsse",
            "mmx",
            "mmxext",
            "movbe",
            "msr",
            "mtrr",
            "nonstop_tsc",
            "nopl",
            "nx",
            "osvw",
            "pae",
            "pat",
            "pclmulqdq",
            "pdpe1gb",
            "pge",
            "pni",
            "popcnt",
            "pse",
            "pse36",
            "rdpid",
            "rdrand",
            "rdseed",
            "rdtscp",
            "rep_good",
            "sep",
            "sha_ni",
            "smap",
            "smep",
            "ssbd",
            "sse",
            "sse2",
            "sse4_1",
            "sse4_2",
            "sse4a",
            "ssse3",
            "stibp",
            "syscall",
            "topoext",
            "tsc",
            "tsc_adjust",
            "tsc_known_freq",
            "umip",
            "vme",
            "vmmcall",
            "x2apic",
            "xgetbv1",
            "xsave",
            "xsavec",
            "xsaveerptr",
            "xsaveopt",
            "xtopology"
          ],
          "8": [
            "3dnowprefetch",
            "abm",
            "adx",
            "aes",
            "apic",
            "arat",
            "avx",
            "avx2",
            "bmi1",
            "bmi2",
            "clflush",
            "clflushopt",
            "clwb",
            "clzero",
            "cmov",
            "cmp_legacy",
            "constant_tsc",
            "cpuid",
            "cr8_legacy",
            "cx16",
            "cx8",
            "de",
            "extd_apicid",
            "f16c",
            "fma",
            "fpu",
            "fsgsbase",
            "fxsr",
            "fxsr_opt",
            "ht",
            "hypervisor",
            "ibpb",
            "ibrs",
            "lahf_lm",
            "lm",
            "mca",
            "mce",
            "misalignsse",
            "mmx",
            "mmxext",
            "movbe",
            "msr",
            "mtrr",
            "nonstop_tsc",
            "nopl",
            "nx",
            "osvw",
            "pae",
            "pat",
            "pclmulqdq",
            "pdpe1gb",
            "pge",
            "pni",
            "popcnt",
            "pse",
            "pse36",
            "rdpid",
            "rdrand",
            "rdseed",
            "rdtscp",
            "rep_good",
            "sep",
            "sha_ni",
            "smap",
            "smep",
            "ssbd",
            "sse",
            "sse2",
            "sse4_1",
            "sse4_2",
            "sse4a",
            "ssse3",
            "stibp",
            "syscall",
            "topoext",
            "tsc",
            "tsc_adjust",
            "tsc_known_freq",
            "umip",
            "vme",
            "vmmcall",
            "x2apic",
            "xgetbv1",
            "xsave",
            "xsavec",
            "xsaveerptr",
            "xsaveopt",
            "xtopology"
          ],
          "9": [
            "3dnowprefetch",
            "abm",
            "adx",
            "aes",
            "apic",
            "arat",
            "avx",
            "avx2",
            "bmi1",
            "bmi2",
            "clflush",
            "clflushopt",
            "clwb",
            "clzero",
            "cmov",
            "cmp_legacy",
            "constant_tsc",
            "cpuid",
            "cr8_legacy",
            "cx16",
            "cx8",
            "de",
            "extd_apicid",
            "f16c",
            "fma",
            "fpu",
            "fsgsbase",
            "fxsr",
            "fxsr_opt",
            "ht",
            "hypervisor",
            "ibpb",
            "ibrs",
            "lahf_lm",
            "lm",
            "mca",
            "mce",
            "misalignsse",
            "mmx",
            "mmxext",
            "movbe",
            "msr",
            "mtrr",
            "nonstop_tsc",
            "nopl",
            "nx",
            "osvw",
            "pae",
            "pat",
            "pclmulqdq",
            "pdpe1gb",
            "pge",
            "pni",
            "popcnt",
            "pse",
            "pse36",
            "rdpid",
            "rdrand",
            "rdseed",
            "rdtscp",
            "rep_good",
            "sep",
            "sha_ni",
            "smap",
            "smep",
            "ssbd",
            "sse",
            "sse2",
            "sse4_1",
            "sse4_2",
            "sse4a",
            "ssse3",
            "stibp",
            "syscall",
            "topoext",
            "tsc",
            "tsc_adjust",
            "tsc_known_freq",
            "umip",
            "vme",
            "vmmcall",
            "x2apic",
            "xgetbv1",
            "xsave",
            "xsavec",
            "xsaveerptr",
            "xsaveopt",
            "xtopology"
          ]
        },
        "returncode": 0,
        "stderr": "",
        "stdout": "Usage: /usr/lib/x86_64-linux-gnu/ld-linux-x86-64.so.2 [OPTION]... EXECUTABLE-FILE [ARGS-FOR-PROGRAM...]\nYou have invoked 'ld.so', the program interpreter for dynamically-linked\nELF programs.  Usually, the program interpreter is invoked automatically\nwhen a dynamically-linked executable is started.\n\nYou may invoke the program interpreter program directly from the command\nline to load and run an ELF executable file; this is like executing that\nfile itself, but always uses the program interpreter you invoked,\ninstead of the program interpreter specified in the executable file you\nrun.  Invoking the program interpreter directly provides access to\nadditional diagnostics, and changing the dynamic linker behavior without\nsetting environment variables (which would be inherited by subprocesses).\n\n  --list                list all dependencies and how they are resolved\n  --verify              verify that given object really is a dynamically linked\n                        object we can handle\n  --inhibit-cache       Do not use /etc/ld.so.cache\n  --library-path PATH   use given PATH instead of content of the environment\n                        variable LD_LIBRARY_PATH\n  --glibc-hwcaps-prepend LIST\n                        search glibc-hwcaps subdirectories in LIST\n  --glibc-hwcaps-mask LIST\n                        only search built-in subdirectories if in LIST\n  --inhibit-rpath LIST  ignore RUNPATH and RPATH information in object names\n                        in LIST\n  --audit LIST          use objects named in LIST as auditors\n  --preload LIST        preload objects named in LIST\n  --argv0 STRING        set argv[0] to STRING before running\n  --list-tunables       list all tunables with minimum and maximum values\n  --list-diagnostics    list diagnostics information\n  --help                display this help and exit\n  --version             output version information and exit\n\nThis program interpreter self-identifies as: /lib64/ld-linux-x86-64.so.2\n\nShared library search path:\n  (libraries located via /etc/ld.so.cache)\n  /lib/x86_64-linux-gnu (system search path)\n  /usr/lib/x86_64-linux-gnu (system search path)\n  /lib (system search path)\n  /usr/lib (system search path)\n\nSubdirectories of glibc-hwcaps directories, in priority order:\n  x86-64-v4\n  x86-64-v3 (supported, searched)\n  x86-64-v2 (supported, searched)\n"
      }
    },
    "iterations": 64,
    "kind": "profile",
    "name": "narrow-r0-w16",
    "outputs": {
      "cpu.json": {
        "bytes": 651,
        "path": "/opt/r1/flop-cpu-profile-proof01/narrow-r0-w16/artifacts/cpu.json",
        "sha256": "240d3c2b45c3b3e28e1bc6712831dfe0f467969dc2cacfd2de5f18039683b522"
      },
      "invocation.json": {
        "bytes": 294,
        "path": "/opt/r1/flop-cpu-profile-proof01/narrow-r0-w16/artifacts/invocation.json",
        "sha256": "9f1679fe69b9dda5cfeafe4723bacf4ffef4284bc2cf11e7a1e94b743f769f66"
      },
      "phases.json": {
        "bytes": 711,
        "path": "/opt/r1/flop-cpu-profile-proof01/narrow-r0-w16/artifacts/phases.json",
        "sha256": "ecd020b7fc67ee4284cb3c69452023d12068f010ff0ea04804564ff31938b5a0"
      },
      "quality.json": {
        "bytes": 670,
        "path": "/opt/r1/flop-cpu-profile-proof01/narrow-r0-w16/artifacts/quality.json",
        "sha256": "7af8b32289142b35c2d22087ceb22d998f55e7c4420418c74cc6b4d0142922f9"
      },
      "result.json": {
        "bytes": 352,
        "path": "/opt/r1/flop-cpu-profile-proof01/narrow-r0-w16/artifacts/result.json",
        "sha256": "16edeb5c9c6fddb391613b6c85113d5655f8e010d01cdc159e034ea09ae1c01d"
      },
      "state.bin": {
        "bytes": 81414344,
        "path": "/opt/r1/flop-cpu-profile-proof01/narrow-r0-w16/artifacts/state.bin",
        "sha256": "8adfe1abed9baeb61828a035e557c4011ad33fadaf264b7746018172d59095d1"
      }
    },
    "phases": {
      "case": "narrow",
      "clock": "CLOCK_MONOTONIC",
      "clock_id": 1,
      "interval": "[start_ns,end_ns)",
      "iterations": 64,
      "performance_claim": false,
      "phases": {
        "br_p0": {
          "end_ns": 179847644597,
          "start_ns": 179831239450
        },
        "br_p1": {
          "end_ns": 179862389139,
          "start_ns": 179847677077
        },
        "cfr": {
          "end_ns": 179330668377,
          "start_ns": 176898770517
        },
        "ev_p0": {
          "end_ns": 179815187805,
          "start_ns": 179798218758
        },
        "ev_p1": {
          "end_ns": 179831204441,
          "start_ns": 179815225955
        },
        "exploitability": {
          "end_ns": 179910205484,
          "start_ns": 179862433389
        },
        "quality": {
          "end_ns": 179910241675,
          "start_ns": 179798209428
        },
        "state_write": {
          "end_ns": 179798190227,
          "start_ns": 179330706907
        }
      },
      "pid": 1798,
      "schema": "r1.flop-cpu-profile-phases/v1",
      "status": "completed",
      "threads": 16,
      "unit": "nanoseconds"
    },
    "process_seconds": 4.448658424999991,
    "record": {
      "bytes": 6642,
      "path": "/opt/r1/flop-cpu-profile-proof01/narrow-r0-w16/supervisor.json",
      "sha256": "f91edda5b64341110cd923e521bf21e97f53deeb543ad15c2563a89b6305171e"
    },
    "result": {
      "build_seconds": 0.212248868,
      "case": "narrow",
      "cfr_seconds": 2.4318987610000002,
      "cfv_capture": false,
      "iterations": 64,
      "performance_claim": false,
      "quality_file": "quality.json",
      "quality_seconds": 0.112024107,
      "schema": "r1.flop-native-solve/v1",
      "state_bytes": 81414344,
      "state_file": "state.bin",
      "state_write_seconds": 0.467483881,
      "status": "completed",
      "threads": 16
    },
    "root_os_peak_resident_bytes": 183664640,
    "root_os_peak_source": "wait4.ru_maxrss_linux_kib",
    "round": 0,
    "started_at": "2026-09-28T04:42:43.643374+00:00",
    "status": "failed",
    "supervisor_argv": [
      "--record",
      "/opt/r1/flop-cpu-profile-proof01/narrow-r0-w16/supervisor.json",
      "--cwd",
      "/opt/r1/flop-cpu-profile-proof01",
      "--disk-path",
      "/opt/r1/flop-cpu-profile-proof01",
      "--timeout-seconds",
      "90",
      "--disk-reserve-bytes",
      "2147483648",
      "--grace-seconds",
      "0.2",
      "--kill-wait-seconds",
      "5",
      "--memory-limit-bytes",
      "8589934592",
      "--min-free-memory-bytes",
      "2147483648",
      "--poll-seconds",
      "0.1",
      "--identity-file",
      "/opt/r1/flop-cpu-profile-proof01/measurement.json",
      "--identity-file",
      "/opt/r1/flop-cpu-profile-package/experiments/hu-postflop-r1/flop-scaling/cpu-profile/run.py",
      "--identity-file",
      "/opt/r1/flop-cpu-profile-package/tools/run_supervised.py",
      "--identity-file",
      "/usr/lib/linux-gcp-7.0-tools-7.0.0-1011/perf",
      "--identity-file",
      "/opt/r1/flop-cpu-profile-work01/baseline-target/release/examples/flop_cpu_profile_probe",
      "--",
      "/usr/lib/linux-gcp-7.0-tools-7.0.0-1011/perf",
      "record",
      "-e",
      "cpu-clock",
      "-F",
      "97",
      "--strict-freq",
      "--clockid",
      "mono",
      "--call-graph",
      "fp,32",
      "--no-buildid-cache",
      "--max-size",
      "16M",
      "-o",
      "/opt/r1/flop-cpu-profile-proof01/narrow-r0-w16/perf.data",
      "--",
      "/opt/r1/flop-cpu-profile-work01/baseline-target/release/examples/flop_cpu_profile_probe",
      "narrow",
      "16",
      "64",
      "/opt/r1/flop-cpu-profile-proof01/narrow-r0-w16/artifacts"
    ],
    "supervisor_exit": 0,
    "warmup": false,
    "workers": 16
  },
  "files": {
    "script.stdout.log": 63286615,
    "supervisor.stdout.log": 773,
    "script.json": 669,
    "supervisor.stderr.log": 150,
    "dump.stdout.log": 71438336,
    "failed-state-capture.json": 578,
    "perf.data": 1167196,
    "supervisor.samples.jsonl": 12174,
    "script.stderr.log": 0,
    "dump.stderr.log": 0,
    "supervisor.json": 6642,
    "artifacts/phases.json": 711,
    "artifacts/invocation.json": 294,
    "artifacts/state.failed.gz": 21005173,
    "artifacts/result.json": 352,
    "artifacts/quality.json": 670,
    "artifacts/cpu.json": 651
  },
  "log_tails": {
    "/opt/r1/flop-cpu-profile-proof01/narrow-r0-w16/script.stderr.log": "",
    "/opt/r1/flop-cpu-profile-proof01/narrow-r0-w16/dump.stderr.log": "",
    "/opt/r1/flop-cpu-profile-measure-wrapper01/measure.stderr.log": "Traceback (most recent call last):\n  File \"/opt/r1/flop-cpu-profile-package/experiments/hu-postflop-r1/flop-scaling/cpu-profile/run.py\", line 469, in execute\n    receipt[\"canonical\"][current[\"case\"]] = solve(out, plan, current, receipt, receipt[\"canonical\"].get(current[\"case\"]))\n                                            ^^^^^^^^^^^^^^^^^^^^^^^^^^^^^^^^^^^^^^^^^^^^^^^^^^^^^^^^^^^^^^^^^^^^^^^^^^^^^\n  File \"/opt/r1/flop-cpu-profile-package/experiments/hu-postflop-r1/flop-scaling/cpu-profile/run.py\", line 362, in solve\n    row[\"perf\"] = perf_read(plan[\"tools\"][\"perf\"][\"path\"], directory / \"perf.data\", directory, phases)\n                  ^^^^^^^^^^^^^^^^^^^^^^^^^^^^^^^^^^^^^^^^^^^^^^^^^^^^^^^^^^^^^^^^^^^^^^^^^^^^^^^^^^^^\n  File \"/opt/r1/flop-cpu-profile-package/experiments/hu-postflop-r1/flop-scaling/cpu-profile/run.py\", line 254, in perf_read\n    dumped = capture([perf, \"script\", \"-D\", \"-i\", str(data)], directory, \"dump\", seconds=20, max_bytes=64 * 1024**2)\n             ^^^^^^^^^^^^^^^^^^^^^^^^^^^^^^^^^^^^^^^^^^^^^^^^^^^^^^^^^^^^^^^^^^^^^^^^^^^^^^^^^^^^^^^^^^^^^^^^^^^^^^^\n  File \"/opt/r1/flop-cpu-profile-package/experiments/hu-postflop-r1/flop-scaling/cpu-profile/run.py\", line 181, in capture\n    raise ValueError(\"bounded perf helper timed out or exceeded output cap\")\nValueError: bounded perf helper timed out or exceeded output cap\n\nDuring handling of the above exception, another exception occurred:\n\nTraceback (most recent call last):\n  File \"/opt/r1/flop-cpu-profile-package/experiments/hu-postflop-r1/flop-scaling/cpu-profile/run.py\", line 545, in <module>\n    main()\n  File \"/opt/r1/flop-cpu-profile-package/experiments/hu-postflop-r1/flop-scaling/cpu-profile/run.py\", line 541, in main\n    execute(args)\n  File \"/opt/r1/flop-cpu-profile-package/experiments/hu-postflop-r1/flop-scaling/cpu-profile/run.py\", line 493, in execute\n    finish_manifest(out)\n  File \"/opt/r1/flop-cpu-profile-package/experiments/hu-postflop-r1/flop-scaling/cpu-profile/run.py\", line 395, in finish_manifest\n    need(sum(v[\"bytes\"] for v in files.values()) <= MAX_RETAINED, \"retained bound exceeded\")\n  File \"/opt/r1/flop-cpu-profile-package/experiments/hu-postflop-r1/flop-scaling/ev-scratch/run.py\", line 33, in need\n    raise ValueError(message)\nValueError: retained bound exceeded\n"
  },
  "perf_script_help_returncode": 129,
  "perf_script_help_sha256": "e8b1d60771a1b8d1824dd60af255c38c6a6750892953089cee89e621264d3070",
  "perf_script_help": "\n Usage: perf script [<options>]\n    or: perf script [<options>] record <script> [<record-options>] <command>\n    or: perf script [<options>] report <script> [script-args]\n    or: perf script [<options>] <script> [<record-options>] <command>\n    or: perf script [<options>] <top-script> [script-args]\n\n    -a, --all-cpus        system-wide collection from all CPUs\n    -c, --comms <comm[,comm...]>\n                          only display events for these comms\n    -C, --cpu <cpu>       list of cpus to profile\n    -d, --debug-mode      do various checks like samples ordering and lost events\n    -D, --dump-raw-trace  dump raw trace in ASCII\n    -F, --fields <str>    comma separated output fields prepend with 'type:'. +field to add and -field to remove.Valid types: hw,sw,trace,raw,synth. Fields: comm,tid,pid,time,cpu,event,trace,ip,sym,dso,dsoff,addr,symoff,srcline,period,iregs,uregs,brstack,brstacksym,flags,data_src,weight,bpf-output,brstackinsn,brstackinsnlen,brstackdisasm,brstackoff,callindent,insn,disasm,insnlen,synth,phys_addr,metric,misc,srccode,ipc,tod,data_page_size,code_page_size,ins_lat,machine_pid,vcpu,cgroup,retire_lat,brcntr\n    -f, --force           don't complain, do it\n    -g, --gen-script <lang>\n                          generate perf-script.xx script in specified language\n    -G, --hide-call-graph\n                          When printing symbols do not display call chain\n    -i, --input <file>    input file name\n    -I, --show-info       display extended information from perf.data file\n    -k, --vmlinux <file>  vmlinux pathname\n    -L, --Latency         show latency attributes (irqs/preemption disabled, etc)\n    -l, --list            list available scripts\n    -s, --script <name>   script file name (lang:script name, script name, or *)\n    -S, --symbols <symbol[,symbol...]>\n                          only consider these symbols\n    -v, --verbose         be more verbose (show symbol address, etc)\n        --addr-range <n>  Use with -S to list traced records within address range\n        --addr2line <path>\n                          addr2line binary to use for line numbers\n        --call-ret-trace[=...]\n                          Decode calls and returns from itrace\n        --call-trace[=...]\n                          Decode calls from itrace\n        --deltatime       Show time stamps relative to previous event\n        --demangle        Enable symbol demangling\n        --demangle-kernel\n                          Enable kernel symbol demangling\n        --dlarg <argument>\n                          filter argument\n        --dlfilter <file>\n                          filter .so file name\n        --dsos <dso[,dso...]>\n                          only consider symbols in these DSOs\n        --dump-unsorted-raw-trace\n                          dump unsorted raw trace in ASCII\n        --full-source-path\n                          Show full source file name path for source lines\n        --graph-function <symbol[,symbol...]>\n                          Only print symbols and callees with --call-trace/--call-ret-trace\n        --guest-code      Guest code can be found in hypervisor process\n        --guestkallsyms <file>\n                          file saving guest os /proc/kallsyms\n        --guestmodules <file>\n                          file saving guest os /proc/modules\n        --guestmount <directory>\n                          guest mount directory under which every guest os instance has a subdir\n        --guestvmlinux <file>\n                          file saving guest os vmlinux\n        --header          Show data header.\n        --header-only     Show only data header.\n        --inline          Show inline function\n        --insn-trace[=<raw|disasm>]\n                          Decode instructions from itrace\n        --itrace[=<opts>]\n                          Instruction Tracing options\n\t\t\t\ti[period]:    \t\tsynthesize instructions events\n\t\t\t\ty[period]:    \t\tsynthesize cycles events (same period as i)\n\t\t\t\tb:\t    \t\tsynthesize branches events\n\t\t\t\tc:\t    \t\tsynthesize branches events (calls only)\n\t\t\t\tr:\t    \t\tsynthesize branches events (returns only)\n\t\t\t\tx:\t    \t\tsynthesize transactions events\n\t\t\t\tw:\t    \t\tsynthesize ptwrite events\n\t\t\t\tp:\t    \t\tsynthesize power events\n\t\t\t\to:\t\t\tsynthesize other events recorded due to the use\n\t\t\t\t\t\t\tof aux-output (refer to perf record)\n\t\t\t\tI:\t\t\tsynthesize interrupt or similar (asynchronous) events\n\t\t\t\t\t\t\t(e.g. Intel PT Event Trace)\n\t\t\t\te[flags]:\t\tsynthesize error events\n\t\t\t\t\t\t\teach flag must be preceded by + or -\n\t\t\t\t\t\t\terror flags are: o (overflow)\n\t\t\t\t\t\t\t\t\t l (data lost)\n\t\t\t\td[flags]:\t\tcreate a debug log\n\t\t\t\t\t\t\teach flag must be preceded by + or -\n\t\t\t\t\t\t\tlog flags are: a (all perf events)\n\t\t\t\t\t\t\t               o (output to stdout)\n\t\t\t\tf:\t    \t\tsynthesize first level cache events\n\t\t\t\tm:\t    \t\tsynthesize last level cache events\n\t\t\t\tt:\t    \t\tsynthesize TLB events\n\t\t\t\ta:\t    \t\tsynthesize remote access events\n\t\t\t\tg[len]:     \t\tsynthesize a call chain (use with i or x)\n\t\t\t\tG[len]:\t\t\tsynthesize a call chain on existing event records\n\t\t\t\tl[len]:     \t\tsynthesize last branch entries (use with i or x)\n\t\t\t\tL[len]:\t\t\tsynthesize last branch entries on existing event records\n\t\t\t\tsNUMBER:    \t\tskip initial number of events\n\t\t\t\tq:\t\t\tquicker (less detailed) decoding\n\t\t\t\tA:\t\t\tapproximate IPC\n\t\t\t\tZ:\t\t\tprefer to ignore timestamps (so-called \"timeless\" decoding)\n\t\t\t\tT:\t\t\tuse the timestamp trace as kernel time\n\t\t\t\tPERIOD[ns|us|ms|i|t]:   specify period to sample stream\n\t\t\t\tconcatenate multiple options. Default is iybxwpe or cewp\n\n        --kallsyms <file>\n                          kallsyms pathname\n        --list-dlfilters  list available dlfilters\n        --max-blocks <n>  Maximum number of code blocks to dump with brstackinsn\n        --max-stack <n>   Set the maximum stack depth when parsing the callchain, anything beyond the specified depth will be ignored. Default: kernel.perf_event_max_stack or 127\n        --merge-callchains\n                          Enable merge deferred user callchains\n        --ns              Use 9 decimal places when displaying time\n        --per-event-dump  Dump trace output to files named by the monitored events\n        --pid <pid[,pid...]>\n                          only consider symbols in these pids\n        --reltime         Show time stamps relative to start\n        --show-bpf-events\n                          Show bpf related events (if recorded)\n        --show-cgroup-events\n                          Show cgroup events (if recorded)\n        --show-kernel-path\n                          Show the path of [kernel.kallsyms]\n        --show-lost-events\n                          Show lost events (if recorded)\n        --show-mmap-events\n                          Show the mmap events\n        --show-namespace-events\n                          Show namespace events (if recorded)\n        --show-on-off-events\n                          Show the on/off switch events, used with --switch-on and --switch-off\n        --show-round-events\n                          Show round events (if recorded)\n        --show-switch-events\n                          Show context switch events (if recorded)\n        --show-task-events\n                          Show the fork/comm/exit events\n        --show-text-poke-events\n                          Show text poke related events (if recorded)\n        --stitch-lbr      Enable LBR callgraph stitching approach\n        --stop-bt <symbol[,symbol...]>\n                          Stop display of callgraph at these symbols\n        --switch-off <event>\n                          Stop considering events after the occurrence of this event\n        --switch-on <event>\n                          Consider events after the occurrence of this event\n        --symfs <directory>\n                          Look for files with symbols relative to this directory\n        --tid <tid[,tid...]>\n                          only consider symbols in these tids\n        --time <str>      Time span of interest (start,stop)\n        --xed[=...]       Run xed disassembler on output\n\n"
}
