{
  "binaries": {
    "baseline": {
      "bytes": 1393992,
      "path": "/opt/r1/sparse-rank-work01/baseline-target/release/examples/flop_chance_grain_probe",
      "sha256": "717d59f1490c9cb81e25eba209b67a4d0787b39eb2344f783dfa480fe8b764d4"
    },
    "candidate": {
      "bytes": 1394280,
      "path": "/opt/r1/sparse-rank-work01/candidate-target/release/examples/flop_chance_grain_probe",
      "sha256": "2c042326f80813d5e4f43ce0fe01b7bc9f3fdc414117f172c7a576d10f70320b"
    }
  },
  "execution": {
    "bytes": 95777,
    "sha256": "cdaf3c9679b18de95666f4cf0b858a506c630fe544886d73af55ef543e5e29e4"
  },
  "files": {
    "application.json": {
      "bytes": 420,
      "sha256": "d89d80fe836f3594ed9c8cc2ac2ad9ca0b18d8792374729a54d2ae54ec12d543"
    },
    "application.stderr.log": {
      "bytes": 0,
      "sha256": "e3b0c44298fc1c149afbf4c8996fb92427ae41e4649b934ca495991b7852b855"
    },
    "application.stdout.log": {
      "bytes": 0,
      "sha256": "e3b0c44298fc1c149afbf4c8996fb92427ae41e4649b934ca495991b7852b855"
    },
    "binary-baseline.gz": {
      "bytes": 701863,
      "sha256": "0dc4a2c07f79584738938c72a0960f4189e8a230cf9688c72013f3797c9280da"
    },
    "binary-candidate.gz": {
      "bytes": 701957,
      "sha256": "16bb023580b11261ac20b66409130837509a5525869e626a93c29ecf9125e163"
    },
    "build-baseline/completed.json": {
      "bytes": 16703,
      "sha256": "98d07979904ebc49b1ca554d2f2193f90001755b97c75c1ada2e4c7016d00b4b"
    },
    "build-baseline/supervisor.json": {
      "bytes": 5791,
      "sha256": "fa9ab009f08178a63bdd21b6919e4bd99bc868984f0a70b982190bd15bf1fd31"
    },
    "build-baseline/supervisor.samples.jsonl": {
      "bytes": 191042,
      "sha256": "043c6bf061083842575d46325768ba7bb304a3b276150bac14fdff6a844b8a69"
    },
    "build-baseline/supervisor.stderr.log": {
      "bytes": 2446,
      "sha256": "1e0d818494975d6018420ecc5693462e0e4801eeb6cf8b66fc1cf3a689666fa9"
    },
    "build-baseline/supervisor.stdout.log": {
      "bytes": 70214,
      "sha256": "dffeac28f14dc6a32d7c102163d3a590c0803b7ca8f78664c72006ea4a039c56"
    },
    "build-candidate/completed.json": {
      "bytes": 16706,
      "sha256": "22efd82cbf6e19fc37311363d0812b4eeeda8674353c2cf33e3accb63a7d5513"
    },
    "build-candidate/supervisor.json": {
      "bytes": 5792,
      "sha256": "02a15e36678138e9f45dee8ade240708bedded9065998f25e7cad0fad08b4092"
    },
    "build-candidate/supervisor.samples.jsonl": {
      "bytes": 186364,
      "sha256": "546d18ca78af2eb7ae30a72b1dab7aff396635c33a93892c85e7af0e72ad9d92"
    },
    "build-candidate/supervisor.stderr.log": {
      "bytes": 2452,
      "sha256": "143d11521603cd40bcec379176bddd0e93a35f19c1d079eafd8174917742ac61"
    },
    "build-candidate/supervisor.stdout.log": {
      "bytes": 70400,
      "sha256": "67cf3082a2b43be07df28c1fa759a12904a1df47b5aef4b72eb33ad8d5cc745e"
    },
    "build-execution.json": {
      "bytes": 95777,
      "sha256": "cdaf3c9679b18de95666f4cf0b858a506c630fe544886d73af55ef543e5e29e4"
    },
    "inputs/1177f622056f0909fae5b55125e2a97e65a588df42739e97b0430ab3baabc4f2": {
      "bytes": 357,
      "sha256": "1177f622056f0909fae5b55125e2a97e65a588df42739e97b0430ab3baabc4f2"
    },
    "inputs/143a89ace93b169787b34f0c26f4683b1fde643d9fbe5553e6120cd92f8e2b79": {
      "bytes": 39199,
      "sha256": "143a89ace93b169787b34f0c26f4683b1fde643d9fbe5553e6120cd92f8e2b79"
    },
    "inputs/14f6fd5e95777aa1c7758b7ae99045b2f33452e5381b62a3a43efd6368b3da5d": {
      "bytes": 16343,
      "sha256": "14f6fd5e95777aa1c7758b7ae99045b2f33452e5381b62a3a43efd6368b3da5d"
    },
    "inputs/3217fe32daf623ed6547a4a073b597a6ce008670314459dfc24f4061f364a497": {
      "bytes": 9581,
      "sha256": "3217fe32daf623ed6547a4a073b597a6ce008670314459dfc24f4061f364a497"
    },
    "inputs/33fcbf8cb8ff7322b9d05eb1f7324586dab422842978b332a2a7115762abdb36": {
      "bytes": 597,
      "sha256": "33fcbf8cb8ff7322b9d05eb1f7324586dab422842978b332a2a7115762abdb36"
    },
    "inputs/3c42836e6850bb9129a52f15a0dcea9c235cf805685139dcbba08776ad7edb63": {
      "bytes": 10023,
      "sha256": "3c42836e6850bb9129a52f15a0dcea9c235cf805685139dcbba08776ad7edb63"
    },
    "inputs/533da61ec77e542e38638c6c9193013208bc6f2a038ba9ac6e2bc37d07e55466": {
      "bytes": 6531,
      "sha256": "533da61ec77e542e38638c6c9193013208bc6f2a038ba9ac6e2bc37d07e55466"
    },
    "inputs/5bd46e106bbc48e971c43c1ea080ed16e22356e83747ec6fb57157013fd029b8": {
      "bytes": 39015,
      "sha256": "5bd46e106bbc48e971c43c1ea080ed16e22356e83747ec6fb57157013fd029b8"
    },
    "inputs/610f81b034a53a71907c0756087b3433d730c5d6d1e86302a9ddb212af0d0c63": {
      "bytes": 382,
      "sha256": "610f81b034a53a71907c0756087b3433d730c5d6d1e86302a9ddb212af0d0c63"
    },
    "inputs/69d09d308e2d5d12160235dc9fc3fe981acc8f2103809a1fcccaaeed8b97c195": {
      "bytes": 17517,
      "sha256": "69d09d308e2d5d12160235dc9fc3fe981acc8f2103809a1fcccaaeed8b97c195"
    },
    "inputs/8220c3cfb8a24e20fa21a2ce34ecb4f46c563e7bddf4a70fb0f69d5cd0d537e8": {
      "bytes": 6480,
      "sha256": "8220c3cfb8a24e20fa21a2ce34ecb4f46c563e7bddf4a70fb0f69d5cd0d537e8"
    },
    "inputs/866dfdc35ff9e2e5f6f0ed2b681e657dd7aa80b29e12da43731801c8bc0b1fcf": {
      "bytes": 29755,
      "sha256": "866dfdc35ff9e2e5f6f0ed2b681e657dd7aa80b29e12da43731801c8bc0b1fcf"
    },
    "inputs/90d08f5b41a30fffffb90c8ebf76196bf84fa286b7e01aca584d538ef9851ba7": {
      "bytes": 26998,
      "sha256": "90d08f5b41a30fffffb90c8ebf76196bf84fa286b7e01aca584d538ef9851ba7"
    },
    "inputs/98067a7bd77a4546b4e4176a410e602ebea91ff3385da96d73d35cbd8f29897c": {
      "bytes": 5345,
      "sha256": "98067a7bd77a4546b4e4176a410e602ebea91ff3385da96d73d35cbd8f29897c"
    },
    "inputs/98afe25d53f698d16e7f8b9b034b8cab5525e2302cec346611a02719d2fd9fd2": {
      "bytes": 1208,
      "sha256": "98afe25d53f698d16e7f8b9b034b8cab5525e2302cec346611a02719d2fd9fd2"
    },
    "inputs/a7e362c4c682c97a587bce1a0ebdcb3e7007cd0204a2a84ca0b2b0369265764e": {
      "bytes": 23344,
      "sha256": "a7e362c4c682c97a587bce1a0ebdcb3e7007cd0204a2a84ca0b2b0369265764e"
    },
    "inputs/b8d5f5e2e1eb9f7624e1491842c5f1c368e3ef44c5799b1c832890302481f7c9": {
      "bytes": 7967,
      "sha256": "b8d5f5e2e1eb9f7624e1491842c5f1c368e3ef44c5799b1c832890302481f7c9"
    },
    "inputs/c376fe25a9ba2fbf2d61f5fca71bf366223fb374b7a1ef6a20cbe2b11403d04a": {
      "bytes": 75417,
      "sha256": "c376fe25a9ba2fbf2d61f5fca71bf366223fb374b7a1ef6a20cbe2b11403d04a"
    },
    "inputs/c4f3fbd1375f465333e2327465a098b96fb35922e8dbdcce48a3e181290b7892": {
      "bytes": 24781,
      "sha256": "c4f3fbd1375f465333e2327465a098b96fb35922e8dbdcce48a3e181290b7892"
    },
    "inputs/e0c7725683a4747ae5c52e8a6cb2fecb2e7c6fc4833075293cc88b4e5d0964bb": {
      "bytes": 22967,
      "sha256": "e0c7725683a4747ae5c52e8a6cb2fecb2e7c6fc4833075293cc88b4e5d0964bb"
    },
    "inputs/fc3fc5c18c6e2aa2fcb9ab7c0d2ddccbcb1899cc452dc8a3543963fb4773711d": {
      "bytes": 6303,
      "sha256": "fc3fc5c18c6e2aa2fcb9ab7c0d2ddccbcb1899cc452dc8a3543963fb4773711d"
    },
    "plan.json": {
      "bytes": 96218,
      "sha256": "5913d3d3cf534fa0519c16b033172ea07f5d38e424b3032f1b5cdcc70523f158"
    },
    "source-baseline.tar.gz": {
      "bytes": 967265,
      "sha256": "83fc42a73c202a7754889fd6bcefe984ffd575d0883545dc13a9068be0f3691c"
    },
    "source-candidate.tar.gz": {
      "bytes": 969021,
      "sha256": "fe3c88c8f5db027c9a7d6fe4af19f59c0982ea09093bfd010aa2407b0b6e5d39"
    },
    "tests-baseline/completed.json": {
      "bytes": 16552,
      "sha256": "1290721b41674e52df8179c5a8ecf68b9aa7f58bd6e92c6aad59dcf46231619d"
    },
    "tests-baseline/supervisor.json": {
      "bytes": 5829,
      "sha256": "c40fc587150a3b7ec37786103248e2061250f64850cd5c31240b4e530d60576e"
    },
    "tests-baseline/supervisor.samples.jsonl": {
      "bytes": 442502,
      "sha256": "e608e58f0270305f28ad83db0783b0d984a1f94445e3c654c40e8ec903f408da"
    },
    "tests-baseline/supervisor.stderr.log": {
      "bytes": 2007,
      "sha256": "0ac00dea4254f8641995040058f8fb61bee89b66a6fdb1c43eb5f3d5831aacc9"
    },
    "tests-baseline/supervisor.stdout.log": {
      "bytes": 12077,
      "sha256": "e85974902b6f203752fe54540d314e3df65f5969aef568f4ece2cc3273d7863a"
    },
    "tests-candidate/completed.json": {
      "bytes": 16559,
      "sha256": "51dc7e30becb0eb40cdec8b83b96e7d3c8ba660a06d1640032733913dd7c069b"
    },
    "tests-candidate/supervisor.json": {
      "bytes": 5841,
      "sha256": "0577b6e30a284e83742bf126aad5914adf029fbf9adbc66b928baaa30e23f78c"
    },
    "tests-candidate/supervisor.samples.jsonl": {
      "bytes": 448919,
      "sha256": "4ecaa9f6dbaea67281f55697accaf0770a59e3dc05464052741977b6a4c5f065"
    },
    "tests-candidate/supervisor.stderr.log": {
      "bytes": 2024,
      "sha256": "2714f548f384c9260660b19728b0e0fb689e6b0c4f25b3c2bd28e4cc3326cb63"
    },
    "tests-candidate/supervisor.stdout.log": {
      "bytes": 12510,
      "sha256": "bbf86dc6a20321a500718af430201e30c6c2dd5c55f6903fd148ad5397d9b4bb"
    },
    "toolchain/completed.json": {
      "bytes": 15994,
      "sha256": "6d6c06d0be274334a4a06b15bd14c53ac3cec750b4ba5e0394cc22066848bd20"
    },
    "toolchain/supervisor.json": {
      "bytes": 5271,
      "sha256": "2e9060363dc7746b24ad6f60a92209d9a045255bed7f189dde934d45f58d09ec"
    },
    "toolchain/supervisor.samples.jsonl": {
      "bytes": 620,
      "sha256": "f7eba789d9ca5bb088e497d255fd8d7fb8e0866bf9e6ab1e91ccb62bfc3a07e7"
    },
    "toolchain/supervisor.stderr.log": {
      "bytes": 0,
      "sha256": "e3b0c44298fc1c149afbf4c8996fb92427ae41e4649b934ca495991b7852b855"
    },
    "toolchain/supervisor.stdout.log": {
      "bytes": 196,
      "sha256": "a90721a3b031e0e1c8bfc34ece79b6608d2ae53166cfb77dad281a0eb5fa6bc8"
    }
  },
  "plan": {
    "bytes": 96218,
    "sha256": "5913d3d3cf534fa0519c16b033172ea07f5d38e424b3032f1b5cdcc70523f158"
  },
  "schema": "r1.sparse-rank-groups-build/v1",
  "stages": [
    {
      "command": [
        "/opt/r1/rustup/toolchains/1.97.0-x86_64-unknown-linux-gnu/bin/rustc",
        "-Vv"
      ],
      "completion": {
        "bytes": 15994,
        "path": "/opt/r1/sparse-rank-proof01/toolchain/completed.json",
        "sha256": "6d6c06d0be274334a4a06b15bd14c53ac3cec750b4ba5e0394cc22066848bd20"
      },
      "ended_at": "2026-09-28T05:39:35.817649+00:00",
      "environment": {
        "CARGO_BUILD_JOBS": "2",
        "CARGO_INCREMENTAL": "0",
        "RAYON_NUM_THREADS": "1",
        "RUSTC": "/opt/r1/rustup/toolchains/1.97.0-x86_64-unknown-linux-gnu/bin/rustc",
        "RUSTFLAGS": "-C target-cpu=x86-64-v3"
      },
      "forbidden_environment": [],
      "host_after": {
        "affinity": [
          0,
          1
        ],
        "boot_id": "e472e3a4-51c6-407f-bd56-1f0dc06204fe",
        "cgroup": {
          "cpu_limits": {
            "/sys/fs/cgroup/system.slice": "max 100000",
            "/sys/fs/cgroup/system.slice/solvers-r1-vm21-build2.service": "max 100000"
          },
          "cpu_weight": "100",
          "memory_max": "6442450944",
          "swap_max": "0"
        },
        "cpu_models": [
          "AMD EPYC 7B12"
        ],
        "instance_id": "715936786015339093",
        "logical_cpus": 2,
        "machine": "x86_64",
        "one_per_core": [],
        "physical_cores": 1,
        "topology": [
          {
            "core": "0",
            "cpu": 0,
            "socket": "0"
          },
          {
            "core": "0",
            "cpu": 1,
            "socket": "0"
          }
        ],
        "v3": {
          "argv": [
            "/usr/lib/x86_64-linux-gnu/ld-linux-x86-64.so.2",
            "--help"
          ],
          "loader": {
            "bytes": 236616,
            "path": "/usr/lib/x86_64-linux-gnu/ld-linux-x86-64.so.2",
            "sha256": "c20a2dc8917c755f02b94049356320fe1f62ac7d9f8994731f807d9df39302da"
          },
          "per_cpu_flags": {
            "0": [
              "3dnowprefetch",
              "abm",
              "adx",
              "aes",
              "apic",
              "arat",
              "avx",
              "avx2",
              "bmi1",
              "bmi2",
              "clflush",
              "clflushopt",
              "clwb",
              "clzero",
              "cmov",
              "cmp_legacy",
              "constant_tsc",
              "cpuid",
              "cr8_legacy",
              "cx16",
              "cx8",
              "de",
              "extd_apicid",
              "f16c",
              "fma",
              "fpu",
              "fsgsbase",
              "fxsr",
              "fxsr_opt",
              "ht",
              "hypervisor",
              "ibpb",
              "ibrs",
              "lahf_lm",
              "lm",
              "mca",
              "mce",
              "misalignsse",
              "mmx",
              "mmxext",
              "movbe",
              "msr",
              "mtrr",
              "nonstop_tsc",
              "nopl",
              "nx",
              "osvw",
              "pae",
              "pat",
              "pclmulqdq",
              "pdpe1gb",
              "pge",
              "pni",
              "popcnt",
              "pse",
              "pse36",
              "rdpid",
              "rdrand",
              "rdseed",
              "rdtscp",
              "rep_good",
              "sep",
              "sha_ni",
              "smap",
              "smep",
              "ssbd",
              "sse",
              "sse2",
              "sse4_1",
              "sse4_2",
              "sse4a",
              "ssse3",
              "stibp",
              "syscall",
              "topoext",
              "tsc",
              "tsc_adjust",
              "tsc_known_freq",
              "umip",
              "vme",
              "vmmcall",
              "x2apic",
              "xgetbv1",
              "xsave",
              "xsavec",
              "xsaveerptr",
              "xsaveopt",
              "xtopology"
            ],
            "1": [
              "3dnowprefetch",
              "abm",
              "adx",
              "aes",
              "apic",
              "arat",
              "avx",
              "avx2",
              "bmi1",
              "bmi2",
              "clflush",
              "clflushopt",
              "clwb",
              "clzero",
              "cmov",
              "cmp_legacy",
              "constant_tsc",
              "cpuid",
              "cr8_legacy",
              "cx16",
              "cx8",
              "de",
              "extd_apicid",
              "f16c",
              "fma",
              "fpu",
              "fsgsbase",
              "fxsr",
              "fxsr_opt",
              "ht",
              "hypervisor",
              "ibpb",
              "ibrs",
              "lahf_lm",
              "lm",
              "mca",
              "mce",
              "misalignsse",
              "mmx",
              "mmxext",
              "movbe",
              "msr",
              "mtrr",
              "nonstop_tsc",
              "nopl",
              "nx",
              "osvw",
              "pae",
              "pat",
              "pclmulqdq",
              "pdpe1gb",
              "pge",
              "pni",
              "popcnt",
              "pse",
              "pse36",
              "rdpid",
              "rdrand",
              "rdseed",
              "rdtscp",
              "rep_good",
              "sep",
              "sha_ni",
              "smap",
              "smep",
              "ssbd",
              "sse",
              "sse2",
              "sse4_1",
              "sse4_2",
              "sse4a",
              "ssse3",
              "stibp",
              "syscall",
              "topoext",
              "tsc",
              "tsc_adjust",
              "tsc_known_freq",
              "umip",
              "vme",
              "vmmcall",
              "x2apic",
              "xgetbv1",
              "xsave",
              "xsavec",
              "xsaveerptr",
              "xsaveopt",
              "xtopology"
            ]
          },
          "returncode": 0,
          "stderr": "",
          "stdout": "Usage: /usr/lib/x86_64-linux-gnu/ld-linux-x86-64.so.2 [OPTION]... EXECUTABLE-FILE [ARGS-FOR-PROGRAM...]\nYou have invoked 'ld.so', the program interpreter for dynamically-linked\nELF programs.  Usually, the program interpreter is invoked automatically\nwhen a dynamically-linked executable is started.\n\nYou may invoke the program interpreter program directly from the command\nline to load and run an ELF executable file; this is like executing that\nfile itself, but always uses the program interpreter you invoked,\ninstead of the program interpreter specified in the executable file you\nrun.  Invoking the program interpreter directly provides access to\nadditional diagnostics, and changing the dynamic linker behavior without\nsetting environment variables (which would be inherited by subprocesses).\n\n  --list                list all dependencies and how they are resolved\n  --verify              verify that given object really is a dynamically linked\n                        object we can handle\n  --inhibit-cache       Do not use /etc/ld.so.cache\n  --library-path PATH   use given PATH instead of content of the environment\n                        variable LD_LIBRARY_PATH\n  --glibc-hwcaps-prepend LIST\n                        search glibc-hwcaps subdirectories in LIST\n  --glibc-hwcaps-mask LIST\n                        only search built-in subdirectories if in LIST\n  --inhibit-rpath LIST  ignore RUNPATH and RPATH information in object names\n                        in LIST\n  --audit LIST          use objects named in LIST as auditors\n  --preload LIST        preload objects named in LIST\n  --argv0 STRING        set argv[0] to STRING before running\n  --list-tunables       list all tunables with minimum and maximum values\n  --list-diagnostics    list diagnostics information\n  --help                display this help and exit\n  --version             output version information and exit\n\nThis program interpreter self-identifies as: /lib64/ld-linux-x86-64.so.2\n\nShared library search path:\n  (libraries located via /etc/ld.so.cache)\n  /lib/x86_64-linux-gnu (system search path)\n  /usr/lib/x86_64-linux-gnu (system search path)\n  /lib (system search path)\n  /usr/lib (system search path)\n\nSubdirectories of glibc-hwcaps directories, in priority order:\n  x86-64-v4\n  x86-64-v3 (supported, searched)\n  x86-64-v2 (supported, searched)\n"
        }
      },
      "host_before": {
        "affinity": [
          0,
          1
        ],
        "boot_id": "e472e3a4-51c6-407f-bd56-1f0dc06204fe",
        "cgroup": {
          "cpu_limits": {
            "/sys/fs/cgroup/system.slice": "max 100000",
            "/sys/fs/cgroup/system.slice/solvers-r1-vm21-build2.service": "max 100000"
          },
          "cpu_weight": "100",
          "memory_max": "6442450944",
          "swap_max": "0"
        },
        "cpu_models": [
          "AMD EPYC 7B12"
        ],
        "instance_id": "715936786015339093",
        "logical_cpus": 2,
        "machine": "x86_64",
        "one_per_core": [],
        "physical_cores": 1,
        "topology": [
          {
            "core": "0",
            "cpu": 0,
            "socket": "0"
          },
          {
            "core": "0",
            "cpu": 1,
            "socket": "0"
          }
        ],
        "v3": {
          "argv": [
            "/usr/lib/x86_64-linux-gnu/ld-linux-x86-64.so.2",
            "--help"
          ],
          "loader": {
            "bytes": 236616,
            "path": "/usr/lib/x86_64-linux-gnu/ld-linux-x86-64.so.2",
            "sha256": "c20a2dc8917c755f02b94049356320fe1f62ac7d9f8994731f807d9df39302da"
          },
          "per_cpu_flags": {
            "0": [
              "3dnowprefetch",
              "abm",
              "adx",
              "aes",
              "apic",
              "arat",
              "avx",
              "avx2",
              "bmi1",
              "bmi2",
              "clflush",
              "clflushopt",
              "clwb",
              "clzero",
              "cmov",
              "cmp_legacy",
              "constant_tsc",
              "cpuid",
              "cr8_legacy",
              "cx16",
              "cx8",
              "de",
              "extd_apicid",
              "f16c",
              "fma",
              "fpu",
              "fsgsbase",
              "fxsr",
              "fxsr_opt",
              "ht",
              "hypervisor",
              "ibpb",
              "ibrs",
              "lahf_lm",
              "lm",
              "mca",
              "mce",
              "misalignsse",
              "mmx",
              "mmxext",
              "movbe",
              "msr",
              "mtrr",
              "nonstop_tsc",
              "nopl",
              "nx",
              "osvw",
              "pae",
              "pat",
              "pclmulqdq",
              "pdpe1gb",
              "pge",
              "pni",
              "popcnt",
              "pse",
              "pse36",
              "rdpid",
              "rdrand",
              "rdseed",
              "rdtscp",
              "rep_good",
              "sep",
              "sha_ni",
              "smap",
              "smep",
              "ssbd",
              "sse",
              "sse2",
              "sse4_1",
              "sse4_2",
              "sse4a",
              "ssse3",
              "stibp",
              "syscall",
              "topoext",
              "tsc",
              "tsc_adjust",
              "tsc_known_freq",
              "umip",
              "vme",
              "vmmcall",
              "x2apic",
              "xgetbv1",
              "xsave",
              "xsavec",
              "xsaveerptr",
              "xsaveopt",
              "xtopology"
            ],
            "1": [
              "3dnowprefetch",
              "abm",
              "adx",
              "aes",
              "apic",
              "arat",
              "avx",
              "avx2",
              "bmi1",
              "bmi2",
              "clflush",
              "clflushopt",
              "clwb",
              "clzero",
              "cmov",
              "cmp_legacy",
              "constant_tsc",
              "cpuid",
              "cr8_legacy",
              "cx16",
              "cx8",
              "de",
              "extd_apicid",
              "f16c",
              "fma",
              "fpu",
              "fsgsbase",
              "fxsr",
              "fxsr_opt",
              "ht",
              "hypervisor",
              "ibpb",
              "ibrs",
              "lahf_lm",
              "lm",
              "mca",
              "mce",
              "misalignsse",
              "mmx",
              "mmxext",
              "movbe",
              "msr",
              "mtrr",
              "nonstop_tsc",
              "nopl",
              "nx",
              "osvw",
              "pae",
              "pat",
              "pclmulqdq",
              "pdpe1gb",
              "pge",
              "pni",
              "popcnt",
              "pse",
              "pse36",
              "rdpid",
              "rdrand",
              "rdseed",
              "rdtscp",
              "rep_good",
              "sep",
              "sha_ni",
              "smap",
              "smep",
              "ssbd",
              "sse",
              "sse2",
              "sse4_1",
              "sse4_2",
              "sse4a",
              "ssse3",
              "stibp",
              "syscall",
              "topoext",
              "tsc",
              "tsc_adjust",
              "tsc_known_freq",
              "umip",
              "vme",
              "vmmcall",
              "x2apic",
              "xgetbv1",
              "xsave",
              "xsavec",
              "xsaveerptr",
              "xsaveopt",
              "xtopology"
            ]
          },
          "returncode": 0,
          "stderr": "",
          "stdout": "Usage: /usr/lib/x86_64-linux-gnu/ld-linux-x86-64.so.2 [OPTION]... EXECUTABLE-FILE [ARGS-FOR-PROGRAM...]\nYou have invoked 'ld.so', the program interpreter for dynamically-linked\nELF programs.  Usually, the program interpreter is invoked automatically\nwhen a dynamically-linked executable is started.\n\nYou may invoke the program interpreter program directly from the command\nline to load and run an ELF executable file; this is like executing that\nfile itself, but always uses the program interpreter you invoked,\ninstead of the program interpreter specified in the executable file you\nrun.  Invoking the program interpreter directly provides access to\nadditional diagnostics, and changing the dynamic linker behavior without\nsetting environment variables (which would be inherited by subprocesses).\n\n  --list                list all dependencies and how they are resolved\n  --verify              verify that given object really is a dynamically linked\n                        object we can handle\n  --inhibit-cache       Do not use /etc/ld.so.cache\n  --library-path PATH   use given PATH instead of content of the environment\n                        variable LD_LIBRARY_PATH\n  --glibc-hwcaps-prepend LIST\n                        search glibc-hwcaps subdirectories in LIST\n  --glibc-hwcaps-mask LIST\n                        only search built-in subdirectories if in LIST\n  --inhibit-rpath LIST  ignore RUNPATH and RPATH information in object names\n                        in LIST\n  --audit LIST          use objects named in LIST as auditors\n  --preload LIST        preload objects named in LIST\n  --argv0 STRING        set argv[0] to STRING before running\n  --list-tunables       list all tunables with minimum and maximum values\n  --list-diagnostics    list diagnostics information\n  --help                display this help and exit\n  --version             output version information and exit\n\nThis program interpreter self-identifies as: /lib64/ld-linux-x86-64.so.2\n\nShared library search path:\n  (libraries located via /etc/ld.so.cache)\n  /lib/x86_64-linux-gnu (system search path)\n  /usr/lib/x86_64-linux-gnu (system search path)\n  /lib (system search path)\n  /usr/lib (system search path)\n\nSubdirectories of glibc-hwcaps directories, in priority order:\n  x86-64-v4\n  x86-64-v3 (supported, searched)\n  x86-64-v2 (supported, searched)\n"
        }
      },
      "kind": "toolchain",
      "name": "toolchain",
      "process_seconds": 0.116666304000006,
      "record": {
        "bytes": 5271,
        "path": "/opt/r1/sparse-rank-proof01/toolchain/supervisor.json",
        "sha256": "2e9060363dc7746b24ad6f60a92209d9a045255bed7f189dde934d45f58d09ec"
      },
      "root_os_peak_resident_bytes": 80756736,
      "root_os_peak_source": "wait4.ru_maxrss_linux_kib",
      "started_at": "2026-09-28T05:39:35.632075+00:00",
      "status": "completed",
      "supervisor_argv": [
        "--record",
        "/opt/r1/sparse-rank-proof01/toolchain/supervisor.json",
        "--cwd",
        "/opt/r1/sparse-rank-proof01",
        "--disk-path",
        "/opt/r1/sparse-rank-proof01",
        "--timeout-seconds",
        "10",
        "--disk-reserve-bytes",
        "2147483648",
        "--grace-seconds",
        "0.2",
        "--kill-wait-seconds",
        "5",
        "--memory-limit-bytes",
        "4294967296",
        "--min-free-memory-bytes",
        "2147483648",
        "--poll-seconds",
        "0.1",
        "--identity-file",
        "/opt/r1/sparse-rank-proof01/plan.json",
        "--identity-file",
        "/opt/r1/sparse-rank-package/experiments/hu-postflop-r1/flop-scaling/sparse-rank-groups/run.py",
        "--identity-file",
        "/opt/r1/sparse-rank-package/tools/run_supervised.py",
        "--identity-file",
        "/opt/r1/rustup/toolchains/1.97.0-x86_64-unknown-linux-gnu/bin/rustc",
        "--",
        "/opt/r1/rustup/toolchains/1.97.0-x86_64-unknown-linux-gnu/bin/rustc",
        "-Vv"
      ],
      "supervisor_exit": 0,
      "verified_at": "2026-09-28T05:39:36.072489+00:00"
    },
    {
      "arm": "baseline",
      "command": [
        "/opt/r1/rustup/toolchains/1.97.0-x86_64-unknown-linux-gnu/bin/cargo",
        "build",
        "--locked",
        "--offline",
        "--release",
        "-j2",
        "--target-dir",
        "/opt/r1/sparse-rank-work01/baseline-target",
        "-p",
        "holdem",
        "--example",
        "flop_chance_grain_probe",
        "--message-format=json"
      ],
      "completion": {
        "bytes": 16703,
        "path": "/opt/r1/sparse-rank-proof01/build-baseline/completed.json",
        "sha256": "98d07979904ebc49b1ca554d2f2193f90001755b97c75c1ada2e4c7016d00b4b"
      },
      "ended_at": "2026-09-28T05:40:45.944719+00:00",
      "environment": {
        "CARGO_BUILD_JOBS": "2",
        "CARGO_INCREMENTAL": "0",
        "RAYON_NUM_THREADS": "1",
        "RUSTC": "/opt/r1/rustup/toolchains/1.97.0-x86_64-unknown-linux-gnu/bin/rustc",
        "RUSTFLAGS": "-C target-cpu=x86-64-v3"
      },
      "forbidden_environment": [],
      "host_after": {
        "affinity": [
          0,
          1
        ],
        "boot_id": "e472e3a4-51c6-407f-bd56-1f0dc06204fe",
        "cgroup": {
          "cpu_limits": {
            "/sys/fs/cgroup/system.slice": "max 100000",
            "/sys/fs/cgroup/system.slice/solvers-r1-vm21-build2.service": "max 100000"
          },
          "cpu_weight": "100",
          "memory_max": "6442450944",
          "swap_max": "0"
        },
        "cpu_models": [
          "AMD EPYC 7B12"
        ],
        "instance_id": "715936786015339093",
        "logical_cpus": 2,
        "machine": "x86_64",
        "one_per_core": [],
        "physical_cores": 1,
        "topology": [
          {
            "core": "0",
            "cpu": 0,
            "socket": "0"
          },
          {
            "core": "0",
            "cpu": 1,
            "socket": "0"
          }
        ],
        "v3": {
          "argv": [
            "/usr/lib/x86_64-linux-gnu/ld-linux-x86-64.so.2",
            "--help"
          ],
          "loader": {
            "bytes": 236616,
            "path": "/usr/lib/x86_64-linux-gnu/ld-linux-x86-64.so.2",
            "sha256": "c20a2dc8917c755f02b94049356320fe1f62ac7d9f8994731f807d9df39302da"
          },
          "per_cpu_flags": {
            "0": [
              "3dnowprefetch",
              "abm",
              "adx",
              "aes",
              "apic",
              "arat",
              "avx",
              "avx2",
              "bmi1",
              "bmi2",
              "clflush",
              "clflushopt",
              "clwb",
              "clzero",
              "cmov",
              "cmp_legacy",
              "constant_tsc",
              "cpuid",
              "cr8_legacy",
              "cx16",
              "cx8",
              "de",
              "extd_apicid",
              "f16c",
              "fma",
              "fpu",
              "fsgsbase",
              "fxsr",
              "fxsr_opt",
              "ht",
              "hypervisor",
              "ibpb",
              "ibrs",
              "lahf_lm",
              "lm",
              "mca",
              "mce",
              "misalignsse",
              "mmx",
              "mmxext",
              "movbe",
              "msr",
              "mtrr",
              "nonstop_tsc",
              "nopl",
              "nx",
              "osvw",
              "pae",
              "pat",
              "pclmulqdq",
              "pdpe1gb",
              "pge",
              "pni",
              "popcnt",
              "pse",
              "pse36",
              "rdpid",
              "rdrand",
              "rdseed",
              "rdtscp",
              "rep_good",
              "sep",
              "sha_ni",
              "smap",
              "smep",
              "ssbd",
              "sse",
              "sse2",
              "sse4_1",
              "sse4_2",
              "sse4a",
              "ssse3",
              "stibp",
              "syscall",
              "topoext",
              "tsc",
              "tsc_adjust",
              "tsc_known_freq",
              "umip",
              "vme",
              "vmmcall",
              "x2apic",
              "xgetbv1",
              "xsave",
              "xsavec",
              "xsaveerptr",
              "xsaveopt",
              "xtopology"
            ],
            "1": [
              "3dnowprefetch",
              "abm",
              "adx",
              "aes",
              "apic",
              "arat",
              "avx",
              "avx2",
              "bmi1",
              "bmi2",
              "clflush",
              "clflushopt",
              "clwb",
              "clzero",
              "cmov",
              "cmp_legacy",
              "constant_tsc",
              "cpuid",
              "cr8_legacy",
              "cx16",
              "cx8",
              "de",
              "extd_apicid",
              "f16c",
              "fma",
              "fpu",
              "fsgsbase",
              "fxsr",
              "fxsr_opt",
              "ht",
              "hypervisor",
              "ibpb",
              "ibrs",
              "lahf_lm",
              "lm",
              "mca",
              "mce",
              "misalignsse",
              "mmx",
              "mmxext",
              "movbe",
              "msr",
              "mtrr",
              "nonstop_tsc",
              "nopl",
              "nx",
              "osvw",
              "pae",
              "pat",
              "pclmulqdq",
              "pdpe1gb",
              "pge",
              "pni",
              "popcnt",
              "pse",
              "pse36",
              "rdpid",
              "rdrand",
              "rdseed",
              "rdtscp",
              "rep_good",
              "sep",
              "sha_ni",
              "smap",
              "smep",
              "ssbd",
              "sse",
              "sse2",
              "sse4_1",
              "sse4_2",
              "sse4a",
              "ssse3",
              "stibp",
              "syscall",
              "topoext",
              "tsc",
              "tsc_adjust",
              "tsc_known_freq",
              "umip",
              "vme",
              "vmmcall",
              "x2apic",
              "xgetbv1",
              "xsave",
              "xsavec",
              "xsaveerptr",
              "xsaveopt",
              "xtopology"
            ]
          },
          "returncode": 0,
          "stderr": "",
          "stdout": "Usage: /usr/lib/x86_64-linux-gnu/ld-linux-x86-64.so.2 [OPTION]... EXECUTABLE-FILE [ARGS-FOR-PROGRAM...]\nYou have invoked 'ld.so', the program interpreter for dynamically-linked\nELF programs.  Usually, the program interpreter is invoked automatically\nwhen a dynamically-linked executable is started.\n\nYou may invoke the program interpreter program directly from the command\nline to load and run an ELF executable file; this is like executing that\nfile itself, but always uses the program interpreter you invoked,\ninstead of the program interpreter specified in the executable file you\nrun.  Invoking the program interpreter directly provides access to\nadditional diagnostics, and changing the dynamic linker behavior without\nsetting environment variables (which would be inherited by subprocesses).\n\n  --list                list all dependencies and how they are resolved\n  --verify              verify that given object really is a dynamically linked\n                        object we can handle\n  --inhibit-cache       Do not use /etc/ld.so.cache\n  --library-path PATH   use given PATH instead of content of the environment\n                        variable LD_LIBRARY_PATH\n  --glibc-hwcaps-prepend LIST\n                        search glibc-hwcaps subdirectories in LIST\n  --glibc-hwcaps-mask LIST\n                        only search built-in subdirectories if in LIST\n  --inhibit-rpath LIST  ignore RUNPATH and RPATH information in object names\n                        in LIST\n  --audit LIST          use objects named in LIST as auditors\n  --preload LIST        preload objects named in LIST\n  --argv0 STRING        set argv[0] to STRING before running\n  --list-tunables       list all tunables with minimum and maximum values\n  --list-diagnostics    list diagnostics information\n  --help                display this help and exit\n  --version             output version information and exit\n\nThis program interpreter self-identifies as: /lib64/ld-linux-x86-64.so.2\n\nShared library search path:\n  (libraries located via /etc/ld.so.cache)\n  /lib/x86_64-linux-gnu (system search path)\n  /usr/lib/x86_64-linux-gnu (system search path)\n  /lib (system search path)\n  /usr/lib (system search path)\n\nSubdirectories of glibc-hwcaps directories, in priority order:\n  x86-64-v4\n  x86-64-v3 (supported, searched)\n  x86-64-v2 (supported, searched)\n"
        }
      },
      "host_before": {
        "affinity": [
          0,
          1
        ],
        "boot_id": "e472e3a4-51c6-407f-bd56-1f0dc06204fe",
        "cgroup": {
          "cpu_limits": {
            "/sys/fs/cgroup/system.slice": "max 100000",
            "/sys/fs/cgroup/system.slice/solvers-r1-vm21-build2.service": "max 100000"
          },
          "cpu_weight": "100",
          "memory_max": "6442450944",
          "swap_max": "0"
        },
        "cpu_models": [
          "AMD EPYC 7B12"
        ],
        "instance_id": "715936786015339093",
        "logical_cpus": 2,
        "machine": "x86_64",
        "one_per_core": [],
        "physical_cores": 1,
        "topology": [
          {
            "core": "0",
            "cpu": 0,
            "socket": "0"
          },
          {
            "core": "0",
            "cpu": 1,
            "socket": "0"
          }
        ],
        "v3": {
          "argv": [
            "/usr/lib/x86_64-linux-gnu/ld-linux-x86-64.so.2",
            "--help"
          ],
          "loader": {
            "bytes": 236616,
            "path": "/usr/lib/x86_64-linux-gnu/ld-linux-x86-64.so.2",
            "sha256": "c20a2dc8917c755f02b94049356320fe1f62ac7d9f8994731f807d9df39302da"
          },
          "per_cpu_flags": {
            "0": [
              "3dnowprefetch",
              "abm",
              "adx",
              "aes",
              "apic",
              "arat",
              "avx",
              "avx2",
              "bmi1",
              "bmi2",
              "clflush",
              "clflushopt",
              "clwb",
              "clzero",
              "cmov",
              "cmp_legacy",
              "constant_tsc",
              "cpuid",
              "cr8_legacy",
              "cx16",
              "cx8",
              "de",
              "extd_apicid",
              "f16c",
              "fma",
              "fpu",
              "fsgsbase",
              "fxsr",
              "fxsr_opt",
              "ht",
              "hypervisor",
              "ibpb",
              "ibrs",
              "lahf_lm",
              "lm",
              "mca",
              "mce",
              "misalignsse",
              "mmx",
              "mmxext",
              "movbe",
              "msr",
              "mtrr",
              "nonstop_tsc",
              "nopl",
              "nx",
              "osvw",
              "pae",
              "pat",
              "pclmulqdq",
              "pdpe1gb",
              "pge",
              "pni",
              "popcnt",
              "pse",
              "pse36",
              "rdpid",
              "rdrand",
              "rdseed",
              "rdtscp",
              "rep_good",
              "sep",
              "sha_ni",
              "smap",
              "smep",
              "ssbd",
              "sse",
              "sse2",
              "sse4_1",
              "sse4_2",
              "sse4a",
              "ssse3",
              "stibp",
              "syscall",
              "topoext",
              "tsc",
              "tsc_adjust",
              "tsc_known_freq",
              "umip",
              "vme",
              "vmmcall",
              "x2apic",
              "xgetbv1",
              "xsave",
              "xsavec",
              "xsaveerptr",
              "xsaveopt",
              "xtopology"
            ],
            "1": [
              "3dnowprefetch",
              "abm",
              "adx",
              "aes",
              "apic",
              "arat",
              "avx",
              "avx2",
              "bmi1",
              "bmi2",
              "clflush",
              "clflushopt",
              "clwb",
              "clzero",
              "cmov",
              "cmp_legacy",
              "constant_tsc",
              "cpuid",
              "cr8_legacy",
              "cx16",
              "cx8",
              "de",
              "extd_apicid",
              "f16c",
              "fma",
              "fpu",
              "fsgsbase",
              "fxsr",
              "fxsr_opt",
              "ht",
              "hypervisor",
              "ibpb",
              "ibrs",
              "lahf_lm",
              "lm",
              "mca",
              "mce",
              "misalignsse",
              "mmx",
              "mmxext",
              "movbe",
              "msr",
              "mtrr",
              "nonstop_tsc",
              "nopl",
              "nx",
              "osvw",
              "pae",
              "pat",
              "pclmulqdq",
              "pdpe1gb",
              "pge",
              "pni",
              "popcnt",
              "pse",
              "pse36",
              "rdpid",
              "rdrand",
              "rdseed",
              "rdtscp",
              "rep_good",
              "sep",
              "sha_ni",
              "smap",
              "smep",
              "ssbd",
              "sse",
              "sse2",
              "sse4_1",
              "sse4_2",
              "sse4a",
              "ssse3",
              "stibp",
              "syscall",
              "topoext",
              "tsc",
              "tsc_adjust",
              "tsc_known_freq",
              "umip",
              "vme",
              "vmmcall",
              "x2apic",
              "xgetbv1",
              "xsave",
              "xsavec",
              "xsaveerptr",
              "xsaveopt",
              "xtopology"
            ]
          },
          "returncode": 0,
          "stderr": "",
          "stdout": "Usage: /usr/lib/x86_64-linux-gnu/ld-linux-x86-64.so.2 [OPTION]... EXECUTABLE-FILE [ARGS-FOR-PROGRAM...]\nYou have invoked 'ld.so', the program interpreter for dynamically-linked\nELF programs.  Usually, the program interpreter is invoked automatically\nwhen a dynamically-linked executable is started.\n\nYou may invoke the program interpreter program directly from the command\nline to load and run an ELF executable file; this is like executing that\nfile itself, but always uses the program interpreter you invoked,\ninstead of the program interpreter specified in the executable file you\nrun.  Invoking the program interpreter directly provides access to\nadditional diagnostics, and changing the dynamic linker behavior without\nsetting environment variables (which would be inherited by subprocesses).\n\n  --list                list all dependencies and how they are resolved\n  --verify              verify that given object really is a dynamically linked\n                        object we can handle\n  --inhibit-cache       Do not use /etc/ld.so.cache\n  --library-path PATH   use given PATH instead of content of the environment\n                        variable LD_LIBRARY_PATH\n  --glibc-hwcaps-prepend LIST\n                        search glibc-hwcaps subdirectories in LIST\n  --glibc-hwcaps-mask LIST\n                        only search built-in subdirectories if in LIST\n  --inhibit-rpath LIST  ignore RUNPATH and RPATH information in object names\n                        in LIST\n  --audit LIST          use objects named in LIST as auditors\n  --preload LIST        preload objects named in LIST\n  --argv0 STRING        set argv[0] to STRING before running\n  --list-tunables       list all tunables with minimum and maximum values\n  --list-diagnostics    list diagnostics information\n  --help                display this help and exit\n  --version             output version information and exit\n\nThis program interpreter self-identifies as: /lib64/ld-linux-x86-64.so.2\n\nShared library search path:\n  (libraries located via /etc/ld.so.cache)\n  /lib/x86_64-linux-gnu (system search path)\n  /usr/lib/x86_64-linux-gnu (system search path)\n  /lib (system search path)\n  /usr/lib (system search path)\n\nSubdirectories of glibc-hwcaps directories, in priority order:\n  x86-64-v4\n  x86-64-v3 (supported, searched)\n  x86-64-v2 (supported, searched)\n"
        }
      },
      "kind": "build",
      "name": "build-baseline",
      "process_seconds": 69.60299055500002,
      "record": {
        "bytes": 5791,
        "path": "/opt/r1/sparse-rank-proof01/build-baseline/supervisor.json",
        "sha256": "fa9ab009f08178a63bdd21b6919e4bd99bc868984f0a70b982190bd15bf1fd31"
      },
      "retained_binary": {
        "bytes": 701863,
        "path": "/opt/r1/sparse-rank-proof01/binary-baseline.gz",
        "sha256": "0dc4a2c07f79584738938c72a0960f4189e8a230cf9688c72013f3797c9280da"
      },
      "root_os_peak_resident_bytes": 479555584,
      "root_os_peak_source": "wait4.ru_maxrss_linux_kib",
      "started_at": "2026-09-28T05:39:36.204434+00:00",
      "status": "completed",
      "supervisor_argv": [
        "--record",
        "/opt/r1/sparse-rank-proof01/build-baseline/supervisor.json",
        "--cwd",
        "/opt/r1/sparse-rank-work01/source-baseline",
        "--disk-path",
        "/opt/r1/sparse-rank-proof01",
        "--timeout-seconds",
        "480",
        "--disk-reserve-bytes",
        "2147483648",
        "--grace-seconds",
        "0.2",
        "--kill-wait-seconds",
        "5",
        "--memory-limit-bytes",
        "4294967296",
        "--min-free-memory-bytes",
        "2147483648",
        "--poll-seconds",
        "0.1",
        "--identity-file",
        "/opt/r1/sparse-rank-proof01/plan.json",
        "--identity-file",
        "/opt/r1/sparse-rank-package/experiments/hu-postflop-r1/flop-scaling/sparse-rank-groups/run.py",
        "--identity-file",
        "/opt/r1/sparse-rank-package/tools/run_supervised.py",
        "--identity-file",
        "/opt/r1/rustup/toolchains/1.97.0-x86_64-unknown-linux-gnu/bin/cargo",
        "--",
        "/opt/r1/rustup/toolchains/1.97.0-x86_64-unknown-linux-gnu/bin/cargo",
        "build",
        "--locked",
        "--offline",
        "--release",
        "-j2",
        "--target-dir",
        "/opt/r1/sparse-rank-work01/baseline-target",
        "-p",
        "holdem",
        "--example",
        "flop_chance_grain_probe",
        "--message-format=json"
      ],
      "supervisor_exit": 0,
      "verified_at": "2026-09-28T05:40:46.274231+00:00"
    },
    {
      "arm": "baseline",
      "command": [
        "/opt/r1/rustup/toolchains/1.97.0-x86_64-unknown-linux-gnu/bin/cargo",
        "test",
        "--locked",
        "--offline",
        "--release",
        "-j2",
        "--target-dir",
        "/opt/r1/sparse-rank-work01/baseline-target",
        "-p",
        "engine",
        "-p",
        "holdem",
        "-p",
        "cfr-ref",
        "--tests",
        "--",
        "--test-threads=1"
      ],
      "completion": {
        "bytes": 16552,
        "path": "/opt/r1/sparse-rank-proof01/tests-baseline/completed.json",
        "sha256": "1290721b41674e52df8179c5a8ecf68b9aa7f58bd6e92c6aad59dcf46231619d"
      },
      "ended_at": "2026-09-28T05:43:29.345787+00:00",
      "environment": {
        "CARGO_BUILD_JOBS": "2",
        "CARGO_INCREMENTAL": "0",
        "RAYON_NUM_THREADS": "1",
        "RUSTC": "/opt/r1/rustup/toolchains/1.97.0-x86_64-unknown-linux-gnu/bin/rustc",
        "RUSTFLAGS": "-C target-cpu=x86-64-v3"
      },
      "forbidden_environment": [],
      "host_after": {
        "affinity": [
          0,
          1
        ],
        "boot_id": "e472e3a4-51c6-407f-bd56-1f0dc06204fe",
        "cgroup": {
          "cpu_limits": {
            "/sys/fs/cgroup/system.slice": "max 100000",
            "/sys/fs/cgroup/system.slice/solvers-r1-vm21-build2.service": "max 100000"
          },
          "cpu_weight": "100",
          "memory_max": "6442450944",
          "swap_max": "0"
        },
        "cpu_models": [
          "AMD EPYC 7B12"
        ],
        "instance_id": "715936786015339093",
        "logical_cpus": 2,
        "machine": "x86_64",
        "one_per_core": [],
        "physical_cores": 1,
        "topology": [
          {
            "core": "0",
            "cpu": 0,
            "socket": "0"
          },
          {
            "core": "0",
            "cpu": 1,
            "socket": "0"
          }
        ],
        "v3": {
          "argv": [
            "/usr/lib/x86_64-linux-gnu/ld-linux-x86-64.so.2",
            "--help"
          ],
          "loader": {
            "bytes": 236616,
            "path": "/usr/lib/x86_64-linux-gnu/ld-linux-x86-64.so.2",
            "sha256": "c20a2dc8917c755f02b94049356320fe1f62ac7d9f8994731f807d9df39302da"
          },
          "per_cpu_flags": {
            "0": [
              "3dnowprefetch",
              "abm",
              "adx",
              "aes",
              "apic",
              "arat",
              "avx",
              "avx2",
              "bmi1",
              "bmi2",
              "clflush",
              "clflushopt",
              "clwb",
              "clzero",
              "cmov",
              "cmp_legacy",
              "constant_tsc",
              "cpuid",
              "cr8_legacy",
              "cx16",
              "cx8",
              "de",
              "extd_apicid",
              "f16c",
              "fma",
              "fpu",
              "fsgsbase",
              "fxsr",
              "fxsr_opt",
              "ht",
              "hypervisor",
              "ibpb",
              "ibrs",
              "lahf_lm",
              "lm",
              "mca",
              "mce",
              "misalignsse",
              "mmx",
              "mmxext",
              "movbe",
              "msr",
              "mtrr",
              "nonstop_tsc",
              "nopl",
              "nx",
              "osvw",
              "pae",
              "pat",
              "pclmulqdq",
              "pdpe1gb",
              "pge",
              "pni",
              "popcnt",
              "pse",
              "pse36",
              "rdpid",
              "rdrand",
              "rdseed",
              "rdtscp",
              "rep_good",
              "sep",
              "sha_ni",
              "smap",
              "smep",
              "ssbd",
              "sse",
              "sse2",
              "sse4_1",
              "sse4_2",
              "sse4a",
              "ssse3",
              "stibp",
              "syscall",
              "topoext",
              "tsc",
              "tsc_adjust",
              "tsc_known_freq",
              "umip",
              "vme",
              "vmmcall",
              "x2apic",
              "xgetbv1",
              "xsave",
              "xsavec",
              "xsaveerptr",
              "xsaveopt",
              "xtopology"
            ],
            "1": [
              "3dnowprefetch",
              "abm",
              "adx",
              "aes",
              "apic",
              "arat",
              "avx",
              "avx2",
              "bmi1",
              "bmi2",
              "clflush",
              "clflushopt",
              "clwb",
              "clzero",
              "cmov",
              "cmp_legacy",
              "constant_tsc",
              "cpuid",
              "cr8_legacy",
              "cx16",
              "cx8",
              "de",
              "extd_apicid",
              "f16c",
              "fma",
              "fpu",
              "fsgsbase",
              "fxsr",
              "fxsr_opt",
              "ht",
              "hypervisor",
              "ibpb",
              "ibrs",
              "lahf_lm",
              "lm",
              "mca",
              "mce",
              "misalignsse",
              "mmx",
              "mmxext",
              "movbe",
              "msr",
              "mtrr",
              "nonstop_tsc",
              "nopl",
              "nx",
              "osvw",
              "pae",
              "pat",
              "pclmulqdq",
              "pdpe1gb",
              "pge",
              "pni",
              "popcnt",
              "pse",
              "pse36",
              "rdpid",
              "rdrand",
              "rdseed",
              "rdtscp",
              "rep_good",
              "sep",
              "sha_ni",
              "smap",
              "smep",
              "ssbd",
              "sse",
              "sse2",
              "sse4_1",
              "sse4_2",
              "sse4a",
              "ssse3",
              "stibp",
              "syscall",
              "topoext",
              "tsc",
              "tsc_adjust",
              "tsc_known_freq",
              "umip",
              "vme",
              "vmmcall",
              "x2apic",
              "xgetbv1",
              "xsave",
              "xsavec",
              "xsaveerptr",
              "xsaveopt",
              "xtopology"
            ]
          },
          "returncode": 0,
          "stderr": "",
          "stdout": "Usage: /usr/lib/x86_64-linux-gnu/ld-linux-x86-64.so.2 [OPTION]... EXECUTABLE-FILE [ARGS-FOR-PROGRAM...]\nYou have invoked 'ld.so', the program interpreter for dynamically-linked\nELF programs.  Usually, the program interpreter is invoked automatically\nwhen a dynamically-linked executable is started.\n\nYou may invoke the program interpreter program directly from the command\nline to load and run an ELF executable file; this is like executing that\nfile itself, but always uses the program interpreter you invoked,\ninstead of the program interpreter specified in the executable file you\nrun.  Invoking the program interpreter directly provides access to\nadditional diagnostics, and changing the dynamic linker behavior without\nsetting environment variables (which would be inherited by subprocesses).\n\n  --list                list all dependencies and how they are resolved\n  --verify              verify that given object really is a dynamically linked\n                        object we can handle\n  --inhibit-cache       Do not use /etc/ld.so.cache\n  --library-path PATH   use given PATH instead of content of the environment\n                        variable LD_LIBRARY_PATH\n  --glibc-hwcaps-prepend LIST\n                        search glibc-hwcaps subdirectories in LIST\n  --glibc-hwcaps-mask LIST\n                        only search built-in subdirectories if in LIST\n  --inhibit-rpath LIST  ignore RUNPATH and RPATH information in object names\n                        in LIST\n  --audit LIST          use objects named in LIST as auditors\n  --preload LIST        preload objects named in LIST\n  --argv0 STRING        set argv[0] to STRING before running\n  --list-tunables       list all tunables with minimum and maximum values\n  --list-diagnostics    list diagnostics information\n  --help                display this help and exit\n  --version             output version information and exit\n\nThis program interpreter self-identifies as: /lib64/ld-linux-x86-64.so.2\n\nShared library search path:\n  (libraries located via /etc/ld.so.cache)\n  /lib/x86_64-linux-gnu (system search path)\n  /usr/lib/x86_64-linux-gnu (system search path)\n  /lib (system search path)\n  /usr/lib (system search path)\n\nSubdirectories of glibc-hwcaps directories, in priority order:\n  x86-64-v4\n  x86-64-v3 (supported, searched)\n  x86-64-v2 (supported, searched)\n"
        }
      },
      "host_before": {
        "affinity": [
          0,
          1
        ],
        "boot_id": "e472e3a4-51c6-407f-bd56-1f0dc06204fe",
        "cgroup": {
          "cpu_limits": {
            "/sys/fs/cgroup/system.slice": "max 100000",
            "/sys/fs/cgroup/system.slice/solvers-r1-vm21-build2.service": "max 100000"
          },
          "cpu_weight": "100",
          "memory_max": "6442450944",
          "swap_max": "0"
        },
        "cpu_models": [
          "AMD EPYC 7B12"
        ],
        "instance_id": "715936786015339093",
        "logical_cpus": 2,
        "machine": "x86_64",
        "one_per_core": [],
        "physical_cores": 1,
        "topology": [
          {
            "core": "0",
            "cpu": 0,
            "socket": "0"
          },
          {
            "core": "0",
            "cpu": 1,
            "socket": "0"
          }
        ],
        "v3": {
          "argv": [
            "/usr/lib/x86_64-linux-gnu/ld-linux-x86-64.so.2",
            "--help"
          ],
          "loader": {
            "bytes": 236616,
            "path": "/usr/lib/x86_64-linux-gnu/ld-linux-x86-64.so.2",
            "sha256": "c20a2dc8917c755f02b94049356320fe1f62ac7d9f8994731f807d9df39302da"
          },
          "per_cpu_flags": {
            "0": [
              "3dnowprefetch",
              "abm",
              "adx",
              "aes",
              "apic",
              "arat",
              "avx",
              "avx2",
              "bmi1",
              "bmi2",
              "clflush",
              "clflushopt",
              "clwb",
              "clzero",
              "cmov",
              "cmp_legacy",
              "constant_tsc",
              "cpuid",
              "cr8_legacy",
              "cx16",
              "cx8",
              "de",
              "extd_apicid",
              "f16c",
              "fma",
              "fpu",
              "fsgsbase",
              "fxsr",
              "fxsr_opt",
              "ht",
              "hypervisor",
              "ibpb",
              "ibrs",
              "lahf_lm",
              "lm",
              "mca",
              "mce",
              "misalignsse",
              "mmx",
              "mmxext",
              "movbe",
              "msr",
              "mtrr",
              "nonstop_tsc",
              "nopl",
              "nx",
              "osvw",
              "pae",
              "pat",
              "pclmulqdq",
              "pdpe1gb",
              "pge",
              "pni",
              "popcnt",
              "pse",
              "pse36",
              "rdpid",
              "rdrand",
              "rdseed",
              "rdtscp",
              "rep_good",
              "sep",
              "sha_ni",
              "smap",
              "smep",
              "ssbd",
              "sse",
              "sse2",
              "sse4_1",
              "sse4_2",
              "sse4a",
              "ssse3",
              "stibp",
              "syscall",
              "topoext",
              "tsc",
              "tsc_adjust",
              "tsc_known_freq",
              "umip",
              "vme",
              "vmmcall",
              "x2apic",
              "xgetbv1",
              "xsave",
              "xsavec",
              "xsaveerptr",
              "xsaveopt",
              "xtopology"
            ],
            "1": [
              "3dnowprefetch",
              "abm",
              "adx",
              "aes",
              "apic",
              "arat",
              "avx",
              "avx2",
              "bmi1",
              "bmi2",
              "clflush",
              "clflushopt",
              "clwb",
              "clzero",
              "cmov",
              "cmp_legacy",
              "constant_tsc",
              "cpuid",
              "cr8_legacy",
              "cx16",
              "cx8",
              "de",
              "extd_apicid",
              "f16c",
              "fma",
              "fpu",
              "fsgsbase",
              "fxsr",
              "fxsr_opt",
              "ht",
              "hypervisor",
              "ibpb",
              "ibrs",
              "lahf_lm",
              "lm",
              "mca",
              "mce",
              "misalignsse",
              "mmx",
              "mmxext",
              "movbe",
              "msr",
              "mtrr",
              "nonstop_tsc",
              "nopl",
              "nx",
              "osvw",
              "pae",
              "pat",
              "pclmulqdq",
              "pdpe1gb",
              "pge",
              "pni",
              "popcnt",
              "pse",
              "pse36",
              "rdpid",
              "rdrand",
              "rdseed",
              "rdtscp",
              "rep_good",
              "sep",
              "sha_ni",
              "smap",
              "smep",
              "ssbd",
              "sse",
              "sse2",
              "sse4_1",
              "sse4_2",
              "sse4a",
              "ssse3",
              "stibp",
              "syscall",
              "topoext",
              "tsc",
              "tsc_adjust",
              "tsc_known_freq",
              "umip",
              "vme",
              "vmmcall",
              "x2apic",
              "xgetbv1",
              "xsave",
              "xsavec",
              "xsaveerptr",
              "xsaveopt",
              "xtopology"
            ]
          },
          "returncode": 0,
          "stderr": "",
          "stdout": "Usage: /usr/lib/x86_64-linux-gnu/ld-linux-x86-64.so.2 [OPTION]... EXECUTABLE-FILE [ARGS-FOR-PROGRAM...]\nYou have invoked 'ld.so', the program interpreter for dynamically-linked\nELF programs.  Usually, the program interpreter is invoked automatically\nwhen a dynamically-linked executable is started.\n\nYou may invoke the program interpreter program directly from the command\nline to load and run an ELF executable file; this is like executing that\nfile itself, but always uses the program interpreter you invoked,\ninstead of the program interpreter specified in the executable file you\nrun.  Invoking the program interpreter directly provides access to\nadditional diagnostics, and changing the dynamic linker behavior without\nsetting environment variables (which would be inherited by subprocesses).\n\n  --list                list all dependencies and how they are resolved\n  --verify              verify that given object really is a dynamically linked\n                        object we can handle\n  --inhibit-cache       Do not use /etc/ld.so.cache\n  --library-path PATH   use given PATH instead of content of the environment\n                        variable LD_LIBRARY_PATH\n  --glibc-hwcaps-prepend LIST\n                        search glibc-hwcaps subdirectories in LIST\n  --glibc-hwcaps-mask LIST\n                        only search built-in subdirectories if in LIST\n  --inhibit-rpath LIST  ignore RUNPATH and RPATH information in object names\n                        in LIST\n  --audit LIST          use objects named in LIST as auditors\n  --preload LIST        preload objects named in LIST\n  --argv0 STRING        set argv[0] to STRING before running\n  --list-tunables       list all tunables with minimum and maximum values\n  --list-diagnostics    list diagnostics information\n  --help                display this help and exit\n  --version             output version information and exit\n\nThis program interpreter self-identifies as: /lib64/ld-linux-x86-64.so.2\n\nShared library search path:\n  (libraries located via /etc/ld.so.cache)\n  /lib/x86_64-linux-gnu (system search path)\n  /usr/lib/x86_64-linux-gnu (system search path)\n  /lib (system search path)\n  /usr/lib (system search path)\n\nSubdirectories of glibc-hwcaps directories, in priority order:\n  x86-64-v4\n  x86-64-v3 (supported, searched)\n  x86-64-v2 (supported, searched)\n"
        }
      },
      "kind": "tests",
      "name": "tests-baseline",
      "process_seconds": 162.77809262300002,
      "record": {
        "bytes": 5829,
        "path": "/opt/r1/sparse-rank-proof01/tests-baseline/supervisor.json",
        "sha256": "c40fc587150a3b7ec37786103248e2061250f64850cd5c31240b4e530d60576e"
      },
      "root_os_peak_resident_bytes": 552026112,
      "root_os_peak_source": "wait4.ru_maxrss_linux_kib",
      "started_at": "2026-09-28T05:40:46.422001+00:00",
      "status": "completed",
      "supervisor_argv": [
        "--record",
        "/opt/r1/sparse-rank-proof01/tests-baseline/supervisor.json",
        "--cwd",
        "/opt/r1/sparse-rank-work01/source-baseline",
        "--disk-path",
        "/opt/r1/sparse-rank-proof01",
        "--timeout-seconds",
        "480",
        "--disk-reserve-bytes",
        "2147483648",
        "--grace-seconds",
        "0.2",
        "--kill-wait-seconds",
        "5",
        "--memory-limit-bytes",
        "4294967296",
        "--min-free-memory-bytes",
        "2147483648",
        "--poll-seconds",
        "0.1",
        "--identity-file",
        "/opt/r1/sparse-rank-proof01/plan.json",
        "--identity-file",
        "/opt/r1/sparse-rank-package/experiments/hu-postflop-r1/flop-scaling/sparse-rank-groups/run.py",
        "--identity-file",
        "/opt/r1/sparse-rank-package/tools/run_supervised.py",
        "--identity-file",
        "/opt/r1/rustup/toolchains/1.97.0-x86_64-unknown-linux-gnu/bin/cargo",
        "--",
        "/opt/r1/rustup/toolchains/1.97.0-x86_64-unknown-linux-gnu/bin/cargo",
        "test",
        "--locked",
        "--offline",
        "--release",
        "-j2",
        "--target-dir",
        "/opt/r1/sparse-rank-work01/baseline-target",
        "-p",
        "engine",
        "-p",
        "holdem",
        "-p",
        "cfr-ref",
        "--tests",
        "--",
        "--test-threads=1"
      ],
      "supervisor_exit": 0,
      "verified_at": "2026-09-28T05:43:29.625019+00:00"
    },
    {
      "arm": "candidate",
      "command": [
        "/opt/r1/rustup/toolchains/1.97.0-x86_64-unknown-linux-gnu/bin/cargo",
        "build",
        "--locked",
        "--offline",
        "--release",
        "-j2",
        "--target-dir",
        "/opt/r1/sparse-rank-work01/candidate-target",
        "-p",
        "holdem",
        "--example",
        "flop_chance_grain_probe",
        "--message-format=json"
      ],
      "completion": {
        "bytes": 16706,
        "path": "/opt/r1/sparse-rank-proof01/build-candidate/completed.json",
        "sha256": "22efd82cbf6e19fc37311363d0812b4eeeda8674353c2cf33e3accb63a7d5513"
      },
      "ended_at": "2026-09-28T05:44:37.069647+00:00",
      "environment": {
        "CARGO_BUILD_JOBS": "2",
        "CARGO_INCREMENTAL": "0",
        "RAYON_NUM_THREADS": "1",
        "RUSTC": "/opt/r1/rustup/toolchains/1.97.0-x86_64-unknown-linux-gnu/bin/rustc",
        "RUSTFLAGS": "-C target-cpu=x86-64-v3"
      },
      "forbidden_environment": [],
      "host_after": {
        "affinity": [
          0,
          1
        ],
        "boot_id": "e472e3a4-51c6-407f-bd56-1f0dc06204fe",
        "cgroup": {
          "cpu_limits": {
            "/sys/fs/cgroup/system.slice": "max 100000",
            "/sys/fs/cgroup/system.slice/solvers-r1-vm21-build2.service": "max 100000"
          },
          "cpu_weight": "100",
          "memory_max": "6442450944",
          "swap_max": "0"
        },
        "cpu_models": [
          "AMD EPYC 7B12"
        ],
        "instance_id": "715936786015339093",
        "logical_cpus": 2,
        "machine": "x86_64",
        "one_per_core": [],
        "physical_cores": 1,
        "topology": [
          {
            "core": "0",
            "cpu": 0,
            "socket": "0"
          },
          {
            "core": "0",
            "cpu": 1,
            "socket": "0"
          }
        ],
        "v3": {
          "argv": [
            "/usr/lib/x86_64-linux-gnu/ld-linux-x86-64.so.2",
            "--help"
          ],
          "loader": {
            "bytes": 236616,
            "path": "/usr/lib/x86_64-linux-gnu/ld-linux-x86-64.so.2",
            "sha256": "c20a2dc8917c755f02b94049356320fe1f62ac7d9f8994731f807d9df39302da"
          },
          "per_cpu_flags": {
            "0": [
              "3dnowprefetch",
              "abm",
              "adx",
              "aes",
              "apic",
              "arat",
              "avx",
              "avx2",
              "bmi1",
              "bmi2",
              "clflush",
              "clflushopt",
              "clwb",
              "clzero",
              "cmov",
              "cmp_legacy",
              "constant_tsc",
              "cpuid",
              "cr8_legacy",
              "cx16",
              "cx8",
              "de",
              "extd_apicid",
              "f16c",
              "fma",
              "fpu",
              "fsgsbase",
              "fxsr",
              "fxsr_opt",
              "ht",
              "hypervisor",
              "ibpb",
              "ibrs",
              "lahf_lm",
              "lm",
              "mca",
              "mce",
              "misalignsse",
              "mmx",
              "mmxext",
              "movbe",
              "msr",
              "mtrr",
              "nonstop_tsc",
              "nopl",
              "nx",
              "osvw",
              "pae",
              "pat",
              "pclmulqdq",
              "pdpe1gb",
              "pge",
              "pni",
              "popcnt",
              "pse",
              "pse36",
              "rdpid",
              "rdrand",
              "rdseed",
              "rdtscp",
              "rep_good",
              "sep",
              "sha_ni",
              "smap",
              "smep",
              "ssbd",
              "sse",
              "sse2",
              "sse4_1",
              "sse4_2",
              "sse4a",
              "ssse3",
              "stibp",
              "syscall",
              "topoext",
              "tsc",
              "tsc_adjust",
              "tsc_known_freq",
              "umip",
              "vme",
              "vmmcall",
              "x2apic",
              "xgetbv1",
              "xsave",
              "xsavec",
              "xsaveerptr",
              "xsaveopt",
              "xtopology"
            ],
            "1": [
              "3dnowprefetch",
              "abm",
              "adx",
              "aes",
              "apic",
              "arat",
              "avx",
              "avx2",
              "bmi1",
              "bmi2",
              "clflush",
              "clflushopt",
              "clwb",
              "clzero",
              "cmov",
              "cmp_legacy",
              "constant_tsc",
              "cpuid",
              "cr8_legacy",
              "cx16",
              "cx8",
              "de",
              "extd_apicid",
              "f16c",
              "fma",
              "fpu",
              "fsgsbase",
              "fxsr",
              "fxsr_opt",
              "ht",
              "hypervisor",
              "ibpb",
              "ibrs",
              "lahf_lm",
              "lm",
              "mca",
              "mce",
              "misalignsse",
              "mmx",
              "mmxext",
              "movbe",
              "msr",
              "mtrr",
              "nonstop_tsc",
              "nopl",
              "nx",
              "osvw",
              "pae",
              "pat",
              "pclmulqdq",
              "pdpe1gb",
              "pge",
              "pni",
              "popcnt",
              "pse",
              "pse36",
              "rdpid",
              "rdrand",
              "rdseed",
              "rdtscp",
              "rep_good",
              "sep",
              "sha_ni",
              "smap",
              "smep",
              "ssbd",
              "sse",
              "sse2",
              "sse4_1",
              "sse4_2",
              "sse4a",
              "ssse3",
              "stibp",
              "syscall",
              "topoext",
              "tsc",
              "tsc_adjust",
              "tsc_known_freq",
              "umip",
              "vme",
              "vmmcall",
              "x2apic",
              "xgetbv1",
              "xsave",
              "xsavec",
              "xsaveerptr",
              "xsaveopt",
              "xtopology"
            ]
          },
          "returncode": 0,
          "stderr": "",
          "stdout": "Usage: /usr/lib/x86_64-linux-gnu/ld-linux-x86-64.so.2 [OPTION]... EXECUTABLE-FILE [ARGS-FOR-PROGRAM...]\nYou have invoked 'ld.so', the program interpreter for dynamically-linked\nELF programs.  Usually, the program interpreter is invoked automatically\nwhen a dynamically-linked executable is started.\n\nYou may invoke the program interpreter program directly from the command\nline to load and run an ELF executable file; this is like executing that\nfile itself, but always uses the program interpreter you invoked,\ninstead of the program interpreter specified in the executable file you\nrun.  Invoking the program interpreter directly provides access to\nadditional diagnostics, and changing the dynamic linker behavior without\nsetting environment variables (which would be inherited by subprocesses).\n\n  --list                list all dependencies and how they are resolved\n  --verify              verify that given object really is a dynamically linked\n                        object we can handle\n  --inhibit-cache       Do not use /etc/ld.so.cache\n  --library-path PATH   use given PATH instead of content of the environment\n                        variable LD_LIBRARY_PATH\n  --glibc-hwcaps-prepend LIST\n                        search glibc-hwcaps subdirectories in LIST\n  --glibc-hwcaps-mask LIST\n                        only search built-in subdirectories if in LIST\n  --inhibit-rpath LIST  ignore RUNPATH and RPATH information in object names\n                        in LIST\n  --audit LIST          use objects named in LIST as auditors\n  --preload LIST        preload objects named in LIST\n  --argv0 STRING        set argv[0] to STRING before running\n  --list-tunables       list all tunables with minimum and maximum values\n  --list-diagnostics    list diagnostics information\n  --help                display this help and exit\n  --version             output version information and exit\n\nThis program interpreter self-identifies as: /lib64/ld-linux-x86-64.so.2\n\nShared library search path:\n  (libraries located via /etc/ld.so.cache)\n  /lib/x86_64-linux-gnu (system search path)\n  /usr/lib/x86_64-linux-gnu (system search path)\n  /lib (system search path)\n  /usr/lib (system search path)\n\nSubdirectories of glibc-hwcaps directories, in priority order:\n  x86-64-v4\n  x86-64-v3 (supported, searched)\n  x86-64-v2 (supported, searched)\n"
        }
      },
      "host_before": {
        "affinity": [
          0,
          1
        ],
        "boot_id": "e472e3a4-51c6-407f-bd56-1f0dc06204fe",
        "cgroup": {
          "cpu_limits": {
            "/sys/fs/cgroup/system.slice": "max 100000",
            "/sys/fs/cgroup/system.slice/solvers-r1-vm21-build2.service": "max 100000"
          },
          "cpu_weight": "100",
          "memory_max": "6442450944",
          "swap_max": "0"
        },
        "cpu_models": [
          "AMD EPYC 7B12"
        ],
        "instance_id": "715936786015339093",
        "logical_cpus": 2,
        "machine": "x86_64",
        "one_per_core": [],
        "physical_cores": 1,
        "topology": [
          {
            "core": "0",
            "cpu": 0,
            "socket": "0"
          },
          {
            "core": "0",
            "cpu": 1,
            "socket": "0"
          }
        ],
        "v3": {
          "argv": [
            "/usr/lib/x86_64-linux-gnu/ld-linux-x86-64.so.2",
            "--help"
          ],
          "loader": {
            "bytes": 236616,
            "path": "/usr/lib/x86_64-linux-gnu/ld-linux-x86-64.so.2",
            "sha256": "c20a2dc8917c755f02b94049356320fe1f62ac7d9f8994731f807d9df39302da"
          },
          "per_cpu_flags": {
            "0": [
              "3dnowprefetch",
              "abm",
              "adx",
              "aes",
              "apic",
              "arat",
              "avx",
              "avx2",
              "bmi1",
              "bmi2",
              "clflush",
              "clflushopt",
              "clwb",
              "clzero",
              "cmov",
              "cmp_legacy",
              "constant_tsc",
              "cpuid",
              "cr8_legacy",
              "cx16",
              "cx8",
              "de",
              "extd_apicid",
              "f16c",
              "fma",
              "fpu",
              "fsgsbase",
              "fxsr",
              "fxsr_opt",
              "ht",
              "hypervisor",
              "ibpb",
              "ibrs",
              "lahf_lm",
              "lm",
              "mca",
              "mce",
              "misalignsse",
              "mmx",
              "mmxext",
              "movbe",
              "msr",
              "mtrr",
              "nonstop_tsc",
              "nopl",
              "nx",
              "osvw",
              "pae",
              "pat",
              "pclmulqdq",
              "pdpe1gb",
              "pge",
              "pni",
              "popcnt",
              "pse",
              "pse36",
              "rdpid",
              "rdrand",
              "rdseed",
              "rdtscp",
              "rep_good",
              "sep",
              "sha_ni",
              "smap",
              "smep",
              "ssbd",
              "sse",
              "sse2",
              "sse4_1",
              "sse4_2",
              "sse4a",
              "ssse3",
              "stibp",
              "syscall",
              "topoext",
              "tsc",
              "tsc_adjust",
              "tsc_known_freq",
              "umip",
              "vme",
              "vmmcall",
              "x2apic",
              "xgetbv1",
              "xsave",
              "xsavec",
              "xsaveerptr",
              "xsaveopt",
              "xtopology"
            ],
            "1": [
              "3dnowprefetch",
              "abm",
              "adx",
              "aes",
              "apic",
              "arat",
              "avx",
              "avx2",
              "bmi1",
              "bmi2",
              "clflush",
              "clflushopt",
              "clwb",
              "clzero",
              "cmov",
              "cmp_legacy",
              "constant_tsc",
              "cpuid",
              "cr8_legacy",
              "cx16",
              "cx8",
              "de",
              "extd_apicid",
              "f16c",
              "fma",
              "fpu",
              "fsgsbase",
              "fxsr",
              "fxsr_opt",
              "ht",
              "hypervisor",
              "ibpb",
              "ibrs",
              "lahf_lm",
              "lm",
              "mca",
              "mce",
              "misalignsse",
              "mmx",
              "mmxext",
              "movbe",
              "msr",
              "mtrr",
              "nonstop_tsc",
              "nopl",
              "nx",
              "osvw",
              "pae",
              "pat",
              "pclmulqdq",
              "pdpe1gb",
              "pge",
              "pni",
              "popcnt",
              "pse",
              "pse36",
              "rdpid",
              "rdrand",
              "rdseed",
              "rdtscp",
              "rep_good",
              "sep",
              "sha_ni",
              "smap",
              "smep",
              "ssbd",
              "sse",
              "sse2",
              "sse4_1",
              "sse4_2",
              "sse4a",
              "ssse3",
              "stibp",
              "syscall",
              "topoext",
              "tsc",
              "tsc_adjust",
              "tsc_known_freq",
              "umip",
              "vme",
              "vmmcall",
              "x2apic",
              "xgetbv1",
              "xsave",
              "xsavec",
              "xsaveerptr",
              "xsaveopt",
              "xtopology"
            ]
          },
          "returncode": 0,
          "stderr": "",
          "stdout": "Usage: /usr/lib/x86_64-linux-gnu/ld-linux-x86-64.so.2 [OPTION]... EXECUTABLE-FILE [ARGS-FOR-PROGRAM...]\nYou have invoked 'ld.so', the program interpreter for dynamically-linked\nELF programs.  Usually, the program interpreter is invoked automatically\nwhen a dynamically-linked executable is started.\n\nYou may invoke the program interpreter program directly from the command\nline to load and run an ELF executable file; this is like executing that\nfile itself, but always uses the program interpreter you invoked,\ninstead of the program interpreter specified in the executable file you\nrun.  Invoking the program interpreter directly provides access to\nadditional diagnostics, and changing the dynamic linker behavior without\nsetting environment variables (which would be inherited by subprocesses).\n\n  --list                list all dependencies and how they are resolved\n  --verify              verify that given object really is a dynamically linked\n                        object we can handle\n  --inhibit-cache       Do not use /etc/ld.so.cache\n  --library-path PATH   use given PATH instead of content of the environment\n                        variable LD_LIBRARY_PATH\n  --glibc-hwcaps-prepend LIST\n                        search glibc-hwcaps subdirectories in LIST\n  --glibc-hwcaps-mask LIST\n                        only search built-in subdirectories if in LIST\n  --inhibit-rpath LIST  ignore RUNPATH and RPATH information in object names\n                        in LIST\n  --audit LIST          use objects named in LIST as auditors\n  --preload LIST        preload objects named in LIST\n  --argv0 STRING        set argv[0] to STRING before running\n  --list-tunables       list all tunables with minimum and maximum values\n  --list-diagnostics    list diagnostics information\n  --help                display this help and exit\n  --version             output version information and exit\n\nThis program interpreter self-identifies as: /lib64/ld-linux-x86-64.so.2\n\nShared library search path:\n  (libraries located via /etc/ld.so.cache)\n  /lib/x86_64-linux-gnu (system search path)\n  /usr/lib/x86_64-linux-gnu (system search path)\n  /lib (system search path)\n  /usr/lib (system search path)\n\nSubdirectories of glibc-hwcaps directories, in priority order:\n  x86-64-v4\n  x86-64-v3 (supported, searched)\n  x86-64-v2 (supported, searched)\n"
        }
      },
      "kind": "build",
      "name": "build-candidate",
      "process_seconds": 67.170457688,
      "record": {
        "bytes": 5792,
        "path": "/opt/r1/sparse-rank-proof01/build-candidate/supervisor.json",
        "sha256": "02a15e36678138e9f45dee8ade240708bedded9065998f25e7cad0fad08b4092"
      },
      "retained_binary": {
        "bytes": 701957,
        "path": "/opt/r1/sparse-rank-proof01/binary-candidate.gz",
        "sha256": "16bb023580b11261ac20b66409130837509a5525869e626a93c29ecf9125e163"
      },
      "root_os_peak_resident_bytes": 480112640,
      "root_os_peak_source": "wait4.ru_maxrss_linux_kib",
      "started_at": "2026-09-28T05:43:29.766776+00:00",
      "status": "completed",
      "supervisor_argv": [
        "--record",
        "/opt/r1/sparse-rank-proof01/build-candidate/supervisor.json",
        "--cwd",
        "/opt/r1/sparse-rank-work01/source-candidate",
        "--disk-path",
        "/opt/r1/sparse-rank-proof01",
        "--timeout-seconds",
        "480",
        "--disk-reserve-bytes",
        "2147483648",
        "--grace-seconds",
        "0.2",
        "--kill-wait-seconds",
        "5",
        "--memory-limit-bytes",
        "4294967296",
        "--min-free-memory-bytes",
        "2147483648",
        "--poll-seconds",
        "0.1",
        "--identity-file",
        "/opt/r1/sparse-rank-proof01/plan.json",
        "--identity-file",
        "/opt/r1/sparse-rank-package/experiments/hu-postflop-r1/flop-scaling/sparse-rank-groups/run.py",
        "--identity-file",
        "/opt/r1/sparse-rank-package/tools/run_supervised.py",
        "--identity-file",
        "/opt/r1/rustup/toolchains/1.97.0-x86_64-unknown-linux-gnu/bin/cargo",
        "--",
        "/opt/r1/rustup/toolchains/1.97.0-x86_64-unknown-linux-gnu/bin/cargo",
        "build",
        "--locked",
        "--offline",
        "--release",
        "-j2",
        "--target-dir",
        "/opt/r1/sparse-rank-work01/candidate-target",
        "-p",
        "holdem",
        "--example",
        "flop_chance_grain_probe",
        "--message-format=json"
      ],
      "supervisor_exit": 0,
      "verified_at": "2026-09-28T05:44:37.407602+00:00"
    },
    {
      "arm": "candidate",
      "command": [
        "/opt/r1/rustup/toolchains/1.97.0-x86_64-unknown-linux-gnu/bin/cargo",
        "test",
        "--locked",
        "--offline",
        "--release",
        "-j2",
        "--target-dir",
        "/opt/r1/sparse-rank-work01/candidate-target",
        "-p",
        "engine",
        "-p",
        "holdem",
        "-p",
        "cfr-ref",
        "--tests",
        "--",
        "--test-threads=1"
      ],
      "completion": {
        "bytes": 16559,
        "path": "/opt/r1/sparse-rank-proof01/tests-candidate/completed.json",
        "sha256": "51dc7e30becb0eb40cdec8b83b96e7d3c8ba660a06d1640032733913dd7c069b"
      },
      "ended_at": "2026-09-28T05:47:21.520921+00:00",
      "environment": {
        "CARGO_BUILD_JOBS": "2",
        "CARGO_INCREMENTAL": "0",
        "RAYON_NUM_THREADS": "1",
        "RUSTC": "/opt/r1/rustup/toolchains/1.97.0-x86_64-unknown-linux-gnu/bin/rustc",
        "RUSTFLAGS": "-C target-cpu=x86-64-v3"
      },
      "forbidden_environment": [],
      "host_after": {
        "affinity": [
          0,
          1
        ],
        "boot_id": "e472e3a4-51c6-407f-bd56-1f0dc06204fe",
        "cgroup": {
          "cpu_limits": {
            "/sys/fs/cgroup/system.slice": "max 100000",
            "/sys/fs/cgroup/system.slice/solvers-r1-vm21-build2.service": "max 100000"
          },
          "cpu_weight": "100",
          "memory_max": "6442450944",
          "swap_max": "0"
        },
        "cpu_models": [
          "AMD EPYC 7B12"
        ],
        "instance_id": "715936786015339093",
        "logical_cpus": 2,
        "machine": "x86_64",
        "one_per_core": [],
        "physical_cores": 1,
        "topology": [
          {
            "core": "0",
            "cpu": 0,
            "socket": "0"
          },
          {
            "core": "0",
            "cpu": 1,
            "socket": "0"
          }
        ],
        "v3": {
          "argv": [
            "/usr/lib/x86_64-linux-gnu/ld-linux-x86-64.so.2",
            "--help"
          ],
          "loader": {
            "bytes": 236616,
            "path": "/usr/lib/x86_64-linux-gnu/ld-linux-x86-64.so.2",
            "sha256": "c20a2dc8917c755f02b94049356320fe1f62ac7d9f8994731f807d9df39302da"
          },
          "per_cpu_flags": {
            "0": [
              "3dnowprefetch",
              "abm",
              "adx",
              "aes",
              "apic",
              "arat",
              "avx",
              "avx2",
              "bmi1",
              "bmi2",
              "clflush",
              "clflushopt",
              "clwb",
              "clzero",
              "cmov",
              "cmp_legacy",
              "constant_tsc",
              "cpuid",
              "cr8_legacy",
              "cx16",
              "cx8",
              "de",
              "extd_apicid",
              "f16c",
              "fma",
              "fpu",
              "fsgsbase",
              "fxsr",
              "fxsr_opt",
              "ht",
              "hypervisor",
              "ibpb",
              "ibrs",
              "lahf_lm",
              "lm",
              "mca",
              "mce",
              "misalignsse",
              "mmx",
              "mmxext",
              "movbe",
              "msr",
              "mtrr",
              "nonstop_tsc",
              "nopl",
              "nx",
              "osvw",
              "pae",
              "pat",
              "pclmulqdq",
              "pdpe1gb",
              "pge",
              "pni",
              "popcnt",
              "pse",
              "pse36",
              "rdpid",
              "rdrand",
              "rdseed",
              "rdtscp",
              "rep_good",
              "sep",
              "sha_ni",
              "smap",
              "smep",
              "ssbd",
              "sse",
              "sse2",
              "sse4_1",
              "sse4_2",
              "sse4a",
              "ssse3",
              "stibp",
              "syscall",
              "topoext",
              "tsc",
              "tsc_adjust",
              "tsc_known_freq",
              "umip",
              "vme",
              "vmmcall",
              "x2apic",
              "xgetbv1",
              "xsave",
              "xsavec",
              "xsaveerptr",
              "xsaveopt",
              "xtopology"
            ],
            "1": [
              "3dnowprefetch",
              "abm",
              "adx",
              "aes",
              "apic",
              "arat",
              "avx",
              "avx2",
              "bmi1",
              "bmi2",
              "clflush",
              "clflushopt",
              "clwb",
              "clzero",
              "cmov",
              "cmp_legacy",
              "constant_tsc",
              "cpuid",
              "cr8_legacy",
              "cx16",
              "cx8",
              "de",
              "extd_apicid",
              "f16c",
              "fma",
              "fpu",
              "fsgsbase",
              "fxsr",
              "fxsr_opt",
              "ht",
              "hypervisor",
              "ibpb",
              "ibrs",
              "lahf_lm",
              "lm",
              "mca",
              "mce",
              "misalignsse",
              "mmx",
              "mmxext",
              "movbe",
              "msr",
              "mtrr",
              "nonstop_tsc",
              "nopl",
              "nx",
              "osvw",
              "pae",
              "pat",
              "pclmulqdq",
              "pdpe1gb",
              "pge",
              "pni",
              "popcnt",
              "pse",
              "pse36",
              "rdpid",
              "rdrand",
              "rdseed",
              "rdtscp",
              "rep_good",
              "sep",
              "sha_ni",
              "smap",
              "smep",
              "ssbd",
              "sse",
              "sse2",
              "sse4_1",
              "sse4_2",
              "sse4a",
              "ssse3",
              "stibp",
              "syscall",
              "topoext",
              "tsc",
              "tsc_adjust",
              "tsc_known_freq",
              "umip",
              "vme",
              "vmmcall",
              "x2apic",
              "xgetbv1",
              "xsave",
              "xsavec",
              "xsaveerptr",
              "xsaveopt",
              "xtopology"
            ]
          },
          "returncode": 0,
          "stderr": "",
          "stdout": "Usage: /usr/lib/x86_64-linux-gnu/ld-linux-x86-64.so.2 [OPTION]... EXECUTABLE-FILE [ARGS-FOR-PROGRAM...]\nYou have invoked 'ld.so', the program interpreter for dynamically-linked\nELF programs.  Usually, the program interpreter is invoked automatically\nwhen a dynamically-linked executable is started.\n\nYou may invoke the program interpreter program directly from the command\nline to load and run an ELF executable file; this is like executing that\nfile itself, but always uses the program interpreter you invoked,\ninstead of the program interpreter specified in the executable file you\nrun.  Invoking the program interpreter directly provides access to\nadditional diagnostics, and changing the dynamic linker behavior without\nsetting environment variables (which would be inherited by subprocesses).\n\n  --list                list all dependencies and how they are resolved\n  --verify              verify that given object really is a dynamically linked\n                        object we can handle\n  --inhibit-cache       Do not use /etc/ld.so.cache\n  --library-path PATH   use given PATH instead of content of the environment\n                        variable LD_LIBRARY_PATH\n  --glibc-hwcaps-prepend LIST\n                        search glibc-hwcaps subdirectories in LIST\n  --glibc-hwcaps-mask LIST\n                        only search built-in subdirectories if in LIST\n  --inhibit-rpath LIST  ignore RUNPATH and RPATH information in object names\n                        in LIST\n  --audit LIST          use objects named in LIST as auditors\n  --preload LIST        preload objects named in LIST\n  --argv0 STRING        set argv[0] to STRING before running\n  --list-tunables       list all tunables with minimum and maximum values\n  --list-diagnostics    list diagnostics information\n  --help                display this help and exit\n  --version             output version information and exit\n\nThis program interpreter self-identifies as: /lib64/ld-linux-x86-64.so.2\n\nShared library search path:\n  (libraries located via /etc/ld.so.cache)\n  /lib/x86_64-linux-gnu (system search path)\n  /usr/lib/x86_64-linux-gnu (system search path)\n  /lib (system search path)\n  /usr/lib (system search path)\n\nSubdirectories of glibc-hwcaps directories, in priority order:\n  x86-64-v4\n  x86-64-v3 (supported, searched)\n  x86-64-v2 (supported, searched)\n"
        }
      },
      "host_before": {
        "affinity": [
          0,
          1
        ],
        "boot_id": "e472e3a4-51c6-407f-bd56-1f0dc06204fe",
        "cgroup": {
          "cpu_limits": {
            "/sys/fs/cgroup/system.slice": "max 100000",
            "/sys/fs/cgroup/system.slice/solvers-r1-vm21-build2.service": "max 100000"
          },
          "cpu_weight": "100",
          "memory_max": "6442450944",
          "swap_max": "0"
        },
        "cpu_models": [
          "AMD EPYC 7B12"
        ],
        "instance_id": "715936786015339093",
        "logical_cpus": 2,
        "machine": "x86_64",
        "one_per_core": [],
        "physical_cores": 1,
        "topology": [
          {
            "core": "0",
            "cpu": 0,
            "socket": "0"
          },
          {
            "core": "0",
            "cpu": 1,
            "socket": "0"
          }
        ],
        "v3": {
          "argv": [
            "/usr/lib/x86_64-linux-gnu/ld-linux-x86-64.so.2",
            "--help"
          ],
          "loader": {
            "bytes": 236616,
            "path": "/usr/lib/x86_64-linux-gnu/ld-linux-x86-64.so.2",
            "sha256": "c20a2dc8917c755f02b94049356320fe1f62ac7d9f8994731f807d9df39302da"
          },
          "per_cpu_flags": {
            "0": [
              "3dnowprefetch",
              "abm",
              "adx",
              "aes",
              "apic",
              "arat",
              "avx",
              "avx2",
              "bmi1",
              "bmi2",
              "clflush",
              "clflushopt",
              "clwb",
              "clzero",
              "cmov",
              "cmp_legacy",
              "constant_tsc",
              "cpuid",
              "cr8_legacy",
              "cx16",
              "cx8",
              "de",
              "extd_apicid",
              "f16c",
              "fma",
              "fpu",
              "fsgsbase",
              "fxsr",
              "fxsr_opt",
              "ht",
              "hypervisor",
              "ibpb",
              "ibrs",
              "lahf_lm",
              "lm",
              "mca",
              "mce",
              "misalignsse",
              "mmx",
              "mmxext",
              "movbe",
              "msr",
              "mtrr",
              "nonstop_tsc",
              "nopl",
              "nx",
              "osvw",
              "pae",
              "pat",
              "pclmulqdq",
              "pdpe1gb",
              "pge",
              "pni",
              "popcnt",
              "pse",
              "pse36",
              "rdpid",
              "rdrand",
              "rdseed",
              "rdtscp",
              "rep_good",
              "sep",
              "sha_ni",
              "smap",
              "smep",
              "ssbd",
              "sse",
              "sse2",
              "sse4_1",
              "sse4_2",
              "sse4a",
              "ssse3",
              "stibp",
              "syscall",
              "topoext",
              "tsc",
              "tsc_adjust",
              "tsc_known_freq",
              "umip",
              "vme",
              "vmmcall",
              "x2apic",
              "xgetbv1",
              "xsave",
              "xsavec",
              "xsaveerptr",
              "xsaveopt",
              "xtopology"
            ],
            "1": [
              "3dnowprefetch",
              "abm",
              "adx",
              "aes",
              "apic",
              "arat",
              "avx",
              "avx2",
              "bmi1",
              "bmi2",
              "clflush",
              "clflushopt",
              "clwb",
              "clzero",
              "cmov",
              "cmp_legacy",
              "constant_tsc",
              "cpuid",
              "cr8_legacy",
              "cx16",
              "cx8",
              "de",
              "extd_apicid",
              "f16c",
              "fma",
              "fpu",
              "fsgsbase",
              "fxsr",
              "fxsr_opt",
              "ht",
              "hypervisor",
              "ibpb",
              "ibrs",
              "lahf_lm",
              "lm",
              "mca",
              "mce",
              "misalignsse",
              "mmx",
              "mmxext",
              "movbe",
              "msr",
              "mtrr",
              "nonstop_tsc",
              "nopl",
              "nx",
              "osvw",
              "pae",
              "pat",
              "pclmulqdq",
              "pdpe1gb",
              "pge",
              "pni",
              "popcnt",
              "pse",
              "pse36",
              "rdpid",
              "rdrand",
              "rdseed",
              "rdtscp",
              "rep_good",
              "sep",
              "sha_ni",
              "smap",
              "smep",
              "ssbd",
              "sse",
              "sse2",
              "sse4_1",
              "sse4_2",
              "sse4a",
              "ssse3",
              "stibp",
              "syscall",
              "topoext",
              "tsc",
              "tsc_adjust",
              "tsc_known_freq",
              "umip",
              "vme",
              "vmmcall",
              "x2apic",
              "xgetbv1",
              "xsave",
              "xsavec",
              "xsaveerptr",
              "xsaveopt",
              "xtopology"
            ]
          },
          "returncode": 0,
          "stderr": "",
          "stdout": "Usage: /usr/lib/x86_64-linux-gnu/ld-linux-x86-64.so.2 [OPTION]... EXECUTABLE-FILE [ARGS-FOR-PROGRAM...]\nYou have invoked 'ld.so', the program interpreter for dynamically-linked\nELF programs.  Usually, the program interpreter is invoked automatically\nwhen a dynamically-linked executable is started.\n\nYou may invoke the program interpreter program directly from the command\nline to load and run an ELF executable file; this is like executing that\nfile itself, but always uses the program interpreter you invoked,\ninstead of the program interpreter specified in the executable file you\nrun.  Invoking the program interpreter directly provides access to\nadditional diagnostics, and changing the dynamic linker behavior without\nsetting environment variables (which would be inherited by subprocesses).\n\n  --list                list all dependencies and how they are resolved\n  --verify              verify that given object really is a dynamically linked\n                        object we can handle\n  --inhibit-cache       Do not use /etc/ld.so.cache\n  --library-path PATH   use given PATH instead of content of the environment\n                        variable LD_LIBRARY_PATH\n  --glibc-hwcaps-prepend LIST\n                        search glibc-hwcaps subdirectories in LIST\n  --glibc-hwcaps-mask LIST\n                        only search built-in subdirectories if in LIST\n  --inhibit-rpath LIST  ignore RUNPATH and RPATH information in object names\n                        in LIST\n  --audit LIST          use objects named in LIST as auditors\n  --preload LIST        preload objects named in LIST\n  --argv0 STRING        set argv[0] to STRING before running\n  --list-tunables       list all tunables with minimum and maximum values\n  --list-diagnostics    list diagnostics information\n  --help                display this help and exit\n  --version             output version information and exit\n\nThis program interpreter self-identifies as: /lib64/ld-linux-x86-64.so.2\n\nShared library search path:\n  (libraries located via /etc/ld.so.cache)\n  /lib/x86_64-linux-gnu (system search path)\n  /usr/lib/x86_64-linux-gnu (system search path)\n  /lib (system search path)\n  /usr/lib (system search path)\n\nSubdirectories of glibc-hwcaps directories, in priority order:\n  x86-64-v4\n  x86-64-v3 (supported, searched)\n  x86-64-v2 (supported, searched)\n"
        }
      },
      "kind": "tests",
      "name": "tests-candidate",
      "process_seconds": 163.83355479799997,
      "record": {
        "bytes": 5841,
        "path": "/opt/r1/sparse-rank-proof01/tests-candidate/supervisor.json",
        "sha256": "0577b6e30a284e83742bf126aad5914adf029fbf9adbc66b928baaa30e23f78c"
      },
      "root_os_peak_resident_bytes": 553603072,
      "root_os_peak_source": "wait4.ru_maxrss_linux_kib",
      "started_at": "2026-09-28T05:44:37.548990+00:00",
      "status": "completed",
      "supervisor_argv": [
        "--record",
        "/opt/r1/sparse-rank-proof01/tests-candidate/supervisor.json",
        "--cwd",
        "/opt/r1/sparse-rank-work01/source-candidate",
        "--disk-path",
        "/opt/r1/sparse-rank-proof01",
        "--timeout-seconds",
        "480",
        "--disk-reserve-bytes",
        "2147483648",
        "--grace-seconds",
        "0.2",
        "--kill-wait-seconds",
        "5",
        "--memory-limit-bytes",
        "4294967296",
        "--min-free-memory-bytes",
        "2147483648",
        "--poll-seconds",
        "0.1",
        "--identity-file",
        "/opt/r1/sparse-rank-proof01/plan.json",
        "--identity-file",
        "/opt/r1/sparse-rank-package/experiments/hu-postflop-r1/flop-scaling/sparse-rank-groups/run.py",
        "--identity-file",
        "/opt/r1/sparse-rank-package/tools/run_supervised.py",
        "--identity-file",
        "/opt/r1/rustup/toolchains/1.97.0-x86_64-unknown-linux-gnu/bin/cargo",
        "--",
        "/opt/r1/rustup/toolchains/1.97.0-x86_64-unknown-linux-gnu/bin/cargo",
        "test",
        "--locked",
        "--offline",
        "--release",
        "-j2",
        "--target-dir",
        "/opt/r1/sparse-rank-work01/candidate-target",
        "-p",
        "engine",
        "-p",
        "holdem",
        "-p",
        "cfr-ref",
        "--tests",
        "--",
        "--test-threads=1"
      ],
      "supervisor_exit": 0,
      "verified_at": "2026-09-28T05:47:21.787925+00:00"
    }
  ],
  "status": "completed"
}
