2026-10-07T23:39:10.9946495+09:00 cpu=31 busy=
2026-10-07T23:39:22.1679404+09:00 cpu=100 busy=
2026-10-07T23:39:33.0572709+09:00 cpu=100 busy=
2026-10-07T23:39:44.1500754+09:00 cpu=100 busy=
2026-10-07T23:39:56.8762845+09:00 cpu=100 busy=
2026-10-07T23:40:08.0434311+09:00 cpu=100 busy=
2026-10-07T23:40:19.2035893+09:00 cpu=100 busy=
2026-10-07T23:40:29.8221874+09:00 cpu=81 busy=
2026-10-07T23:40:41.2830052+09:00 cpu=100 busy=
2026-10-07T23:40:51.5445568+09:00 cpu=100 busy=
2026-10-07T23:41:02.7678996+09:00 cpu=100 busy=
2026-10-07T23:41:12.9079272+09:00 cpu=87 busy=
2026-10-07T23:41:23.0405678+09:00 cpu=87 busy=
2026-10-07T23:41:33.1794312+09:00 cpu=90 busy=
2026-10-07T23:41:43.2978812+09:00 cpu=89 busy=
2026-10-07T23:41:53.4024430+09:00 cpu=89 busy=
2026-10-07T23:42:03.6075073+09:00 cpu=85 busy=
2026-10-07T23:42:13.6641061+09:00 cpu=87 busy=
2026-10-07T23:42:23.8442625+09:00 cpu=90 busy=
2026-10-07T23:42:33.9621841+09:00 cpu=88 busy=
2026-10-07T23:42:44.0734124+09:00 cpu=91 busy=
2026-10-07T23:42:54.1135195+09:00 cpu=89 busy=
2026-10-07T23:43:04.2800162+09:00 cpu=87 busy=
2026-10-07T23:43:14.5962975+09:00 cpu=82 busy=
2026-10-07T23:43:24.7902008+09:00 cpu=85 busy=
2026-10-07T23:43:34.9701223+09:00 cpu=90 busy=
2026-10-07T23:43:45.0286111+09:00 cpu=90 busy=
2026-10-07T23:43:55.1153448+09:00 cpu=87 busy=
2026-10-07T23:44:05.3205371+09:00 cpu=86 busy=
2026-10-07T23:44:15.3747455+09:00 cpu=89 busy=
2026-10-07T23:44:25.7389192+09:00 cpu=84 busy=
2026-10-07T23:44:35.8817308+09:00 cpu=90 busy=
2026-10-07T23:44:46.1504209+09:00 cpu=86 busy=
2026-10-07T23:44:56.2325385+09:00 cpu=85 busy=
2026-10-07T23:45:06.3305433+09:00 cpu=87 busy=
2026-10-07T23:45:16.3820107+09:00 cpu=85 busy=
2026-10-07T23:45:26.5331242+09:00 cpu=83 busy=
2026-10-07T23:45:36.6741043+09:00 cpu=87 busy=
2026-10-07T23:45:46.7962688+09:00 cpu=85 busy=
2026-10-07T23:45:56.9840319+09:00 cpu=85 busy=
2026-10-07T23:46:07.1512648+09:00 cpu=82 busy=
2026-10-07T23:46:17.2208617+09:00 cpu=89 busy=
2026-10-07T23:46:27.3828253+09:00 cpu=87 busy=
2026-10-07T23:46:37.5434919+09:00 cpu=79 busy=
2026-10-07T23:46:47.7698613+09:00 cpu=83 busy=
2026-10-07T23:46:57.9477873+09:00 cpu=84 busy=
2026-10-07T23:47:08.0459576+09:00 cpu=88 busy=
2026-10-07T23:47:18.2146443+09:00 cpu=82 busy=
2026-10-07T23:47:28.3577025+09:00 cpu=87 busy=
2026-10-07T23:47:38.5022130+09:00 cpu=92 busy=cargo
2026-10-07T23:47:48.7000183+09:00 cpu=82 busy=cargo,rustc
2026-10-07T23:47:58.9135950+09:00 cpu=83 busy=cargo,rustc
2026-10-07T23:48:09.1121733+09:00 cpu=85 busy=cargo,rustc
2026-10-07T23:48:19.1744247+09:00 cpu=89 busy=cargo,rustc
2026-10-07T23:48:29.2605629+09:00 cpu=87 busy=cargo,rustc
2026-10-07T23:48:39.4115379+09:00 cpu=88 busy=cargo,rustc
2026-10-07T23:48:49.6301082+09:00 cpu=89 busy=cargo,rustc
2026-10-07T23:48:59.8263947+09:00 cpu=90 busy=cargo,rustc
2026-10-07T23:49:09.8675072+09:00 cpu=87 busy=cargo,rustc
2026-10-07T23:49:20.1834625+09:00 cpu=87 busy=cargo,rustc
2026-10-07T23:49:30.3196670+09:00 cpu=86 busy=cargo,rustc
2026-10-07T23:49:40.3760732+09:00 cpu=87 busy=cargo,rustc
2026-10-07T23:49:50.4924522+09:00 cpu=86 busy=cargo,rustc
2026-10-07T23:50:00.8217826+09:00 cpu=89 busy=cargo,rustc
2026-10-07T23:50:10.9093994+09:00 cpu=88 busy=cargo,rustc
2026-10-07T23:50:21.1713801+09:00 cpu=85 busy=cargo,rustc
2026-10-07T23:50:31.4796196+09:00 cpu=84 busy=cargo,rustc
2026-10-07T23:50:41.5859228+09:00 cpu=90 busy=cargo,rustc
2026-10-07T23:50:51.7634622+09:00 cpu=92 busy=cargo,rustc
2026-10-07T23:51:01.8692618+09:00 cpu=85 busy=cargo,rustc
2026-10-07T23:51:11.9602299+09:00 cpu=88 busy=cargo,rustc
2026-10-07T23:51:22.8140465+09:00 cpu=80 busy=cargo,rustc
2026-10-07T23:51:33.7585428+09:00 cpu=100 busy=cargo,rustc
2026-10-07T23:51:45.1652143+09:00 cpu=100 busy=cargo,rustc
2026-10-07T23:51:56.2501059+09:00 cpu=100 busy=cargo,rustc
2026-10-07T23:52:07.3469472+09:00 cpu=100 busy=cargo,rustc
2026-10-07T23:52:18.5195705+09:00 cpu=100 busy=cargo,rustc
2026-10-07T23:52:29.5237275+09:00 cpu=100 busy=cargo,rustc
2026-10-07T23:52:40.3500062+09:00 cpu=98 busy=cargo,rustc
2026-10-07T23:52:50.5940134+09:00 cpu=100 busy=cargo,cargo,rustc
2026-10-07T23:53:02.2089307+09:00 cpu=100 busy=cargo,cargo,rustc,rustc,rustc,rustc,rustc
2026-10-07T23:53:12.3641419+09:00 cpu=89 busy=cargo,cargo,rustc,rustc,rustc,rustc,rustc
2026-10-07T23:53:22.4239805+09:00 cpu=96 busy=cargo,cargo,rustc,rustc,rustc
2026-10-07T23:53:32.5021531+09:00 cpu=92 busy=cargo,cargo,link,rustc,rustc,rustc
2026-10-07T23:53:42.9287696+09:00 cpu=97 busy=cargo,cargo,rustc,rustc,rustc,rustc
2026-10-07T23:53:53.0723010+09:00 cpu=89 busy=cargo,cargo,rustc,rustc,rustc,rustc
2026-10-07T23:54:03.1590033+09:00 cpu=92 busy=cargo,cargo,rustc,rustc,rustc,rustc
2026-10-07T23:54:13.3725644+09:00 cpu=96 busy=cargo,cargo,rustc,rustc,rustc,rustc
2026-10-07T23:54:23.5655762+09:00 cpu=92 busy=cargo,cargo,rustc,rustc,rustc
2026-10-07T23:54:33.6601668+09:00 cpu=89 busy=cargo,cargo,cargo,rustc
2026-10-07T23:54:43.7206845+09:00 cpu=87 busy=cargo,cargo,rustc,rustc
2026-10-07T23:54:53.7929913+09:00 cpu=89 busy=cargo,cargo,rustc,rustc,rustc
2026-10-07T23:55:03.9366959+09:00 cpu=90 busy=cargo,cargo,cargo,rustc,rustc,rustc,rustc
2026-10-07T23:55:14.1152432+09:00 cpu=97 busy=cargo,cargo,cargo,cargo,rustc,rustc,rustc,rustc
2026-10-07T23:55:24.1705403+09:00 cpu=88 busy=cargo,cargo,rustc,rustc,rustc
2026-10-07T23:55:34.4536965+09:00 cpu=93 busy=cargo,cargo,cargo,cargo,rustc,rustc,rustc
2026-10-07T23:55:44.9620411+09:00 cpu=96 busy=cargo,cargo,cargo,cargo,rustc,rustc,rustc,rustc,rustc,rustc,rustc,rustc
2026-10-07T23:55:55.4336489+09:00 cpu=98 busy=cargo,cargo,cargo,cargo,link,rustc,rustc,rustc,rustc,rustc,rustc,rustc,rustc
2026-10-07T23:56:05.6512382+09:00 cpu=99 busy=cargo,cargo,cargo,cargo,link,link,rustc,rustc,rustc,rustc,rustc,rustc,rustc,rustc
2026-10-07T23:56:15.7104071+09:00 cpu=100 busy=cargo,cargo,cargo,cargo,link,link,rustc,rustc,rustc,rustc,rustc,rustc,rustc,rustc
2026-10-07T23:56:25.9662834+09:00 cpu=100 busy=cargo,cargo,cargo,cargo,link,rustc,rustc,rustc,rustc,rustc,rustc,rustc,rustc
2026-10-07T23:56:36.4380985+09:00 cpu=100 busy=cargo,cargo,cargo,cargo,link,link,rustc,rustc,rustc,rustc,rustc,rustc,rustc
2026-10-07T23:56:46.6834854+09:00 cpu=100 busy=cargo,cargo,cargo,cargo,link,link,rustc,rustc,rustc,rustc,rustc,rustc
2026-10-07T23:56:56.9021954+09:00 cpu=98 busy=cargo,cargo,cargo,cargo,rustc,rustc,rustc
2026-10-07T23:57:07.4440622+09:00 cpu=100 busy=cargo,cargo,cargo,cargo,cargo,rustc,rustc,rustc
2026-10-07T23:57:17.6139209+09:00 cpu=96 busy=cargo,cargo,cargo,cargo,rustc,rustc,rustc
2026-10-07T23:57:27.8054019+09:00 cpu=95 busy=cargo,cargo,cargo,rustc,rustc
2026-10-07T23:57:37.8967169+09:00 cpu=90 busy=cargo,cargo,cargo,link,rustc,rustc
2026-10-07T23:57:47.9486297+09:00 cpu=92 busy=cargo,cargo,cargo,rustc,rustc
2026-10-07T23:57:58.0954804+09:00 cpu=90 busy=cargo,cargo,cargo,rustc,rustc
2026-10-07T23:58:08.1716790+09:00 cpu=91 busy=cargo,cargo,cargo,rustc,rustc
2026-10-07T23:58:18.3427183+09:00 cpu=91 busy=cargo,cargo,cargo,rustc,rustc
2026-10-07T23:58:28.4697500+09:00 cpu=98 busy=cargo,cargo,rustc
2026-10-07T23:58:38.5737658+09:00 cpu=97 busy=cargo,cargo,rustc
2026-10-07T23:58:48.6683384+09:00 cpu=92 busy=cargo,cargo,rustc
2026-10-07T23:58:58.7667622+09:00 cpu=88 busy=cargo,cargo,rustc
2026-10-07T23:59:08.9230043+09:00 cpu=97 busy=cargo,cargo,link,rustc,rustc
2026-10-07T23:59:19.0194935+09:00 cpu=91 busy=cargo,cargo,rustc
2026-10-07T23:59:29.3764647+09:00 cpu=93 busy=cargo,cargo,rustc
2026-10-07T23:59:39.4728124+09:00 cpu=91 busy=cargo,cargo,rustc
2026-10-07T23:59:49.6083549+09:00 cpu=91 busy=cargo,cargo,rustc
2026-10-07T23:59:59.6996889+09:00 cpu=95 busy=cargo,cargo,rustc
2026-10-08T00:00:09.7414212+09:00 cpu=92 busy=cargo,cargo,rustc
2026-10-08T00:00:19.9153262+09:00 cpu=92 busy=cargo,cargo,rustc
2026-10-08T00:00:29.9476588+09:00 cpu=85 busy=cargo,cargo,rustc
2026-10-08T00:00:39.9825449+09:00 cpu=89 busy=cargo,cargo,rustc
2026-10-08T00:00:50.1593550+09:00 cpu=90 busy=cargo,cargo,rustc
2026-10-08T00:01:00.3001674+09:00 cpu=88 busy=cargo,cargo,rustc
2026-10-08T00:01:10.3865339+09:00 cpu=86 busy=cargo,cargo,rustc
2026-10-08T00:01:20.4435867+09:00 cpu=94 busy=cargo,cargo,rustc
2026-10-08T00:01:30.5465011+09:00 cpu=92 busy=cargo,cargo,rustc
2026-10-08T00:01:40.6829052+09:00 cpu=88 busy=cargo,cargo,rustc
2026-10-08T00:01:50.7495549+09:00 cpu=85 busy=cargo,cargo,rustc
2026-10-08T00:02:00.7934218+09:00 cpu=84 busy=cargo,cargo,rustc
2026-10-08T00:02:12.8235067+09:00 cpu=100 busy=cargo,cargo,rustc
2026-10-08T00:02:23.0105666+09:00 cpu=89 busy=cargo,cargo,rustc
2026-10-08T00:02:33.2674686+09:00 cpu=93 busy=cargo,cargo,rustc
2026-10-08T00:02:43.3818179+09:00 cpu=92 busy=cargo,cargo,rustc
2026-10-08T00:02:53.4532036+09:00 cpu=87 busy=cargo,cargo,rustc
2026-10-08T00:03:03.5285893+09:00 cpu=86 busy=cargo,cargo,rustc
2026-10-08T00:03:13.5832111+09:00 cpu=85 busy=cargo,rustc
2026-10-08T00:03:23.8804521+09:00 cpu=100 busy=cargo,rustc
2026-10-08T00:03:34.6595510+09:00 cpu=100 busy=cargo,rustc
2026-10-08T00:03:45.6384741+09:00 cpu=100 busy=cargo,rustc
2026-10-08T00:03:56.6753184+09:00 cpu=100 busy=cargo,rustc
2026-10-08T00:04:07.7337207+09:00 cpu=100 busy=cargo,rustc
2026-10-08T00:04:18.4718116+09:00 cpu=100 busy=cargo,rustc
2026-10-08T00:04:29.0561562+09:00 cpu=100 busy=cargo,rustc
2026-10-08T00:04:40.1667772+09:00 cpu=100 busy=cargo,rustc
2026-10-08T00:04:50.5775481+09:00 cpu=87 busy=cargo,rustc
2026-10-08T00:05:00.7064982+09:00 cpu=85 busy=cargo,rustc
2026-10-08T00:05:10.7948663+09:00 cpu=85 busy=cargo,rustc
2026-10-08T00:05:20.8621862+09:00 cpu=85 busy=cargo,rustc
2026-10-08T00:05:31.0079670+09:00 cpu=78 busy=
2026-10-08T00:05:41.1878674+09:00 cpu=87 busy=
2026-10-08T00:05:51.2838130+09:00 cpu=85 busy=
2026-10-08T00:06:01.4251228+09:00 cpu=82 busy=
2026-10-08T00:06:11.4716323+09:00 cpu=86 busy=
2026-10-08T00:06:21.4979896+09:00 cpu=88 busy=
2026-10-08T00:06:31.5791559+09:00 cpu=85 busy=cargo,rustc
2026-10-08T00:06:41.7226829+09:00 cpu=86 busy=cargo,rustc
2026-10-08T00:06:51.7920054+09:00 cpu=87 busy=cargo,rustc
2026-10-08T00:07:01.9670433+09:00 cpu=87 busy=cargo,rustc
2026-10-08T00:07:12.1980573+09:00 cpu=88 busy=cargo,rustc
2026-10-08T00:07:22.2258191+09:00 cpu=85 busy=cargo,rustc
2026-10-08T00:07:32.3293582+09:00 cpu=84 busy=cargo,rustc
2026-10-08T00:07:42.6686806+09:00 cpu=83 busy=cargo,rustc
2026-10-08T00:07:52.7075928+09:00 cpu=87 busy=cargo,rustc
2026-10-08T00:08:02.8183212+09:00 cpu=86 busy=cargo,rustc
2026-10-08T00:08:13.2631953+09:00 cpu=84 busy=cargo,rustc
2026-10-08T00:08:23.3531464+09:00 cpu=85 busy=cargo,rustc
2026-10-08T00:08:33.4927994+09:00 cpu=86 busy=cargo,rustc
2026-10-08T00:08:43.5717236+09:00 cpu=84 busy=cargo,rustc
2026-10-08T00:08:53.6460224+09:00 cpu=83 busy=cargo,rustc
2026-10-08T00:09:03.9174425+09:00 cpu=84 busy=cargo,rustc
2026-10-08T00:09:13.9984844+09:00 cpu=86 busy=cargo,rustc
2026-10-08T00:09:24.0877451+09:00 cpu=100 busy=cargo,rustc
2026-10-08T00:09:34.2695798+09:00 cpu=86 busy=cargo,rustc
2026-10-08T00:09:44.5042200+09:00 cpu=85 busy=cargo,rustc
2026-10-08T00:09:54.6092685+09:00 cpu=86 busy=cargo,rustc
2026-10-08T00:10:04.8557516+09:00 cpu=83 busy=cargo,rustc
2026-10-08T00:10:15.0916909+09:00 cpu=83 busy=
2026-10-08T00:10:25.1444690+09:00 cpu=85 busy=
2026-10-08T00:10:35.1975460+09:00 cpu=90 busy=cargo
2026-10-08T00:10:45.2527128+09:00 cpu=88 busy=cargo,rustc
2026-10-08T00:10:55.3583386+09:00 cpu=86 busy=cargo,rustc
2026-10-08T00:11:05.3995399+09:00 cpu=88 busy=cargo,rustc
2026-10-08T00:11:15.4576874+09:00 cpu=87 busy=cargo,rustc
2026-10-08T00:11:25.4918212+09:00 cpu=84 busy=cargo,rustc
2026-10-08T00:11:35.6491511+09:00 cpu=86 busy=cargo,rustc
2026-10-08T00:11:45.6761203+09:00 cpu=87 busy=cargo,rustc
2026-10-08T00:11:55.9305803+09:00 cpu=83 busy=cargo,rustc
2026-10-08T00:12:06.0127498+09:00 cpu=85 busy=cargo,rustc
2026-10-08T00:12:16.0889407+09:00 cpu=89 busy=cargo,rustc
2026-10-08T00:12:26.3344556+09:00 cpu=82 busy=cargo,rustc
2026-10-08T00:12:36.4049189+09:00 cpu=87 busy=cargo,rustc
2026-10-08T00:12:46.5457849+09:00 cpu=86 busy=cargo,rustc
2026-10-08T00:12:56.6127005+09:00 cpu=86 busy=cargo,rustc
2026-10-08T00:13:06.7151797+09:00 cpu=86 busy=cargo,rustc
2026-10-08T00:13:17.4649981+09:00 cpu=100 busy=cargo,rustc
2026-10-08T00:13:28.4423222+09:00 cpu=100 busy=cargo,rustc
2026-10-08T00:13:39.7475807+09:00 cpu=100 busy=cargo,rustc
2026-10-08T00:13:50.7185536+09:00 cpu=100 busy=cargo,rustc
2026-10-08T00:14:01.7795915+09:00 cpu=100 busy=cargo,rustc
2026-10-08T00:14:12.8319002+09:00 cpu=100 busy=cargo,rustc
2026-10-08T00:14:23.7256177+09:00 cpu=88 busy=cargo,rustc
2026-10-08T00:14:34.0925900+09:00 cpu=92 busy=cargo,rustc
2026-10-08T00:14:44.9861762+09:00 cpu=100 busy=cargo,rustc
2026-10-08T00:14:55.1373778+09:00 cpu=87 busy=cargo,rustc
2026-10-08T00:15:05.3035004+09:00 cpu=83 busy=cargo,rustc
2026-10-08T00:15:15.3757868+09:00 cpu=85 busy=cargo,rustc
2026-10-08T00:15:25.6577044+09:00 cpu=82 busy=cargo,rustc
2026-10-08T00:15:35.7011421+09:00 cpu=83 busy=cargo,rustc
2026-10-08T00:15:45.7374549+09:00 cpu=86 busy=cargo,rustc
2026-10-08T00:15:55.8079906+09:00 cpu=83 busy=cargo,rustc
2026-10-08T00:16:05.8758245+09:00 cpu=83 busy=cargo,rustc
2026-10-08T00:16:16.1669633+09:00 cpu=86 busy=cargo,rustc
2026-10-08T00:16:26.3545683+09:00 cpu=87 busy=cargo,rustc
2026-10-08T00:16:36.5205381+09:00 cpu=86 busy=cargo,rustc
2026-10-08T00:16:46.7443080+09:00 cpu=82 busy=cargo,rustc
2026-10-08T00:16:56.8074210+09:00 cpu=80 busy=cargo,rustc
2026-10-08T00:17:06.8559019+09:00 cpu=84 busy=cargo,rustc
2026-10-08T00:17:16.9566218+09:00 cpu=84 busy=cargo,rustc
2026-10-08T00:17:27.2183149+09:00 cpu=88 busy=cargo,rustc
2026-10-08T00:17:37.3066121+09:00 cpu=85 busy=cargo,rustc
2026-10-08T00:17:47.3606160+09:00 cpu=82 busy=cargo,rustc
2026-10-08T00:17:57.4041477+09:00 cpu=84 busy=cargo,rustc
2026-10-08T00:18:07.6199908+09:00 cpu=87 busy=cargo,rustc
2026-10-08T00:18:17.8479463+09:00 cpu=82 busy=cargo,rustc
2026-10-08T00:18:27.9516460+09:00 cpu=96 busy=cargo,rustc
2026-10-08T00:18:37.9982268+09:00 cpu=91 busy=cargo,rustc
2026-10-08T00:18:48.0763703+09:00 cpu=85 busy=cargo,rustc
2026-10-08T00:18:58.2726357+09:00 cpu=79 busy=cargo,rustc
2026-10-08T00:19:08.3419708+09:00 cpu=87 busy=cargo,rustc
2026-10-08T00:19:18.3779814+09:00 cpu=84 busy=cargo,rustc
2026-10-08T00:19:28.7185920+09:00 cpu=81 busy=cargo,rustc
2026-10-08T00:19:36.8223362+09:00 cpu=81 busy=cargo,rustc
2026-10-08T00:19:46.9415727+09:00 cpu=87 busy=cargo,rustc
2026-10-08T00:19:57.0085526+09:00 cpu=81 busy=cargo,rustc
2026-10-08T00:20:07.0670477+09:00 cpu=85 busy=cargo,rustc
2026-10-08T00:20:17.1555025+09:00 cpu=83 busy=cargo,rustc
2026-10-08T00:20:27.2092245+09:00 cpu=83 busy=cargo,rustc
2026-10-08T00:20:37.2960471+09:00 cpu=84 busy=cargo,rustc
2026-10-08T00:20:47.3635168+09:00 cpu=81 busy=cargo,rustc
2026-10-08T00:20:57.4209215+09:00 cpu=90 busy=cargo,rustc
2026-10-08T00:21:07.5429052+09:00 cpu=85 busy=cargo,rustc
2026-10-08T00:21:17.6181046+09:00 cpu=85 busy=cargo,rustc
2026-10-08T00:21:27.7083990+09:00 cpu=88 busy=cargo,rustc
2026-10-08T00:21:37.8173113+09:00 cpu=81 busy=cargo,rustc
2026-10-08T00:21:48.0256169+09:00 cpu=88 busy=cargo,rustc
2026-10-08T00:21:58.0563439+09:00 cpu=83 busy=cargo,rustc
2026-10-08T00:22:08.0960540+09:00 cpu=79 busy=cargo,rustc
2026-10-08T00:22:18.1239224+09:00 cpu=85 busy=cargo,rustc
2026-10-08T00:22:28.1951539+09:00 cpu=84 busy=cargo,rustc
2026-10-08T00:22:38.2449162+09:00 cpu=83 busy=cargo,rustc
2026-10-08T00:22:48.3657454+09:00 cpu=84 busy=cargo,rustc
2026-10-08T00:22:59.2762812+09:00 cpu=100 busy=cargo,rustc
2026-10-08T00:23:10.3219598+09:00 cpu=100 busy=cargo,rustc
2026-10-08T00:23:21.2262670+09:00 cpu=100 busy=cargo,rustc
2026-10-08T00:23:32.2577460+09:00 cpu=100 busy=cargo,rustc
2026-10-08T00:23:43.0114716+09:00 cpu=100 busy=cargo,rustc
2026-10-08T00:23:53.3220983+09:00 cpu=100 busy=cargo,rustc
2026-10-08T00:24:03.8853535+09:00 cpu=100 busy=cargo,rustc
2026-10-08T00:24:14.5113645+09:00 cpu=100 busy=cargo,rustc
2026-10-08T00:24:26.0296563+09:00 cpu=100 busy=cargo,rustc
2026-10-08T00:24:37.8744598+09:00 cpu=100 busy=cargo,rustc
2026-10-08T00:24:48.0206399+09:00 cpu=87 busy=cargo,rustc
2026-10-08T00:24:58.1121465+09:00 cpu=83 busy=
2026-10-08T00:25:08.3440036+09:00 cpu=82 busy=
2026-10-08T00:25:18.4370399+09:00 cpu=88 busy=
2026-10-08T00:25:28.4863497+09:00 cpu=90 busy=
2026-10-08T00:25:38.5524280+09:00 cpu=81 busy=
2026-10-08T00:25:48.7195325+09:00 cpu=79 busy=
2026-10-08T00:25:58.8141073+09:00 cpu=85 busy=
2026-10-08T00:26:08.8842135+09:00 cpu=87 busy=
2026-10-08T00:26:18.9622653+09:00 cpu=89 busy=
2026-10-08T00:26:29.0365807+09:00 cpu=95 busy=
2026-10-08T00:26:39.2063230+09:00 cpu=93 busy=
2026-10-08T00:26:49.4772022+09:00 cpu=99 busy=
2026-10-08T00:26:59.6192347+09:00 cpu=98 busy=
2026-10-08T00:27:09.6716632+09:00 cpu=99 busy=
2026-10-08T00:27:19.8180698+09:00 cpu=96 busy=
2026-10-08T00:27:29.9821350+09:00 cpu=96 busy=
2026-10-08T00:27:40.0280379+09:00 cpu=95 busy=
2026-10-08T00:27:50.3418821+09:00 cpu=95 busy=
2026-10-08T00:28:00.4136635+09:00 cpu=99 busy=
2026-10-08T00:28:10.5919062+09:00 cpu=98 busy=
2026-10-08T00:28:20.6362364+09:00 cpu=97 busy=
2026-10-08T00:28:30.7687436+09:00 cpu=97 busy=
2026-10-08T00:28:40.8352596+09:00 cpu=100 busy=
2026-10-08T00:28:50.9424489+09:00 cpu=96 busy=
2026-10-08T00:29:01.0386066+09:00 cpu=98 busy=
2026-10-08T00:29:11.1526181+09:00 cpu=100 busy=
2026-10-08T00:29:21.2086210+09:00 cpu=96 busy=
2026-10-08T00:29:31.2520771+09:00 cpu=98 busy=
2026-10-08T00:29:41.3134505+09:00 cpu=100 busy=
2026-10-08T00:29:51.4025877+09:00 cpu=85 busy=
2026-10-08T00:30:01.4854839+09:00 cpu=83 busy=
2026-10-08T00:30:11.5266769+09:00 cpu=85 busy=
2026-10-08T00:30:21.6962392+09:00 cpu=86 busy=
2026-10-08T00:30:31.7291461+09:00 cpu=88 busy=
2026-10-08T00:30:41.7622536+09:00 cpu=86 busy=
2026-10-08T00:30:51.8166287+09:00 cpu=82 busy=
2026-10-08T00:31:01.8757118+09:00 cpu=84 busy=
2026-10-08T00:31:12.0611101+09:00 cpu=89 busy=
2026-10-08T00:31:22.1651283+09:00 cpu=84 busy=
2026-10-08T00:31:32.3044512+09:00 cpu=86 busy=
2026-10-08T00:31:42.3544722+09:00 cpu=87 busy=
2026-10-08T00:31:52.4399618+09:00 cpu=85 busy=
2026-10-08T00:32:02.4717343+09:00 cpu=81 busy=
2026-10-08T00:32:12.5404602+09:00 cpu=85 busy=
2026-10-08T00:32:22.7021359+09:00 cpu=80 busy=
2026-10-08T00:32:32.7881696+09:00 cpu=85 busy=
2026-10-08T00:32:42.9100983+09:00 cpu=83 busy=
2026-10-08T00:32:53.0382279+09:00 cpu=84 busy=
2026-10-08T00:33:03.0875911+09:00 cpu=86 busy=
2026-10-08T00:33:13.1208355+09:00 cpu=100 busy=
2026-10-08T00:33:23.5568253+09:00 cpu=100 busy=
2026-10-08T00:33:34.3691545+09:00 cpu=100 busy=
2026-10-08T00:33:45.2794689+09:00 cpu=100 busy=
2026-10-08T00:33:56.4410435+09:00 cpu=100 busy=
2026-10-08T00:34:07.3676802+09:00 cpu=100 busy=
2026-10-08T00:34:17.4101471+09:00 cpu=92 busy=
2026-10-08T00:34:29.3846681+09:00 cpu=100 busy=
2026-10-08T00:34:39.9220499+09:00 cpu=100 busy=
2026-10-08T00:34:50.0885906+09:00 cpu=100 busy=
2026-10-08T00:35:00.2829411+09:00 cpu=84 busy=
2026-10-08T00:35:10.4760102+09:00 cpu=85 busy=
2026-10-08T00:35:20.5456077+09:00 cpu=83 busy=
2026-10-08T00:35:30.5947309+09:00 cpu=86 busy=
2026-10-08T00:35:40.6511480+09:00 cpu=88 busy=
2026-10-08T00:35:50.7011880+09:00 cpu=88 busy=
2026-10-08T00:36:00.8894382+09:00 cpu=85 busy=
2026-10-08T00:36:11.0152222+09:00 cpu=87 busy=
2026-10-08T00:36:21.1888847+09:00 cpu=87 busy=
2026-10-08T00:36:31.2172925+09:00 cpu=85 busy=
2026-10-08T00:36:41.4327571+09:00 cpu=85 busy=
2026-10-08T00:36:51.4754316+09:00 cpu=89 busy=
2026-10-08T00:37:01.6986228+09:00 cpu=81 busy=
2026-10-08T00:37:11.8555733+09:00 cpu=83 busy=
2026-10-08T00:37:21.8960312+09:00 cpu=89 busy=
2026-10-08T00:37:32.0987046+09:00 cpu=90 busy=
2026-10-08T00:37:42.1811688+09:00 cpu=88 busy=
2026-10-08T00:37:52.3256812+09:00 cpu=84 busy=
2026-10-08T00:38:02.5110490+09:00 cpu=83 busy=
2026-10-08T00:38:12.5716707+09:00 cpu=83 busy=
2026-10-08T00:38:22.6414690+09:00 cpu=83 busy=
2026-10-08T00:38:32.6985217+09:00 cpu=91 busy=
2026-10-08T00:38:42.9341168+09:00 cpu=87 busy=
2026-10-08T00:38:52.9761097+09:00 cpu=87 busy=
2026-10-08T00:39:03.0241712+09:00 cpu=89 busy=cargo,rustc
2026-10-08T00:39:13.0804301+09:00 cpu=90 busy=cargo,rustc
2026-10-08T00:39:23.1756239+09:00 cpu=87 busy=cargo,rustc
2026-10-08T00:39:33.2822586+09:00 cpu=86 busy=cargo,rustc
2026-10-08T00:39:43.4992383+09:00 cpu=84 busy=cargo,rustc
2026-10-08T00:39:53.5803952+09:00 cpu=85 busy=cargo,rustc
2026-10-08T00:40:03.7835077+09:00 cpu=86 busy=cargo,rustc
2026-10-08T00:40:13.9489233+09:00 cpu=86 busy=cargo,rustc
2026-10-08T00:40:24.0155816+09:00 cpu=89 busy=cargo,rustc
2026-10-08T00:40:34.1004351+09:00 cpu=87 busy=cargo,rustc
2026-10-08T00:40:44.2292514+09:00 cpu=79 busy=cargo,rustc
2026-10-08T00:40:54.3432850+09:00 cpu=83 busy=cargo,rustc
2026-10-08T00:41:04.5277350+09:00 cpu=87 busy=cargo,rustc
2026-10-08T00:41:14.7788634+09:00 cpu=86 busy=cargo,rustc
2026-10-08T00:41:24.8609524+09:00 cpu=86 busy=cargo,rustc
2026-10-08T00:41:35.0562464+09:00 cpu=82 busy=cargo,rustc
2026-10-08T00:41:45.0956984+09:00 cpu=86 busy=cargo,rustc
2026-10-08T00:41:55.3072432+09:00 cpu=85 busy=cargo,rustc
2026-10-08T00:42:05.3793299+09:00 cpu=85 busy=cargo,rustc
2026-10-08T00:42:15.5408208+09:00 cpu=85 busy=cargo,rustc
2026-10-08T00:42:25.6628108+09:00 cpu=83 busy=cargo,rustc
2026-10-08T00:42:35.7247359+09:00 cpu=88 busy=cargo,rustc
2026-10-08T00:42:45.7804565+09:00 cpu=87 busy=cargo,rustc
2026-10-08T00:42:55.8679726+09:00 cpu=85 busy=cargo,rustc
2026-10-08T00:43:06.0681531+09:00 cpu=82 busy=cargo,rustc
2026-10-08T00:43:16.2996043+09:00 cpu=96 busy=cargo,rustc
2026-10-08T00:43:27.2794855+09:00 cpu=100 busy=cargo,rustc
2026-10-08T00:43:38.2803858+09:00 cpu=100 busy=cargo,rustc
2026-10-08T00:43:49.7466956+09:00 cpu=100 busy=cargo,rustc
2026-10-08T00:44:00.8527205+09:00 cpu=100 busy=cargo,rustc
2026-10-08T00:44:11.8145064+09:00 cpu=100 busy=cargo,rustc
2026-10-08T00:44:22.0119393+09:00 cpu=87 busy=cargo,rustc
2026-10-08T00:44:32.9494443+09:00 cpu=100 busy=cargo,rustc
2026-10-08T00:44:43.6475713+09:00 cpu=100 busy=cargo,rustc
2026-10-08T00:44:54.3070004+09:00 cpu=100 busy=cargo,rustc
2026-10-08T00:45:04.3781336+09:00 cpu=86 busy=cargo,rustc
2026-10-08T00:45:14.4915095+09:00 cpu=83 busy=cargo,rustc
2026-10-08T00:45:24.5227706+09:00 cpu=87 busy=cargo,rustc
2026-10-08T00:45:34.6157638+09:00 cpu=81 busy=cargo,rustc
2026-10-08T00:45:44.6963990+09:00 cpu=82 busy=cargo,rustc
2026-10-08T00:45:54.8157840+09:00 cpu=83 busy=cargo,rustc
2026-10-08T00:46:04.9107160+09:00 cpu=82 busy=cargo,rustc
2026-10-08T00:46:14.9671708+09:00 cpu=86 busy=cargo,rustc
2026-10-08T00:46:25.2599282+09:00 cpu=78 busy=cargo,rustc
2026-10-08T00:46:35.3139778+09:00 cpu=92 busy=cargo,rustc
2026-10-08T00:46:45.4457843+09:00 cpu=90 busy=cargo,rustc
2026-10-08T00:46:55.4907374+09:00 cpu=80 busy=cargo,rustc
2026-10-08T00:47:05.6423939+09:00 cpu=80 busy=cargo,rustc
2026-10-08T00:47:15.7142041+09:00 cpu=83 busy=cargo,rustc
2026-10-08T00:47:25.8447447+09:00 cpu=85 busy=cargo,rustc
2026-10-08T00:47:36.1130038+09:00 cpu=88 busy=cargo,rustc
2026-10-08T00:47:46.2524983+09:00 cpu=79 busy=cargo,rustc
2026-10-08T00:47:56.3041961+09:00 cpu=82 busy=cargo,rustc
2026-10-08T00:48:06.3575193+09:00 cpu=79 busy=cargo,rustc
2026-10-08T00:48:16.4399000+09:00 cpu=83 busy=cargo,rustc
2026-10-08T00:48:26.5740379+09:00 cpu=85 busy=cargo,rustc
2026-10-08T00:48:36.6202145+09:00 cpu=82 busy=cargo,rustc
2026-10-08T00:48:46.6928304+09:00 cpu=83 busy=cargo,rustc
2026-10-08T00:48:56.7433698+09:00 cpu=83 busy=cargo,rustc
2026-10-08T00:49:06.7811268+09:00 cpu=83 busy=cargo,rustc
2026-10-08T00:49:16.8198889+09:00 cpu=80 busy=cargo,rustc
2026-10-08T00:49:26.8577097+09:00 cpu=82 busy=cargo,rustc
2026-10-08T00:49:37.0118632+09:00 cpu=80 busy=cargo,rustc
2026-10-08T00:49:47.0852664+09:00 cpu=82 busy=cargo,rustc
2026-10-08T00:49:57.1362098+09:00 cpu=86 busy=cargo,rustc
2026-10-08T00:50:07.1826542+09:00 cpu=83 busy=cargo,rustc
2026-10-08T00:50:17.4692611+09:00 cpu=93 busy=cargo
2026-10-08T00:50:27.8070940+09:00 cpu=100 busy=cargo
2026-10-08T00:50:38.3869144+09:00 cpu=98 busy=cargo
2026-10-08T00:50:48.4495848+09:00 cpu=87 busy=
2026-10-08T00:50:58.5495713+09:00 cpu=90 busy=
2026-10-08T00:51:08.6341458+09:00 cpu=82 busy=
2026-10-08T00:51:18.6889858+09:00 cpu=100 busy=
2026-10-08T00:51:28.7883048+09:00 cpu=96 busy=
2026-10-08T00:51:38.9042139+09:00 cpu=94 busy=
2026-10-08T00:51:48.9622039+09:00 cpu=97 busy=
2026-10-08T00:51:59.1806636+09:00 cpu=98 busy=
2026-10-08T00:52:09.4278898+09:00 cpu=96 busy=
2026-10-08T00:52:19.4698316+09:00 cpu=100 busy=
2026-10-08T00:52:29.5205870+09:00 cpu=97 busy=
2026-10-08T00:52:39.6454098+09:00 cpu=99 busy=
2026-10-08T00:52:49.7037114+09:00 cpu=97 busy=
2026-10-08T00:52:59.8007033+09:00 cpu=97 busy=
2026-10-08T00:53:09.9210079+09:00 cpu=100 busy=
2026-10-08T00:53:19.9980209+09:00 cpu=100 busy=
2026-10-08T00:53:30.0898059+09:00 cpu=95 busy=
2026-10-08T00:53:40.1370498+09:00 cpu=98 busy=
2026-10-08T00:53:50.2143217+09:00 cpu=97 busy=
2026-10-08T00:54:00.3340615+09:00 cpu=96 busy=
2026-10-08T00:54:10.6511888+09:00 cpu=100 busy=
2026-10-08T00:54:21.4159027+09:00 cpu=100 busy=
2026-10-08T00:54:32.3100087+09:00 cpu=100 busy=
2026-10-08T00:54:43.0678522+09:00 cpu=100 busy=
2026-10-08T00:54:53.9052430+09:00 cpu=100 busy=
2026-10-08T00:55:04.7373125+09:00 cpu=100 busy=
2026-10-08T00:55:15.4739481+09:00 cpu=100 busy=
2026-10-08T00:55:25.8134201+09:00 cpu=100 busy=
2026-10-08T00:55:36.2553123+09:00 cpu=100 busy=
2026-10-08T00:55:46.6607371+09:00 cpu=100 busy=
2026-10-08T00:55:56.8072590+09:00 cpu=97 busy=
2026-10-08T00:56:06.9347770+09:00 cpu=97 busy=
2026-10-08T00:56:16.9763790+09:00 cpu=97 busy=
2026-10-08T00:56:27.0399478+09:00 cpu=98 busy=
2026-10-08T00:56:37.2006655+09:00 cpu=100 busy=
2026-10-08T00:56:47.2831321+09:00 cpu=100 busy=
2026-10-08T00:56:57.3265777+09:00 cpu=97 busy=
2026-10-08T00:57:07.3697803+09:00 cpu=98 busy=
2026-10-08T00:57:17.4135442+09:00 cpu=98 busy=
2026-10-08T00:57:27.6228336+09:00 cpu=95 busy=
2026-10-08T00:57:37.7409908+09:00 cpu=100 busy=
2026-10-08T00:57:47.8373588+09:00 cpu=99 busy=
2026-10-08T00:57:57.9445730+09:00 cpu=96 busy=
2026-10-08T00:58:08.0420468+09:00 cpu=94 busy=
2026-10-08T00:58:18.2114831+09:00 cpu=96 busy=
2026-10-08T00:58:28.3018899+09:00 cpu=96 busy=
2026-10-08T00:58:38.3982978+09:00 cpu=100 busy=
2026-10-08T00:58:48.4504763+09:00 cpu=97 busy=
2026-10-08T00:58:58.6180453+09:00 cpu=95 busy=
2026-10-08T00:59:08.7073735+09:00 cpu=96 busy=
2026-10-08T00:59:18.7988477+09:00 cpu=98 busy=
2026-10-08T00:59:28.8419597+09:00 cpu=99 busy=
2026-10-08T00:59:38.8974082+09:00 cpu=100 busy=
2026-10-08T00:59:48.9465035+09:00 cpu=97 busy=
2026-10-08T00:59:59.0418112+09:00 cpu=95 busy=
2026-10-08T01:00:09.2097315+09:00 cpu=94 busy=
2026-10-08T01:00:19.2871648+09:00 cpu=97 busy=
2026-10-08T01:00:29.3682338+09:00 cpu=100 busy=
2026-10-08T01:00:39.4388133+09:00 cpu=100 busy=
2026-10-08T01:00:49.4811872+09:00 cpu=83 busy=
2026-10-08T01:00:59.5252768+09:00 cpu=85 busy=
2026-10-08T01:01:09.5591748+09:00 cpu=83 busy=
2026-10-08T01:01:19.6214538+09:00 cpu=100 busy=cargo,cargo,rustc,rustc,rustc,rustc,rustc,rustc,rustc,rustc,rustc,rustc,rustc,rustc
2026-10-08T01:01:29.7471605+09:00 cpu=95 busy=cargo,cargo,rustc,rustc,rustc,rustc,rustc
2026-10-08T01:01:39.7936551+09:00 cpu=83 busy=cargo,cargo
2026-10-08T01:01:49.8874512+09:00 cpu=83 busy=cargo,cargo
2026-10-08T01:01:59.9309108+09:00 cpu=83 busy=cargo,cargo
2026-10-08T01:02:10.0588156+09:00 cpu=81 busy=cargo,rustc
2026-10-08T01:02:20.1318504+09:00 cpu=81 busy=cargo,rustc
2026-10-08T01:02:30.2847735+09:00 cpu=83 busy=cargo,rustc
2026-10-08T01:02:40.3458974+09:00 cpu=87 busy=cargo,rustc
2026-10-08T01:02:50.4155954+09:00 cpu=82 busy=cargo,rustc
2026-10-08T01:03:00.5024369+09:00 cpu=82 busy=cargo,rustc
2026-10-08T01:03:10.5546433+09:00 cpu=85 busy=cargo,rustc
2026-10-08T01:03:20.5944400+09:00 cpu=83 busy=cargo,rustc
2026-10-08T01:03:31.6861777+09:00 cpu=100 busy=cargo,rustc,rustc,rustc,rustc,rustc,rustc,rustc,rustc
2026-10-08T01:03:43.1494789+09:00 cpu=100 busy=cargo,rustc,rustc,rustc,rustc,rustc
2026-10-08T01:03:53.5127788+09:00 cpu=100 busy=cargo,rustc,rustc,rustc,rustc
2026-10-08T01:04:03.9283919+09:00 cpu=96 busy=cargo,rustc,rustc,rustc,rustc
2026-10-08T01:04:14.1164491+09:00 cpu=89 busy=cargo
2026-10-08T01:04:24.1826456+09:00 cpu=77 busy=
2026-10-08T01:04:34.2660435+09:00 cpu=80 busy=
2026-10-08T01:04:44.3359668+09:00 cpu=84 busy=
2026-10-08T01:04:54.4248726+09:00 cpu=80 busy=
2026-10-08T01:05:04.5151635+09:00 cpu=86 busy=
2026-10-08T01:05:14.5552383+09:00 cpu=89 busy=
2026-10-08T01:05:24.6500121+09:00 cpu=84 busy=
2026-10-08T01:05:35.2281863+09:00 cpu=100 busy=
2026-10-08T01:05:47.4041474+09:00 cpu=100 busy=
2026-10-08T01:05:58.0139850+09:00 cpu=100 busy=
2026-10-08T01:06:08.2774977+09:00 cpu=100 busy=
2026-10-08T01:06:19.0610740+09:00 cpu=100 busy=
2026-10-08T01:06:29.6038135+09:00 cpu=100 busy=
2026-10-08T01:06:39.7258340+09:00 cpu=100 busy=
2026-10-08T01:06:50.5355003+09:00 cpu=100 busy=
2026-10-08T01:07:01.2547386+09:00 cpu=94 busy=
2026-10-08T01:07:12.0619164+09:00 cpu=100 busy=
2026-10-08T01:07:23.5422744+09:00 cpu=100 busy=
2026-10-08T01:07:34.6569782+09:00 cpu=100 busy=
2026-10-08T01:07:45.7360880+09:00 cpu=100 busy=
2026-10-08T01:07:56.9330795+09:00 cpu=100 busy=
2026-10-08T01:08:08.1328645+09:00 cpu=100 busy=
2026-10-08T01:08:19.1093402+09:00 cpu=100 busy=
2026-10-08T01:08:29.1967079+09:00 cpu=85 busy=
2026-10-08T01:08:39.3748196+09:00 cpu=83 busy=
2026-10-08T01:08:49.5351152+09:00 cpu=82 busy=
2026-10-08T01:08:59.5919925+09:00 cpu=86 busy=
2026-10-08T01:09:09.8687512+09:00 cpu=84 busy=
2026-10-08T01:09:19.9585029+09:00 cpu=83 busy=
2026-10-08T01:09:30.0409712+09:00 cpu=82 busy=
2026-10-08T01:09:40.0855145+09:00 cpu=81 busy=
2026-10-08T01:09:50.2582718+09:00 cpu=84 busy=
2026-10-08T01:10:00.3706642+09:00 cpu=84 busy=
2026-10-08T01:10:10.5016124+09:00 cpu=85 busy=
2026-10-08T01:10:21.1083537+09:00 cpu=100 busy=
2026-10-08T01:10:32.2575806+09:00 cpu=100 busy=
2026-10-08T01:10:43.4324998+09:00 cpu=100 busy=
2026-10-08T01:10:54.6044299+09:00 cpu=100 busy=
2026-10-08T01:11:05.8542498+09:00 cpu=100 busy=
2026-10-08T01:11:15.9491598+09:00 cpu=62 busy=
2026-10-08T01:11:26.0475531+09:00 cpu=82 busy=
2026-10-08T01:11:36.1156179+09:00 cpu=83 busy=
2026-10-08T01:11:46.2769221+09:00 cpu=85 busy=
2026-10-08T01:11:56.3908083+09:00 cpu=84 busy=
2026-10-08T01:12:06.4320295+09:00 cpu=81 busy=
2026-10-08T01:12:16.5003752+09:00 cpu=83 busy=
2026-10-08T01:12:26.5992793+09:00 cpu=85 busy=
2026-10-08T01:12:36.7745255+09:00 cpu=83 busy=
2026-10-08T01:12:46.8666624+09:00 cpu=82 busy=
2026-10-08T01:12:57.5497822+09:00 cpu=100 busy=
2026-10-08T01:13:08.4462058+09:00 cpu=100 busy=
2026-10-08T01:13:19.6833100+09:00 cpu=100 busy=
2026-10-08T01:13:30.8789842+09:00 cpu=100 busy=
2026-10-08T01:13:42.0787888+09:00 cpu=100 busy=
2026-10-08T01:13:53.2922763+09:00 cpu=100 busy=cargo
2026-10-08T01:14:03.5920995+09:00 cpu=89 busy=cargo
2026-10-08T01:14:13.7841659+09:00 cpu=85 busy=cargo
2026-10-08T01:14:23.9124236+09:00 cpu=85 busy=cargo
2026-10-08T01:14:34.0626325+09:00 cpu=86 busy=cargo
2026-10-08T01:14:44.3212201+09:00 cpu=85 busy=cargo
2026-10-08T01:14:54.3520182+09:00 cpu=85 busy=cargo
2026-10-08T01:15:04.4657192+09:00 cpu=82 busy=cargo
2026-10-08T01:15:14.6072608+09:00 cpu=80 busy=cargo
2026-10-08T01:15:24.7336561+09:00 cpu=84 busy=cargo
2026-10-08T01:15:34.8592047+09:00 cpu=93 busy=cargo
2026-10-08T01:15:45.3556983+09:00 cpu=100 busy=cargo
2026-10-08T01:15:56.7551937+09:00 cpu=100 busy=cargo
2026-10-08T01:16:08.5182320+09:00 cpu=100 busy=cargo
2026-10-08T01:16:19.6002782+09:00 cpu=100 busy=cargo
2026-10-08T01:16:31.2052532+09:00 cpu=100 busy=cargo
2026-10-08T01:16:43.0415866+09:00 cpu=100 busy=cargo
2026-10-08T01:16:53.2399969+09:00 cpu=98 busy=cargo
2026-10-08T01:17:03.3250681+09:00 cpu=92 busy=cargo
2026-10-08T01:17:13.5168678+09:00 cpu=91 busy=cargo
2026-10-08T01:17:23.7592574+09:00 cpu=84 busy=cargo
2026-10-08T01:17:33.8760016+09:00 cpu=84 busy=cargo
2026-10-08T01:17:43.9918354+09:00 cpu=96 busy=cargo
2026-10-08T01:17:54.0982286+09:00 cpu=81 busy=cargo
2026-10-08T01:18:04.2342047+09:00 cpu=85 busy=cargo
2026-10-08T01:18:14.3022417+09:00 cpu=90 busy=cargo
2026-10-08T01:18:24.3603884+09:00 cpu=83 busy=cargo
2026-10-08T01:18:37.1984628+09:00 cpu=92 busy=cargo
2026-10-08T01:18:50.1047072+09:00 cpu=100 busy=cargo
2026-10-08T01:19:01.5305256+09:00 cpu=100 busy=cargo
2026-10-08T01:19:11.9495825+09:00 cpu=100 busy=cargo
2026-10-08T01:19:22.6828245+09:00 cpu=100 busy=cargo
2026-10-08T01:19:34.6380430+09:00 cpu=100 busy=cargo
2026-10-08T01:19:44.7388284+09:00 cpu=86 busy=cargo
2026-10-08T01:19:54.9200833+09:00 cpu=86 busy=cargo
2026-10-08T01:20:05.0702060+09:00 cpu=86 busy=cargo
2026-10-08T01:20:15.1591657+09:00 cpu=86 busy=
2026-10-08T01:20:25.2328822+09:00 cpu=80 busy=
2026-10-08T01:20:35.3953474+09:00 cpu=88 busy=
2026-10-08T01:20:45.4565863+09:00 cpu=87 busy=
2026-10-08T01:20:55.5728035+09:00 cpu=81 busy=
2026-10-08T01:21:05.6616491+09:00 cpu=81 busy=
2026-10-08T01:21:15.7655352+09:00 cpu=80 busy=
2026-10-08T01:21:26.7853343+09:00 cpu=100 busy=
2026-10-08T01:21:37.9348434+09:00 cpu=100 busy=
2026-10-08T01:21:49.0907774+09:00 cpu=100 busy=
2026-10-08T01:21:59.4086201+09:00 cpu=100 busy=
2026-10-08T01:22:10.9255278+09:00 cpu=100 busy=
2026-10-08T01:22:21.8789325+09:00 cpu=100 busy=
2026-10-08T01:22:31.9895806+09:00 cpu=86 busy=
2026-10-08T01:22:42.0219113+09:00 cpu=89 busy=
2026-10-08T01:22:52.0743161+09:00 cpu=85 busy=
2026-10-08T01:23:02.2206978+09:00 cpu=86 busy=
2026-10-08T01:23:12.2780027+09:00 cpu=84 busy=cargo
2026-10-08T01:23:22.4057129+09:00 cpu=86 busy=cargo,rustc
2026-10-08T01:23:32.4753147+09:00 cpu=91 busy=
2026-10-08T01:23:42.6597541+09:00 cpu=85 busy=cargo,rustc,rustc,rustc,rustc
2026-10-08T01:23:52.8054505+09:00 cpu=89 busy=cargo,link,rustc,rustc,rustc
2026-10-08T01:24:02.8534994+09:00 cpu=88 busy=cargo,rustc,rustc,rustc
2026-10-08T01:24:15.3149206+09:00 cpu=100 busy=cargo,rustc,rustc
2026-10-08T01:24:26.7218044+09:00 cpu=100 busy=cargo,link,rustc,rustc
2026-10-08T01:24:39.7954312+09:00 cpu=100 busy=cargo,rustc,rustc
2026-10-08T01:24:51.5504259+09:00 cpu=100 busy=cargo,rustc,rustc
2026-10-08T01:25:03.6624907+09:00 cpu=100 busy=cargo,rustc,rustc,rustc
2026-10-08T01:25:14.7037308+09:00 cpu=100 busy=cargo,rustc,rustc,rustc
2026-10-08T01:25:24.7472495+09:00 cpu=90 busy=cargo,rustc
2026-10-08T01:25:34.9133154+09:00 cpu=89 busy=cargo,cargo
2026-10-08T01:25:44.9977899+09:00 cpu=85 busy=cargo,rustc,rustc
2026-10-08T01:25:55.1027710+09:00 cpu=88 busy=cargo,rustc,rustc,rustc
2026-10-08T01:26:05.2788554+09:00 cpu=87 busy=cargo,rustc,rustc,rustc
2026-10-08T01:26:15.3910620+09:00 cpu=87 busy=cargo,rustc,rustc
2026-10-08T01:26:25.5222836+09:00 cpu=89 busy=cargo,cargo,rustc,rustc
2026-10-08T01:26:35.6074245+09:00 cpu=88 busy=cargo,cargo,rustc,rustc,rustc
2026-10-08T01:26:45.7442593+09:00 cpu=89 busy=cargo,cargo,rustc,rustc,rustc
2026-10-08T01:26:55.8317010+09:00 cpu=86 busy=cargo,rustc
2026-10-08T01:27:05.9524712+09:00 cpu=88 busy=cargo,rustc
2026-10-08T01:27:19.0398184+09:00 cpu=100 busy=cargo,rustc
2026-10-08T01:27:32.8036876+09:00 cpu=100 busy=cargo,rustc
2026-10-08T01:27:43.5217777+09:00 cpu=100 busy=cargo,rustc
2026-10-08T01:27:54.7887560+09:00 cpu=100 busy=
2026-10-08T01:28:05.9179198+09:00 cpu=100 busy=cargo,rustc
2026-10-08T01:28:18.4334128+09:00 cpu=93 busy=cargo,rustc,rustc,rustc
2026-10-08T01:28:28.5073501+09:00 cpu=89 busy=cargo,rustc,rustc
2026-10-08T01:28:38.6363379+09:00 cpu=86 busy=cargo,link,link,rustc,rustc
2026-10-08T01:28:48.7343722+09:00 cpu=81 busy=cargo
2026-10-08T01:28:58.8395427+09:00 cpu=88 busy=cargo
2026-10-08T01:29:08.9889204+09:00 cpu=90 busy=cargo,cargo,rustc,rustc
2026-10-08T01:29:19.0943480+09:00 cpu=89 busy=cargo,cargo,rustc,rustc
2026-10-08T01:29:29.1489060+09:00 cpu=89 busy=cargo,cargo,rustc
2026-10-08T01:29:39.2440358+09:00 cpu=82 busy=cargo,rustc
2026-10-08T01:29:49.4321928+09:00 cpu=88 busy=cargo,rustc
2026-10-08T01:29:59.6648839+09:00 cpu=87 busy=cargo,rustc,rustc,rustc
2026-10-08T01:30:13.3077502+09:00 cpu=100 busy=cargo,rustc,rustc,rustc
2026-10-08T01:30:23.9517765+09:00 cpu=100 busy=cargo,rustc,rustc,rustc
2026-10-08T01:30:36.2098039+09:00 cpu=100 busy=cargo,rustc,rustc
2026-10-08T01:30:48.1709909+09:00 cpu=100 busy=cargo,rustc,rustc
2026-10-08T01:30:59.5108738+09:00 cpu=100 busy=cargo,rustc
2026-10-08T01:31:10.3813562+09:00 cpu=100 busy=cargo,rustc
2026-10-08T01:31:20.4682908+09:00 cpu=87 busy=cargo,rustc
2026-10-08T01:31:30.6590115+09:00 cpu=90 busy=cargo,rustc
2026-10-08T01:31:40.8602772+09:00 cpu=89 busy=cargo,rustc
2026-10-08T01:31:50.9055347+09:00 cpu=88 busy=cargo,rustc
2026-10-08T01:32:00.9900014+09:00 cpu=87 busy=
2026-10-08T01:32:11.0237115+09:00 cpu=85 busy=
2026-10-08T01:32:21.2277752+09:00 cpu=84 busy=
2026-10-08T01:32:31.3437370+09:00 cpu=83 busy=
2026-10-08T01:32:41.4264598+09:00 cpu=90 busy=
2026-10-08T01:32:51.5602915+09:00 cpu=87 busy=
2026-10-08T01:33:02.8921717+09:00 cpu=100 busy=
2026-10-08T01:33:14.4392120+09:00 cpu=100 busy=
2026-10-08T01:33:27.1186122+09:00 cpu=100 busy=
2026-10-08T01:33:38.2593832+09:00 cpu=100 busy=
2026-10-08T01:33:50.2876057+09:00 cpu=100 busy=cargo,cargo
2026-10-08T01:34:04.5187053+09:00 cpu=100 busy=cargo,cargo
2026-10-08T01:34:14.6984746+09:00 cpu=88 busy=cargo,rustc,rustc,rustc,rustc
2026-10-08T01:34:24.8723329+09:00 cpu=89 busy=cargo,rustc,rustc,rustc,rustc
2026-10-08T01:34:34.9340034+09:00 cpu=88 busy=cargo,rustc,rustc,rustc,rustc
2026-10-08T01:34:45.0969355+09:00 cpu=92 busy=cargo,rustc,rustc,rustc,rustc
2026-10-08T01:34:55.1731605+09:00 cpu=90 busy=cargo,cargo,cargo,link,link,rustc,rustc,rustc,rustc
2026-10-08T01:35:05.2266406+09:00 cpu=92 busy=cargo,cargo,cargo,link,link,rustc,rustc,rustc,rustc
2026-10-08T01:35:15.2972006+09:00 cpu=90 busy=cargo,cargo,cargo,link,link,rustc,rustc,rustc,rustc
2026-10-08T01:35:25.3794686+09:00 cpu=97 busy=cargo,cargo,cargo,rustc,rustc
2026-10-08T01:35:35.5120268+09:00 cpu=86 busy=cargo,cargo,cargo,link,rustc,rustc
2026-10-08T01:35:45.6286324+09:00 cpu=90 busy=cargo
2026-10-08T01:35:55.8100824+09:00 cpu=89 busy=cargo
2026-10-08T01:36:07.0217766+09:00 cpu=100 busy=cargo
2026-10-08T01:36:17.8615498+09:00 cpu=100 busy=cargo
2026-10-08T01:36:28.8159113+09:00 cpu=100 busy=cargo
2026-10-08T01:36:39.5803080+09:00 cpu=100 busy=cargo
2026-10-08T01:36:50.7299121+09:00 cpu=100 busy=cargo
2026-10-08T01:37:01.5531150+09:00 cpu=100 busy=cargo
2026-10-08T01:37:12.7701636+09:00 cpu=100 busy=cargo
2026-10-08T01:37:23.8528211+09:00 cpu=100 busy=cargo
2026-10-08T01:37:34.9870867+09:00 cpu=100 busy=cargo
2026-10-08T01:37:46.1892139+09:00 cpu=100 busy=cargo
2026-10-08T01:37:56.2635535+09:00 cpu=100 busy=cargo
2026-10-08T01:38:07.3846352+09:00 cpu=100 busy=cargo
2026-10-08T01:38:18.8086984+09:00 cpu=100 busy=cargo
2026-10-08T01:38:28.8913842+09:00 cpu=96 busy=cargo
2026-10-08T01:38:39.0703838+09:00 cpu=96 busy=cargo
2026-10-08T01:38:49.3478384+09:00 cpu=98 busy=cargo,cargo,cargo
2026-10-08T01:38:59.4179792+09:00 cpu=93 busy=
2026-10-08T01:39:09.7741598+09:00 cpu=89 busy=
2026-10-08T01:39:20.2237716+09:00 cpu=94 busy=
2026-10-08T01:39:30.7296591+09:00 cpu=92 busy=
2026-10-08T01:39:41.5640120+09:00 cpu=96 busy=
2026-10-08T01:39:52.3461906+09:00 cpu=93 busy=
2026-10-08T01:40:03.0345480+09:00 cpu=95 busy=cargo,rustc,rustc,rustc,rustc
2026-10-08T01:40:14.0798851+09:00 cpu=98 busy=cargo,link,rustc
2026-10-08T01:40:24.8394539+09:00 cpu=97 busy=
2026-10-08T01:40:35.9867160+09:00 cpu=98 busy=cargo,rustc,rustc
2026-10-08T01:40:46.2564959+09:00 cpu=100 busy=cargo,link,link,rustc,rustc,rustc,rustc
2026-10-08T01:40:56.2911198+09:00 cpu=99 busy=cargo,link,rustc
2026-10-08T01:41:06.4175404+09:00 cpu=99 busy=cargo
2026-10-08T01:41:16.7512759+09:00 cpu=92 busy=cargo
2026-10-08T01:41:26.8700904+09:00 cpu=96 busy=cargo
2026-10-08T01:41:37.3085290+09:00 cpu=96 busy=cargo
2026-10-08T01:41:47.4617981+09:00 cpu=92 busy=cargo
2026-10-08T01:41:57.7285210+09:00 cpu=97 busy=cargo
2026-10-08T01:42:07.8336937+09:00 cpu=95 busy=cargo
2026-10-08T01:42:18.1818690+09:00 cpu=96 busy=cargo
2026-10-08T01:42:29.0249549+09:00 cpu=97 busy=cargo
2026-10-08T01:42:39.3171627+09:00 cpu=95 busy=cargo
2026-10-08T01:42:49.4943618+09:00 cpu=100 busy=cargo
2026-10-08T01:42:59.7981907+09:00 cpu=91 busy=cargo
2026-10-08T01:43:10.2191848+09:00 cpu=93 busy=cargo
2026-10-08T01:43:20.5822459+09:00 cpu=90 busy=cargo
2026-10-08T01:43:31.8232243+09:00 cpu=100 busy=cargo
2026-10-08T01:43:43.3919337+09:00 cpu=100 busy=cargo,cargo
2026-10-08T01:43:54.5809443+09:00 cpu=100 busy=cargo
2026-10-08T01:44:05.8652783+09:00 cpu=100 busy=cargo
2026-10-08T01:44:17.0922528+09:00 cpu=100 busy=cargo
2026-10-08T01:44:28.8884803+09:00 cpu=100 busy=cargo,cargo,cargo
2026-10-08T01:44:40.1397628+09:00 cpu=99 busy=cargo,cargo,rustc,rustc
2026-10-08T01:44:50.1998159+09:00 cpu=100 busy=cargo,cargo,link,link,link,rustc,rustc,rustc,rustc
2026-10-08T01:45:00.5918701+09:00 cpu=98 busy=cargo,cargo
2026-10-08T01:45:11.0815329+09:00 cpu=96 busy=cargo
2026-10-08T01:45:21.7554840+09:00 cpu=98 busy=cargo
2026-10-08T01:45:32.5970766+09:00 cpu=98 busy=cargo
2026-10-08T01:45:43.0152216+09:00 cpu=97 busy=cargo
2026-10-08T01:45:53.5097316+09:00 cpu=92 busy=cargo
2026-10-08T01:46:03.6449380+09:00 cpu=97 busy=cargo
2026-10-08T01:46:14.2528246+09:00 cpu=95 busy=cargo
2026-10-08T01:46:24.2826955+09:00 cpu=97 busy=cargo
2026-10-08T01:46:34.8972216+09:00 cpu=98 busy=cargo
2026-10-08T01:46:45.0429192+09:00 cpu=97 busy=cargo
2026-10-08T01:46:55.3569540+09:00 cpu=96 busy=cargo
2026-10-08T01:47:05.4236758+09:00 cpu=95 busy=cargo
2026-10-08T01:47:15.6056284+09:00 cpu=99 busy=cargo
2026-10-08T01:47:26.2326876+09:00 cpu=95 busy=cargo
2026-10-08T01:47:37.0221568+09:00 cpu=97 busy=cargo
2026-10-08T01:47:47.1857511+09:00 cpu=96 busy=cargo
2026-10-08T01:47:57.5257368+09:00 cpu=96 busy=cargo
2026-10-08T01:48:07.6455630+09:00 cpu=95 busy=cargo
2026-10-08T01:48:17.9140919+09:00 cpu=95 busy=cargo
2026-10-08T01:48:28.1161054+09:00 cpu=95 busy=cargo
2026-10-08T01:48:38.6801841+09:00 cpu=95 busy=cargo
2026-10-08T01:48:48.7948510+09:00 cpu=97 busy=cargo
2026-10-08T01:48:59.0182143+09:00 cpu=95 busy=cargo
2026-10-08T01:49:09.6755536+09:00 cpu=97 busy=cargo
2026-10-08T01:49:20.2997979+09:00 cpu=96 busy=cargo
2026-10-08T01:49:30.4230500+09:00 cpu=95 busy=cargo
2026-10-08T01:49:41.4964321+09:00 cpu=100 busy=cargo
2026-10-08T01:49:52.6039626+09:00 cpu=100 busy=cargo
2026-10-08T01:50:03.8915995+09:00 cpu=100 busy=cargo
2026-10-08T01:50:15.1423761+09:00 cpu=100 busy=cargo
2026-10-08T01:50:26.5507115+09:00 cpu=100 busy=cargo
2026-10-08T01:50:38.8942591+09:00 cpu=100 busy=cargo
2026-10-08T01:50:49.1865916+09:00 cpu=97 busy=cargo
2026-10-08T01:50:59.4802647+09:00 cpu=91 busy=cargo
2026-10-08T01:51:09.5679291+09:00 cpu=99 busy=cargo
2026-10-08T01:51:19.6278236+09:00 cpu=100 busy=cargo
2026-10-08T01:51:30.5286515+09:00 cpu=99 busy=cargo
2026-10-08T01:51:41.0762403+09:00 cpu=93 busy=cargo
2026-10-08T01:51:51.5078191+09:00 cpu=96 busy=cargo
2026-10-08T01:52:01.6374701+09:00 cpu=97 busy=cargo
2026-10-08T01:52:12.1739659+09:00 cpu=97 busy=cargo
2026-10-08T01:52:22.7732445+09:00 cpu=96 busy=cargo
2026-10-08T01:52:33.1352347+09:00 cpu=99 busy=cargo
2026-10-08T01:52:43.7473245+09:00 cpu=97 busy=cargo
2026-10-08T01:52:54.1854552+09:00 cpu=94 busy=cargo
2026-10-08T01:53:04.3437687+09:00 cpu=96 busy=cargo
2026-10-08T01:53:15.3484103+09:00 cpu=98 busy=cargo
2026-10-08T01:53:25.8419344+09:00 cpu=92 busy=cargo
2026-10-08T01:53:36.4326007+09:00 cpu=98 busy=cargo
2026-10-08T01:53:46.9561845+09:00 cpu=90 busy=cargo
2026-10-08T01:53:57.5435463+09:00 cpu=97 busy=cargo
2026-10-08T01:54:07.8079379+09:00 cpu=100 busy=
2026-10-08T01:54:18.2307824+09:00 cpu=100 busy=
2026-10-08T01:54:28.7081170+09:00 cpu=98 busy=
2026-10-08T01:54:39.1040476+09:00 cpu=100 busy=cargo,cargo
2026-10-08T01:54:49.8091489+09:00 cpu=96 busy=cargo,rustc
2026-10-08T01:55:00.2151948+09:00 cpu=97 busy=cargo,rustc
2026-10-08T01:55:10.4557425+09:00 cpu=100 busy=cargo,rustc
2026-10-08T01:55:20.8992654+09:00 cpu=94 busy=cargo,rustc
2026-10-08T01:55:31.4293589+09:00 cpu=96 busy=cargo,rustc
2026-10-08T01:55:41.9400060+09:00 cpu=97 busy=cargo,rustc
2026-10-08T01:55:52.5941741+09:00 cpu=98 busy=cargo,rustc
2026-10-08T01:56:06.0311479+09:00 cpu=100 busy=cargo,rustc
2026-10-08T01:56:17.3018190+09:00 cpu=100 busy=cargo,link,rustc
2026-10-08T01:56:28.0834414+09:00 cpu=100 busy=
2026-10-08T01:56:39.2667594+09:00 cpu=100 busy=
2026-10-08T01:56:50.4642500+09:00 cpu=100 busy=
2026-10-08T01:57:00.8396458+09:00 cpu=100 busy=
2026-10-08T01:57:10.8951957+09:00 cpu=97 busy=
2026-10-08T01:57:21.3225632+09:00 cpu=95 busy=
2026-10-08T01:57:31.9993386+09:00 cpu=95 busy=
2026-10-08T01:57:42.4936492+09:00 cpu=95 busy=
2026-10-08T01:57:53.0071579+09:00 cpu=96 busy=
2026-10-08T01:58:03.0924999+09:00 cpu=94 busy=
2026-10-08T01:58:13.6259599+09:00 cpu=92 busy=
2026-10-08T01:58:23.8107016+09:00 cpu=92 busy=
2026-10-08T01:58:34.9242390+09:00 cpu=100 busy=
2026-10-08T01:58:45.6762163+09:00 cpu=100 busy=
2026-10-08T01:58:55.9415403+09:00 cpu=98 busy=
2026-10-08T01:59:06.1552838+09:00 cpu=94 busy=
2026-10-08T01:59:16.8587070+09:00 cpu=97 busy=
2026-10-08T01:59:26.9493683+09:00 cpu=95 busy=
2026-10-08T01:59:37.2986425+09:00 cpu=91 busy=
2026-10-08T01:59:47.3677692+09:00 cpu=93 busy=
2026-10-08T01:59:58.3440181+09:00 cpu=97 busy=
2026-10-08T02:00:08.9794557+09:00 cpu=93 busy=
2026-10-08T02:00:19.1179104+09:00 cpu=96 busy=
2026-10-08T02:00:29.1934917+09:00 cpu=97 busy=
2026-10-08T02:00:41.6972401+09:00 cpu=100 busy=
2026-10-08T02:00:53.0586607+09:00 cpu=100 busy=
2026-10-08T02:01:04.2076232+09:00 cpu=100 busy=
2026-10-08T02:01:15.7440408+09:00 cpu=100 busy=
2026-10-08T02:01:27.8001566+09:00 cpu=100 busy=
2026-10-08T02:01:44.5192991+09:00 cpu=100 busy=
2026-10-08T02:01:57.4556955+09:00 cpu=100 busy=
2026-10-08T02:02:07.6950469+09:00 cpu=94 busy=
2026-10-08T02:02:17.8075464+09:00 cpu=88 busy=
2026-10-08T02:02:28.0067418+09:00 cpu=85 busy=
2026-10-08T02:02:38.2214780+09:00 cpu=98 busy=
2026-10-08T02:02:48.8074345+09:00 cpu=94 busy=
2026-10-08T02:02:59.9359600+09:00 cpu=100 busy=
2026-10-08T02:03:10.5294702+09:00 cpu=100 busy=
2026-10-08T02:03:21.7939282+09:00 cpu=100 busy=
2026-10-08T02:03:32.2992382+09:00 cpu=100 busy=
2026-10-08T02:03:43.4981729+09:00 cpu=100 busy=
2026-10-08T02:03:54.7321582+09:00 cpu=100 busy=
2026-10-08T02:04:06.2053745+09:00 cpu=100 busy=
2026-10-08T02:04:17.4942961+09:00 cpu=100 busy=
2026-10-08T02:04:28.7561792+09:00 cpu=100 busy=
2026-10-08T02:04:40.1566765+09:00 cpu=100 busy=
2026-10-08T02:04:51.3587595+09:00 cpu=100 busy=
2026-10-08T02:05:01.7003381+09:00 cpu=100 busy=
2026-10-08T02:05:13.1224246+09:00 cpu=100 busy=
2026-10-08T02:05:24.5806149+09:00 cpu=100 busy=
2026-10-08T02:05:36.4362572+09:00 cpu=100 busy=
2026-10-08T02:05:46.5130017+09:00 cpu=57 busy=
2026-10-08T02:05:56.5343645+09:00 cpu=23 busy=
2026-10-08T02:06:06.5558619+09:00 cpu=37 busy=
2026-10-08T02:06:16.5847237+09:00 cpu=14 busy=
2026-10-08T02:06:26.6116928+09:00 cpu=21 busy=
2026-10-08T02:06:36.6324906+09:00 cpu=27 busy=
2026-10-08T02:06:46.6677612+09:00 cpu=13 busy=
2026-10-08T02:06:56.7022850+09:00 cpu=23 busy=
2026-10-08T02:07:06.7446897+09:00 cpu=31 busy=
2026-10-08T02:07:16.7808262+09:00 cpu=99 busy=
2026-10-08T02:07:26.8165415+09:00 cpu=37 busy=
2026-10-08T02:07:36.8418821+09:00 cpu=35 busy=
2026-10-08T02:07:46.8706839+09:00 cpu=37 busy=
2026-10-08T02:07:56.9369135+09:00 cpu=100 busy=
2026-10-08T02:08:06.9712912+09:00 cpu=25 busy=
2026-10-08T02:08:17.0151324+09:00 cpu=72 busy=
2026-10-08T02:08:27.0359507+09:00 cpu=20 busy=
2026-10-08T02:08:37.0577832+09:00 cpu=42 busy=
2026-10-08T02:08:47.0947872+09:00 cpu=21 busy=
2026-10-08T02:08:57.1219147+09:00 cpu=22 busy=
2026-10-08T02:09:07.1578940+09:00 cpu=18 busy=
2026-10-08T02:09:17.2016361+09:00 cpu=32 busy=vitest
2026-10-08T02:09:27.2381093+09:00 cpu=30 busy=vitest
2026-10-08T02:09:37.2708782+09:00 cpu=36 busy=vitest
2026-10-08T02:09:47.2889172+09:00 cpu=25 busy=vitest
2026-10-08T02:09:57.3275280+09:00 cpu=30 busy=vitest
2026-10-08T02:10:07.3477378+09:00 cpu=27 busy=vitest
2026-10-08T02:10:17.3860283+09:00 cpu=30 busy=vitest
2026-10-08T02:10:27.4236050+09:00 cpu=43 busy=vitest
2026-10-08T02:10:37.8099091+09:00 cpu=49 busy=
2026-10-08T02:10:47.9455509+09:00 cpu=87 busy=
2026-10-08T02:10:59.9737588+09:00 cpu=100 busy=
2026-10-08T02:11:12.9336753+09:00 cpu=100 busy=
2026-10-08T02:11:24.6117148+09:00 cpu=100 busy=
2026-10-08T02:11:37.1724931+09:00 cpu=100 busy=
2026-10-08T02:11:49.0234295+09:00 cpu=100 busy=
2026-10-08T02:12:00.9478590+09:00 cpu=100 busy=
2026-10-08T02:12:11.0455839+09:00 cpu=20 busy=
2026-10-08T02:12:21.0724198+09:00 cpu=15 busy=
2026-10-08T02:12:38.4806699+09:00 cpu=79 busy=
2026-10-08T02:12:48.5221711+09:00 cpu=84 busy=
2026-10-08T02:12:58.6297757+09:00 cpu=86 busy=
2026-10-08T02:13:09.3589514+09:00 cpu=100 busy=
2026-10-08T02:13:21.5937326+09:00 cpu=100 busy=
2026-10-08T02:13:33.1418701+09:00 cpu=100 busy=
2026-10-08T02:13:44.3908156+09:00 cpu=100 busy=
2026-10-08T02:13:54.7267936+09:00 cpu=100 busy=
2026-10-08T02:14:05.5160044+09:00 cpu=64 busy=
2026-10-08T02:14:15.5416474+09:00 cpu=14 busy=
2026-10-08T02:14:25.5705208+09:00 cpu=15 busy=
2026-10-08T02:14:35.6056625+09:00 cpu=21 busy=
2026-10-08T02:14:45.6331118+09:00 cpu=12 busy=
2026-10-08T02:14:55.6572925+09:00 cpu=15 busy=
2026-10-08T02:15:05.6777000+09:00 cpu=17 busy=
2026-10-08T02:15:15.7040422+09:00 cpu=13 busy=
2026-10-08T02:15:25.7401805+09:00 cpu=21 busy=
2026-10-08T02:15:35.7760878+09:00 cpu=21 busy=cargo,rustc
2026-10-08T02:15:45.8075332+09:00 cpu=26 busy=cargo,rustc
2026-10-08T02:15:55.8419310+09:00 cpu=21 busy=cargo,rustc
2026-10-08T02:16:05.8621275+09:00 cpu=26 busy=cargo,rustc
2026-10-08T02:16:15.9037384+09:00 cpu=28 busy=cargo,cargo,cargo
2026-10-08T02:16:25.9508776+09:00 cpu=81 busy=cargo,cargo,link,link,link,rustc,rustc,rustc,rustc,rustc
2026-10-08T02:16:35.9869682+09:00 cpu=22 busy=cargo,cargo,rustc
2026-10-08T02:16:46.0217956+09:00 cpu=93 busy=cargo
2026-10-08T02:16:56.0732376+09:00 cpu=89 busy=cargo
2026-10-08T02:17:06.1019513+09:00 cpu=90 busy=cargo
2026-10-08T02:17:16.1470856+09:00 cpu=86 busy=cargo
2026-10-08T02:17:26.1823569+09:00 cpu=100 busy=cargo
2026-10-08T02:17:36.2191177+09:00 cpu=100 busy=cargo
2026-10-08T02:17:46.3766369+09:00 cpu=100 busy=cargo
2026-10-08T02:17:56.4285811+09:00 cpu=100 busy=cargo
2026-10-08T02:18:06.4660412+09:00 cpu=100 busy=cargo
2026-10-08T02:18:16.5069198+09:00 cpu=100 busy=cargo
2026-10-08T02:18:26.5342796+09:00 cpu=100 busy=cargo
2026-10-08T02:18:36.5666669+09:00 cpu=100 busy=cargo
2026-10-08T02:18:46.5951974+09:00 cpu=20 busy=cargo
2026-10-08T02:18:56.6284616+09:00 cpu=44 busy=cargo
2026-10-08T02:19:06.6472233+09:00 cpu=26 busy=cargo
2026-10-08T02:19:16.6795159+09:00 cpu=15 busy=cargo
2026-10-08T02:19:26.9107852+09:00 cpu=100 busy=cargo
2026-10-08T02:19:36.9481196+09:00 cpu=35 busy=cargo
2026-10-08T02:19:46.9703267+09:00 cpu=25 busy=cargo
2026-10-08T02:19:57.0033054+09:00 cpu=90 busy=
2026-10-08T02:20:07.0294906+09:00 cpu=94 busy=
2026-10-08T02:20:17.0843113+09:00 cpu=93 busy=
2026-10-08T02:20:27.1357364+09:00 cpu=83 busy=
2026-10-08T02:20:37.1863976+09:00 cpu=90 busy=
2026-10-08T02:20:47.2447275+09:00 cpu=92 busy=
2026-10-08T02:20:57.2822450+09:00 cpu=44 busy=
2026-10-08T02:21:07.3066177+09:00 cpu=14 busy=
2026-10-08T02:21:17.3447516+09:00 cpu=78 busy=
2026-10-08T02:21:27.4001677+09:00 cpu=99 busy=cargo,cargo,rustc,rustc,rustc,rustc,rustc,rustc,rustc,rustc
2026-10-08T02:21:37.4322890+09:00 cpu=89 busy=cargo,cargo,rustc
2026-10-08T02:21:47.4852933+09:00 cpu=100 busy=cargo,cargo,cargo,cargo,rustc,rustc,rustc,rustc
2026-10-08T02:21:57.5544614+09:00 cpu=100 busy=cargo,cargo,cargo,rustc,rustc,rustc,rustc,rustc,rustc,rustc,rustc,rustc,rustc,rustc,rustc,rustc,rustc,rustc,rustc,rustc,rustc,rustc,rustc
2026-10-08T02:22:07.6466181+09:00 cpu=100 busy=
2026-10-08T02:22:17.6726072+09:00 cpu=100 busy=cargo,cargo,rustc,rustc
2026-10-08T02:22:27.7766755+09:00 cpu=100 busy=cargo,cargo,cargo,cargo,rustc,rustc,rustc
2026-10-08T02:22:37.8146707+09:00 cpu=100 busy=cargo,cargo,cargo,rustc,rustc,rustc,rustc
2026-10-08T02:22:47.8768013+09:00 cpu=100 busy=cargo,cargo,cargo,rustc,rustc,rustc
2026-10-08T02:22:57.9121117+09:00 cpu=100 busy=cargo,cargo,rustc,rustc,rustc,rustc,rustc
2026-10-08T02:23:07.9504252+09:00 cpu=100 busy=cargo,cargo,cargo,rustc,rustc,rustc,rustc,rustc,rustc
2026-10-08T02:23:17.9946140+09:00 cpu=100 busy=cargo,cargo,cargo,rustc,rustc,rustc,rustc,rustc
2026-10-08T02:23:28.1084382+09:00 cpu=100 busy=cargo,cargo,rustc,rustc,rustc,rustc,rustc
2026-10-08T02:23:38.1443785+09:00 cpu=100 busy=cargo,cargo,cargo,rustc,rustc,rustc,rustc
2026-10-08T02:23:48.1750439+09:00 cpu=100 busy=cargo,cargo,rustc,rustc
2026-10-08T02:23:58.3448880+09:00 cpu=100 busy=cargo,cargo,cargo,cargo,cargo,rustc,rustc,rustc
2026-10-08T02:24:08.4124818+09:00 cpu=84 busy=cargo,cargo,rustc,rustc,rustc
2026-10-08T02:24:18.4472136+09:00 cpu=90 busy=cargo,cargo,cargo,link,rustc,rustc,rustc
2026-10-08T02:24:28.4996060+09:00 cpu=100 busy=cargo,cargo,rustc,rustc
2026-10-08T02:24:38.5531581+09:00 cpu=100 busy=cargo,cargo,rustc,rustc
2026-10-08T02:24:48.5922373+09:00 cpu=100 busy=cargo,cargo,cargo,rustc,rustc,rustc
2026-10-08T02:24:58.6285805+09:00 cpu=100 busy=cargo,cargo,rustc
2026-10-08T02:25:08.6737525+09:00 cpu=100 busy=cargo,cargo,rustc
2026-10-08T02:25:18.7286370+09:00 cpu=100 busy=cargo,cargo,rustc
2026-10-08T02:25:28.8521504+09:00 cpu=100 busy=cargo,cargo,rustc
2026-10-08T02:25:39.2882734+09:00 cpu=100 busy=cargo,cargo,rustc
2026-10-08T02:25:49.3284964+09:00 cpu=100 busy=cargo
2026-10-08T02:25:59.3661389+09:00 cpu=100 busy=cargo,cargo
2026-10-08T02:26:09.4098894+09:00 cpu=100 busy=cargo,cargo,rustc,rustc
2026-10-08T02:26:19.4635735+09:00 cpu=98 busy=cargo,cargo,rustc,rustc
2026-10-08T02:26:29.5753405+09:00 cpu=86 busy=cargo,cargo,rustc,rustc
2026-10-08T02:26:39.6294574+09:00 cpu=100 busy=cargo,cargo,rustc
2026-10-08T02:26:49.6687959+09:00 cpu=100 busy=cargo
2026-10-08T02:26:59.7190878+09:00 cpu=100 busy=cargo,rustc,rustc
2026-10-08T02:27:09.7770304+09:00 cpu=100 busy=cargo,cargo,rustc,rustc,rustc,rustc,rustc
2026-10-08T02:27:19.8350194+09:00 cpu=100 busy=cargo,cargo,rustc,rustc,rustc,rustc
2026-10-08T02:27:30.1258342+09:00 cpu=100 busy=cargo,cargo,rustc
2026-10-08T02:27:40.1960523+09:00 cpu=100 busy=cargo,cargo,rustc
2026-10-08T02:27:50.2318103+09:00 cpu=100 busy=cargo,cargo,rustc
2026-10-08T02:28:00.2664578+09:00 cpu=100 busy=cargo,cargo,rustc
2026-10-08T02:28:10.2965060+09:00 cpu=100 busy=cargo,cargo,rustc
2026-10-08T02:28:20.3264371+09:00 cpu=100 busy=cargo
2026-10-08T02:28:30.3597766+09:00 cpu=92 busy=cargo
2026-10-08T02:28:40.4104065+09:00 cpu=87 busy=cargo,rustc
2026-10-08T02:28:50.4452789+09:00 cpu=89 busy=cargo,rustc
2026-10-08T02:29:00.5220986+09:00 cpu=92 busy=cargo,rustc
2026-10-08T02:29:10.7814332+09:00 cpu=100 busy=cargo,rustc
2026-10-08T02:29:21.0294018+09:00 cpu=100 busy=cargo,rustc
2026-10-08T02:29:31.2957224+09:00 cpu=100 busy=cargo,cargo,cargo,rustc,rustc
2026-10-08T02:29:41.3924985+09:00 cpu=100 busy=cargo,cargo,cargo
2026-10-08T02:29:54.1021962+09:00 cpu=100 busy=cargo,cargo,cargo
2026-10-08T02:30:04.4332015+09:00 cpu=100 busy=cargo,cargo,cargo
2026-10-08T02:30:15.9907168+09:00 cpu=100 busy=cargo,cargo,link,rustc,rustc,rustc,rustc
2026-10-08T02:30:26.1101090+09:00 cpu=100 busy=cargo,cargo,rustc,rustc,rustc,rustc
2026-10-08T02:30:36.9014818+09:00 cpu=100 busy=cargo,cargo,link,link,rustc,rustc,rustc,rustc
2026-10-08T02:30:46.9557409+09:00 cpu=100 busy=cargo,cargo,link,link,rustc,rustc,rustc,rustc
2026-10-08T02:30:57.0259087+09:00 cpu=100 busy=cargo,cargo,link,link,rustc,rustc,rustc,rustc
2026-10-08T02:31:07.3148989+09:00 cpu=100 busy=cargo,rustc,rustc,rustc,rustc
2026-10-08T02:31:17.3605711+09:00 cpu=100 busy=cargo,rustc,rustc,rustc,rustc
2026-10-08T02:31:40.2062667+09:00 cpu=100 busy=cargo,link,rustc,rustc,rustc,rustc
2026-10-08T02:31:50.2703725+09:00 cpu=89 busy=cargo,rustc
2026-10-08T02:32:00.3055340+09:00 cpu=91 busy=cargo
2026-10-08T02:32:10.4466383+09:00 cpu=96 busy=cargo
2026-10-08T02:32:20.4825030+09:00 cpu=50 busy=cargo
2026-10-08T02:32:30.5116911+09:00 cpu=100 busy=cargo
2026-10-08T02:32:40.5439834+09:00 cpu=100 busy=cargo
2026-10-08T02:32:50.5771889+09:00 cpu=100 busy=cargo
2026-10-08T02:33:00.6099191+09:00 cpu=100 busy=cargo
2026-10-08T02:33:10.6424285+09:00 cpu=100 busy=cargo
2026-10-08T02:33:20.7122623+09:00 cpu=100 busy=cargo
2026-10-08T02:33:31.3562687+09:00 cpu=100 busy=cargo
2026-10-08T02:33:41.3951860+09:00 cpu=100 busy=cargo
2026-10-08T02:34:00.3882342+09:00 cpu=100 busy=cargo
2026-10-08T02:34:10.7607220+09:00 cpu=100 busy=cargo
2026-10-08T02:34:20.8337402+09:00 cpu=100 busy=cargo
2026-10-08T02:34:30.8685214+09:00 cpu=97 busy=cargo
2026-10-08T02:34:40.9107615+09:00 cpu=82 busy=cargo
2026-10-08T02:34:50.9543593+09:00 cpu=100 busy=cargo
2026-10-08T02:35:00.9829830+09:00 cpu=100 busy=cargo
2026-10-08T02:35:11.0290476+09:00 cpu=100 busy=cargo
2026-10-08T02:35:21.0583037+09:00 cpu=100 busy=cargo
2026-10-08T02:35:31.1766443+09:00 cpu=100 busy=cargo
2026-10-08T02:35:41.2071306+09:00 cpu=100 busy=cargo
2026-10-08T02:35:51.2350542+09:00 cpu=100 busy=cargo
2026-10-08T02:36:01.2815914+09:00 cpu=100 busy=cargo
2026-10-08T02:36:19.3891218+09:00 cpu=100 busy=cargo
2026-10-08T02:36:29.4405066+09:00 cpu=92 busy=
2026-10-08T02:36:39.4783017+09:00 cpu=100 busy=
2026-10-08T02:36:49.5159016+09:00 cpu=100 busy=
2026-10-08T02:36:59.5586557+09:00 cpu=100 busy=
2026-10-08T02:37:09.6016527+09:00 cpu=100 busy=
2026-10-08T02:37:19.6306501+09:00 cpu=100 busy=
2026-10-08T02:37:29.6630430+09:00 cpu=100 busy=
2026-10-08T02:37:39.6965960+09:00 cpu=100 busy=
2026-10-08T02:37:49.7256871+09:00 cpu=100 busy=
2026-10-08T02:37:59.7500678+09:00 cpu=88 busy=
2026-10-08T02:38:09.7953220+09:00 cpu=90 busy=
2026-10-08T02:38:36.7634420+09:00 cpu=100 busy=
2026-10-08T02:38:46.7980010+09:00 cpu=100 busy=
2026-10-08T02:38:56.8316615+09:00 cpu=100 busy=
2026-10-08T02:39:06.8927593+09:00 cpu=100 busy=cargo,rustc
2026-10-08T02:39:16.9207786+09:00 cpu=100 busy=cargo
2026-10-08T02:39:26.9777310+09:00 cpu=100 busy=
2026-10-08T02:39:37.0161111+09:00 cpu=86 busy=
2026-10-08T02:39:47.0640532+09:00 cpu=68 busy=cargo,cargo,cargo,rustc,rustc
2026-10-08T02:39:57.0929099+09:00 cpu=87 busy=cargo,cargo,rustc,rustc,rustc,rustc,rustc,rustc
2026-10-08T02:40:07.1357096+09:00 cpu=73 busy=cargo,cargo,rustc,rustc,rustc,rustc,rustc,rustc
2026-10-08T02:40:17.1682650+09:00 cpu=82 busy=cargo,cargo,cargo,rustc,rustc,rustc,rustc,rustc,rustc,rustc,rustc
2026-10-08T02:40:27.2073928+09:00 cpu=20 busy=cargo,cargo,cargo,link,rustc,rustc,rustc,rustc,rustc,rustc,rustc,rustc
2026-10-08T02:40:43.3133074+09:00 cpu=50 busy=cargo,cargo,rustc,rustc
2026-10-08T02:40:53.3501621+09:00 cpu=21 busy=
2026-10-08T02:41:03.3971329+09:00 cpu=68 busy=cargo
2026-10-08T02:41:13.4211999+09:00 cpu=62 busy=cargo,link,rustc,rustc,rustc,rustc
2026-10-08T02:41:23.4615049+09:00 cpu=37 busy=cargo
2026-10-08T02:41:33.4819334+09:00 cpu=37 busy=cargo
2026-10-08T02:41:43.5198721+09:00 cpu=45 busy=cargo
2026-10-08T02:41:53.5596318+09:00 cpu=28 busy=cargo
2026-10-08T02:42:03.5878536+09:00 cpu=37 busy=cargo
2026-10-08T02:42:13.6234905+09:00 cpu=17 busy=cargo
2026-10-08T02:42:27.4181904+09:00 cpu=33 busy=cargo
2026-10-08T02:42:37.4567705+09:00 cpu=50 busy=cargo
2026-10-08T02:42:47.4921283+09:00 cpu=46 busy=cargo
2026-10-08T02:42:57.5219511+09:00 cpu=21 busy=cargo
2026-10-08T02:43:07.5480910+09:00 cpu=27 busy=cargo
2026-10-08T02:43:17.5783294+09:00 cpu=41 busy=cargo
2026-10-08T02:43:27.6131486+09:00 cpu=37 busy=cargo
2026-10-08T02:43:37.6443343+09:00 cpu=31 busy=cargo
2026-10-08T02:43:47.6755313+09:00 cpu=50 busy=cargo
2026-10-08T02:44:10.0937679+09:00 cpu=21 busy=cargo
2026-10-08T02:44:20.1237611+09:00 cpu=20 busy=cargo
2026-10-08T02:44:30.1514335+09:00 cpu=15 busy=
2026-10-08T02:44:40.1946331+09:00 cpu=41 busy=cargo,cargo,rustc,rustc,rustc,rustc
2026-10-08T02:44:50.2165232+09:00 cpu=44 busy=cargo,cargo,rustc,rustc,rustc,rustc,rustc
2026-10-08T02:45:00.2595453+09:00 cpu=52 busy=cargo,cargo,rustc,rustc,rustc,rustc
2026-10-08T02:45:10.2962131+09:00 cpu=24 busy=cargo,cargo,rustc,rustc
2026-10-08T02:45:20.3318387+09:00 cpu=49 busy=cargo,cargo,rustc,rustc
2026-10-08T02:45:30.3515755+09:00 cpu=25 busy=cargo,cargo,rustc,rustc
2026-10-08T02:45:40.3726772+09:00 cpu=40 busy=cargo,cargo,rustc,rustc,rustc,rustc
2026-10-08T02:45:50.3958940+09:00 cpu=37 busy=cargo,cargo,rustc,rustc,rustc,rustc
2026-10-08T02:46:00.4208040+09:00 cpu=23 busy=cargo,rustc
2026-10-08T02:46:10.4684341+09:00 cpu=49 busy=cargo,rustc
2026-10-08T02:46:20.5313417+09:00 cpu=97 busy=cargo,cargo,cargo,rustc
2026-10-08T02:46:30.5686513+09:00 cpu=98 busy=cargo,cargo,rustc
2026-10-08T02:46:40.6100378+09:00 cpu=94 busy=cargo,cargo,rustc,rustc
2026-10-08T02:46:50.6562136+09:00 cpu=100 busy=cargo,rustc,rustc
2026-10-08T02:47:00.6918430+09:00 cpu=100 busy=cargo,rustc,rustc
2026-10-08T02:47:10.7308793+09:00 cpu=100 busy=cargo,rustc,rustc
2026-10-08T02:47:20.7732734+09:00 cpu=100 busy=cargo,rustc,rustc
2026-10-08T02:47:30.8059424+09:00 cpu=100 busy=cargo,rustc,rustc
2026-10-08T02:47:40.8438602+09:00 cpu=100 busy=cargo,rustc,rustc
2026-10-08T02:47:50.8817908+09:00 cpu=100 busy=
2026-10-08T02:48:00.9182396+09:00 cpu=100 busy=
2026-10-08T02:48:10.9587027+09:00 cpu=100 busy=
2026-10-08T02:48:21.1656066+09:00 cpu=100 busy=
2026-10-08T02:48:31.4203876+09:00 cpu=100 busy=
2026-10-08T02:48:41.4815501+09:00 cpu=100 busy=
2026-10-08T02:48:51.5908236+09:00 cpu=100 busy=
2026-10-08T02:49:01.6567486+09:00 cpu=94 busy=
2026-10-08T02:49:11.7141099+09:00 cpu=100 busy=
2026-10-08T02:49:21.9411333+09:00 cpu=100 busy=
2026-10-08T02:49:32.0231124+09:00 cpu=100 busy=
2026-10-08T02:49:42.1073231+09:00 cpu=100 busy=
2026-10-08T02:49:52.2004078+09:00 cpu=100 busy=
2026-10-08T02:50:02.3095588+09:00 cpu=100 busy=
2026-10-08T02:50:12.3773981+09:00 cpu=100 busy=
2026-10-08T02:50:22.4131794+09:00 cpu=100 busy=
2026-10-08T02:50:32.4528561+09:00 cpu=100 busy=
2026-10-08T02:50:42.4794338+09:00 cpu=100 busy=
2026-10-08T02:50:52.5240143+09:00 cpu=100 busy=
2026-10-08T02:51:02.5798413+09:00 cpu=92 busy=
2026-10-08T02:51:12.6158781+09:00 cpu=100 busy=
2026-10-08T02:51:22.6706523+09:00 cpu=100 busy=
2026-10-08T02:51:32.6998922+09:00 cpu=100 busy=
2026-10-08T02:51:42.7357780+09:00 cpu=100 busy=
2026-10-08T02:51:52.7751461+09:00 cpu=100 busy=
2026-10-08T02:52:02.8076373+09:00 cpu=100 busy=
2026-10-08T02:52:12.8334272+09:00 cpu=100 busy=
2026-10-08T02:52:22.8696775+09:00 cpu=93 busy=
2026-10-08T02:52:32.9068295+09:00 cpu=91 busy=
2026-10-08T02:52:42.9615409+09:00 cpu=89 busy=
2026-10-08T02:52:53.0151773+09:00 cpu=100 busy=
2026-10-08T02:53:03.0477756+09:00 cpu=100 busy=
2026-10-08T02:53:13.0805212+09:00 cpu=100 busy=
2026-10-08T02:53:23.1267727+09:00 cpu=100 busy=
2026-10-08T02:53:33.1648784+09:00 cpu=100 busy=
2026-10-08T02:53:43.2129037+09:00 cpu=100 busy=
2026-10-08T02:53:53.2635636+09:00 cpu=100 busy=
2026-10-08T02:54:03.2941366+09:00 cpu=100 busy=
2026-10-08T02:54:13.3331499+09:00 cpu=30 busy=
2026-10-08T02:54:23.3642701+09:00 cpu=23 busy=
2026-10-08T02:54:33.3997862+09:00 cpu=35 busy=
2026-10-08T02:54:43.4306869+09:00 cpu=29 busy=
2026-10-08T02:54:53.4701095+09:00 cpu=22 busy=
2026-10-08T02:55:03.4907873+09:00 cpu=26 busy=
2026-10-08T02:55:13.5317945+09:00 cpu=41 busy=cargo,cargo
2026-10-08T02:55:23.5530251+09:00 cpu=74 busy=cargo,rustc,rustc
2026-10-08T02:55:35.9878505+09:00 cpu=100 busy=cargo,rustc,rustc
2026-10-08T02:55:47.4989357+09:00 cpu=100 busy=cargo,link,rustc,rustc
2026-10-08T02:55:58.9247834+09:00 cpu=100 busy=cargo,link,rustc,rustc
2026-10-08T02:56:10.7946585+09:00 cpu=100 busy=cargo,rustc,rustc
2026-10-08T02:56:23.7722875+09:00 cpu=100 busy=cargo,link,rustc,rustc
2026-10-08T02:56:36.1010342+09:00 cpu=100 busy=cargo,link,rustc,rustc
2026-10-08T02:56:47.2912296+09:00 cpu=100 busy=cargo,link,rustc,rustc
2026-10-08T02:56:59.3316142+09:00 cpu=100 busy=cargo,rustc
2026-10-08T02:57:09.7804332+09:00 cpu=88 busy=cargo
2026-10-08T02:57:20.7933127+09:00 cpu=100 busy=cargo
2026-10-08T02:57:31.8412061+09:00 cpu=100 busy=cargo
2026-10-08T02:57:43.0298258+09:00 cpu=100 busy=cargo
2026-10-08T02:57:54.0064114+09:00 cpu=100 busy=cargo
2026-10-08T02:58:05.1646529+09:00 cpu=100 busy=cargo
2026-10-08T02:58:15.2703406+09:00 cpu=90 busy=cargo
2026-10-08T02:58:25.5896336+09:00 cpu=93 busy=cargo
2026-10-08T02:58:35.9846692+09:00 cpu=94 busy=cargo
2026-10-08T02:58:46.5277721+09:00 cpu=94 busy=cargo
2026-10-08T02:58:56.8536978+09:00 cpu=90 busy=cargo
2026-10-08T02:59:07.5710045+09:00 cpu=92 busy=cargo
2026-10-08T02:59:17.9357884+09:00 cpu=87 busy=cargo
2026-10-08T02:59:28.6376193+09:00 cpu=93 busy=cargo
2026-10-08T02:59:39.0551870+09:00 cpu=95 busy=cargo
2026-10-08T02:59:49.5938198+09:00 cpu=96 busy=cargo
2026-10-08T03:00:00.2696334+09:00 cpu=95 busy=cargo
2026-10-08T03:00:10.5381818+09:00 cpu=92 busy=cargo
2026-10-08T03:00:21.2392528+09:00 cpu=95 busy=cargo
2026-10-08T03:00:31.7283247+09:00 cpu=96 busy=cargo
2026-10-08T03:00:41.7961804+09:00 cpu=91 busy=cargo
2026-10-08T03:00:51.9675717+09:00 cpu=94 busy=cargo
2026-10-08T03:01:02.3473014+09:00 cpu=95 busy=cargo,cargo,cargo
2026-10-08T03:01:12.4613082+09:00 cpu=92 busy=cargo,cargo,cargo
2026-10-08T03:01:22.5105341+09:00 cpu=93 busy=cargo
2026-10-08T03:01:32.9858595+09:00 cpu=93 busy=cargo
2026-10-08T03:01:43.2745913+09:00 cpu=90 busy=cargo
2026-10-08T03:01:53.8052785+09:00 cpu=95 busy=cargo
2026-10-08T03:02:03.9562912+09:00 cpu=91 busy=cargo
2026-10-08T03:02:14.2769908+09:00 cpu=94 busy=cargo
2026-10-08T03:02:25.5329450+09:00 cpu=100 busy=cargo
2026-10-08T03:02:36.0941265+09:00 cpu=91 busy=cargo
2026-10-08T03:02:46.6163974+09:00 cpu=92 busy=cargo
2026-10-08T03:02:57.0583150+09:00 cpu=88 busy=cargo
2026-10-08T03:03:07.4855016+09:00 cpu=96 busy=cargo
2026-10-08T03:03:17.7515616+09:00 cpu=96 busy=cargo
2026-10-08T03:03:28.0190355+09:00 cpu=96 busy=cargo
2026-10-08T03:03:38.0747263+09:00 cpu=93 busy=
2026-10-08T03:03:48.5629488+09:00 cpu=91 busy=
2026-10-08T03:03:58.7290499+09:00 cpu=91 busy=
2026-10-08T03:04:09.3077477+09:00 cpu=89 busy=
2026-10-08T03:04:19.4480098+09:00 cpu=96 busy=
2026-10-08T03:04:29.5539882+09:00 cpu=88 busy=
2026-10-08T03:04:40.2261304+09:00 cpu=90 busy=
2026-10-08T03:04:50.2905835+09:00 cpu=96 busy=
2026-10-08T03:05:00.4529667+09:00 cpu=96 busy=
2026-10-08T03:05:10.5453114+09:00 cpu=93 busy=
2026-10-08T03:05:20.7015731+09:00 cpu=88 busy=
2026-10-08T03:05:30.9484918+09:00 cpu=92 busy=
2026-10-08T03:05:41.2137495+09:00 cpu=90 busy=
2026-10-08T03:05:51.2993147+09:00 cpu=92 busy=
2026-10-08T03:06:01.7997891+09:00 cpu=90 busy=
2026-10-08T03:06:12.1906432+09:00 cpu=92 busy=
2026-10-08T03:06:22.6533885+09:00 cpu=90 busy=
2026-10-08T03:06:32.8992777+09:00 cpu=84 busy=
2026-10-08T03:06:43.1724652+09:00 cpu=89 busy=
2026-10-08T03:06:53.7135665+09:00 cpu=90 busy=
2026-10-08T03:07:04.0004180+09:00 cpu=93 busy=
2026-10-08T03:07:14.1190509+09:00 cpu=90 busy=
2026-10-08T03:07:24.7811878+09:00 cpu=92 busy=
2026-10-08T03:07:35.2872435+09:00 cpu=93 busy=
2026-10-08T03:07:46.1181096+09:00 cpu=88 busy=
2026-10-08T03:07:56.4926785+09:00 cpu=90 busy=
2026-10-08T03:08:06.5691876+09:00 cpu=95 busy=
2026-10-08T03:08:16.8342656+09:00 cpu=92 busy=
2026-10-08T03:08:26.9837596+09:00 cpu=94 busy=
2026-10-08T03:08:37.5936461+09:00 cpu=91 busy=
2026-10-08T03:08:48.1425959+09:00 cpu=89 busy=
2026-10-08T03:08:58.6221245+09:00 cpu=95 busy=
2026-10-08T03:09:08.7319600+09:00 cpu=90 busy=
2026-10-08T03:09:19.0022362+09:00 cpu=97 busy=
2026-10-08T03:09:29.5352361+09:00 cpu=93 busy=
2026-10-08T03:09:39.7903323+09:00 cpu=91 busy=
2026-10-08T03:09:50.1982497+09:00 cpu=93 busy=
2026-10-08T03:10:00.6498170+09:00 cpu=94 busy=
2026-10-08T03:10:10.9603478+09:00 cpu=97 busy=
2026-10-08T03:10:21.2609296+09:00 cpu=91 busy=
2026-10-08T03:10:31.5405499+09:00 cpu=92 busy=
2026-10-08T03:10:41.8505428+09:00 cpu=94 busy=
2026-10-08T03:10:51.9730599+09:00 cpu=91 busy=
2026-10-08T03:11:02.2543717+09:00 cpu=91 busy=
2026-10-08T03:11:12.6719268+09:00 cpu=94 busy=
2026-10-08T03:11:22.7040275+09:00 cpu=95 busy=
2026-10-08T03:11:32.7399085+09:00 cpu=92 busy=
2026-10-08T03:11:43.0129586+09:00 cpu=92 busy=
2026-10-08T03:11:53.2933332+09:00 cpu=90 busy=
2026-10-08T03:12:03.4423214+09:00 cpu=92 busy=
2026-10-08T03:12:13.9273672+09:00 cpu=88 busy=
2026-10-08T03:12:24.1879985+09:00 cpu=93 busy=
2026-10-08T03:12:34.4809719+09:00 cpu=96 busy=
2026-10-08T03:12:44.7660135+09:00 cpu=93 busy=
2026-10-08T03:12:55.1379893+09:00 cpu=94 busy=
2026-10-08T03:13:05.6603322+09:00 cpu=92 busy=
2026-10-08T03:13:15.7867242+09:00 cpu=95 busy=
2026-10-08T03:13:26.2049183+09:00 cpu=92 busy=
2026-10-08T03:13:36.4387947+09:00 cpu=92 busy=
2026-10-08T03:13:46.5928952+09:00 cpu=89 busy=
2026-10-08T03:13:57.1685867+09:00 cpu=90 busy=
2026-10-08T03:14:07.3260618+09:00 cpu=93 busy=
2026-10-08T03:14:17.6910323+09:00 cpu=91 busy=
2026-10-08T03:14:28.1483114+09:00 cpu=89 busy=
2026-10-08T03:14:38.3089570+09:00 cpu=94 busy=
2026-10-08T03:14:48.8650850+09:00 cpu=90 busy=
2026-10-08T03:14:59.3131742+09:00 cpu=90 busy=
2026-10-08T03:15:09.7225558+09:00 cpu=91 busy=
2026-10-08T03:15:19.7753419+09:00 cpu=93 busy=
2026-10-08T03:15:30.3528495+09:00 cpu=92 busy=
2026-10-08T03:15:41.4771918+09:00 cpu=100 busy=
2026-10-08T03:15:52.6283919+09:00 cpu=100 busy=
2026-10-08T03:16:03.8271170+09:00 cpu=100 busy=
2026-10-08T03:16:14.9015630+09:00 cpu=100 busy=
2026-10-08T03:16:26.0306000+09:00 cpu=100 busy=
2026-10-08T03:16:36.8231853+09:00 cpu=100 busy=
2026-10-08T03:16:48.1819198+09:00 cpu=100 busy=
2026-10-08T03:16:59.5348859+09:00 cpu=100 busy=
2026-10-08T03:17:10.7110959+09:00 cpu=100 busy=
2026-10-08T03:17:21.8612118+09:00 cpu=100 busy=
2026-10-08T03:17:33.0795543+09:00 cpu=100 busy=
2026-10-08T03:17:44.1621222+09:00 cpu=100 busy=
2026-10-08T03:17:54.4554853+09:00 cpu=100 busy=
2026-10-08T03:18:04.6011698+09:00 cpu=92 busy=
2026-10-08T03:18:14.9418758+09:00 cpu=93 busy=
2026-10-08T03:18:25.3530880+09:00 cpu=96 busy=cargo,rustc
2026-10-08T03:18:35.6475791+09:00 cpu=96 busy=cargo,rustc,rustc
2026-10-08T03:18:45.9208718+09:00 cpu=91 busy=cargo,rustc,rustc
2026-10-08T03:18:56.5946506+09:00 cpu=96 busy=cargo,rustc,rustc
2026-10-08T03:19:06.9495525+09:00 cpu=97 busy=cargo,rustc
2026-10-08T03:19:17.3319782+09:00 cpu=94 busy=cargo,rustc
2026-10-08T03:19:27.6139196+09:00 cpu=96 busy=cargo,rustc
2026-10-08T03:19:37.9817080+09:00 cpu=94 busy=cargo,rustc
2026-10-08T03:19:48.0379485+09:00 cpu=96 busy=cargo,rustc
2026-10-08T03:19:58.1397826+09:00 cpu=92 busy=
2026-10-08T03:20:08.6855968+09:00 cpu=91 busy=
2026-10-08T03:20:19.0954250+09:00 cpu=93 busy=
2026-10-08T03:20:29.3380623+09:00 cpu=93 busy=
2026-10-08T03:20:39.6870704+09:00 cpu=93 busy=cargo,link,rustc,rustc
2026-10-08T03:20:49.7778055+09:00 cpu=95 busy=cargo,rustc,rustc
2026-10-08T03:21:00.1252632+09:00 cpu=96 busy=cargo,link,link,rustc,rustc
2026-10-08T03:21:10.2172960+09:00 cpu=97 busy=cargo,rustc
2026-10-08T03:21:20.4424402+09:00 cpu=96 busy=cargo
2026-10-08T03:21:30.8794215+09:00 cpu=91 busy=
2026-10-08T03:21:41.0796618+09:00 cpu=89 busy=
2026-10-08T03:21:51.4892746+09:00 cpu=92 busy=
2026-10-08T03:22:01.9495017+09:00 cpu=92 busy=
2026-10-08T03:22:12.0834510+09:00 cpu=90 busy=
2026-10-08T03:22:22.6283597+09:00 cpu=91 busy=
2026-10-08T03:22:32.9220889+09:00 cpu=89 busy=
2026-10-08T03:22:43.2029486+09:00 cpu=89 busy=
2026-10-08T03:22:53.6752638+09:00 cpu=89 busy=cargo,rustc
2026-10-08T03:23:04.2230676+09:00 cpu=89 busy=cargo,rustc
2026-10-08T03:23:14.3143316+09:00 cpu=92 busy=cargo,rustc
2026-10-08T03:23:24.9994736+09:00 cpu=91 busy=cargo,rustc
2026-10-08T03:23:35.1992154+09:00 cpu=92 busy=cargo,rustc
2026-10-08T03:23:45.4444596+09:00 cpu=92 busy=cargo,rustc
2026-10-08T03:23:56.3051103+09:00 cpu=90 busy=cargo,rustc
2026-10-08T03:24:06.3542522+09:00 cpu=95 busy=
2026-10-08T03:24:16.4363585+09:00 cpu=90 busy=
2026-10-08T03:24:26.6691417+09:00 cpu=91 busy=
2026-10-08T03:24:37.0346304+09:00 cpu=94 busy=
2026-10-08T03:24:47.4230518+09:00 cpu=92 busy=
2026-10-08T03:24:57.5333197+09:00 cpu=91 busy=
2026-10-08T03:25:07.9975845+09:00 cpu=92 busy=
2026-10-08T03:25:18.2317039+09:00 cpu=96 busy=
2026-10-08T03:25:28.5729952+09:00 cpu=94 busy=
2026-10-08T03:25:38.6523759+09:00 cpu=93 busy=
2026-10-08T03:25:48.9769212+09:00 cpu=93 busy=cargo,rustc
2026-10-08T03:25:59.3641742+09:00 cpu=95 busy=cargo,rustc
2026-10-08T03:26:09.5991035+09:00 cpu=90 busy=cargo,rustc
2026-10-08T03:26:19.9272393+09:00 cpu=92 busy=cargo,rustc
2026-10-08T03:26:30.2894016+09:00 cpu=96 busy=cargo,rustc
2026-10-08T03:26:40.6296351+09:00 cpu=94 busy=cargo,rustc
2026-10-08T03:26:51.2478436+09:00 cpu=93 busy=cargo,rustc
2026-10-08T03:27:01.7352970+09:00 cpu=91 busy=cargo,rustc
2026-10-08T03:27:12.1887260+09:00 cpu=90 busy=
2026-10-08T03:27:22.4171928+09:00 cpu=89 busy=
2026-10-08T03:27:32.6818801+09:00 cpu=92 busy=
2026-10-08T03:27:43.0040249+09:00 cpu=92 busy=
2026-10-08T03:27:53.1467479+09:00 cpu=89 busy=
2026-10-08T03:28:03.2761314+09:00 cpu=96 busy=
2026-10-08T03:28:13.3239401+09:00 cpu=93 busy=
2026-10-08T03:28:23.5384550+09:00 cpu=97 busy=
2026-10-08T03:28:33.9335874+09:00 cpu=92 busy=
2026-10-08T03:28:44.0207980+09:00 cpu=92 busy=
2026-10-08T03:28:54.0762610+09:00 cpu=89 busy=
2026-10-08T03:29:04.3821415+09:00 cpu=89 busy=
2026-10-08T03:29:14.8637949+09:00 cpu=88 busy=cargo,rustc
2026-10-08T03:29:25.2396871+09:00 cpu=93 busy=cargo,rustc
2026-10-08T03:29:35.4894151+09:00 cpu=96 busy=cargo,rustc
2026-10-08T03:29:45.5683015+09:00 cpu=91 busy=cargo,rustc
2026-10-08T03:29:56.0494213+09:00 cpu=96 busy=cargo,rustc
2026-10-08T03:30:06.4736138+09:00 cpu=95 busy=cargo,rustc
2026-10-08T03:30:16.5417672+09:00 cpu=96 busy=cargo,rustc
2026-10-08T03:30:26.5930339+09:00 cpu=91 busy=
2026-10-08T03:30:37.0087616+09:00 cpu=89 busy=
2026-10-08T03:30:47.3383166+09:00 cpu=92 busy=
2026-10-08T03:30:57.4576070+09:00 cpu=90 busy=
2026-10-08T03:31:07.8596996+09:00 cpu=93 busy=cargo
2026-10-08T03:31:17.9760288+09:00 cpu=91 busy=
2026-10-08T03:31:28.2402542+09:00 cpu=90 busy=
2026-10-08T03:31:38.3614998+09:00 cpu=91 busy=
2026-10-08T03:31:48.7979204+09:00 cpu=89 busy=
2026-10-08T03:31:58.8824636+09:00 cpu=94 busy=
2026-10-08T03:32:09.4472612+09:00 cpu=91 busy=
2026-10-08T03:32:19.6653075+09:00 cpu=92 busy=
2026-10-08T03:32:30.0727248+09:00 cpu=90 busy=cargo,rustc
2026-10-08T03:32:40.5481099+09:00 cpu=92 busy=cargo,rustc
2026-10-08T03:32:50.8191746+09:00 cpu=93 busy=cargo,rustc
2026-10-08T03:33:01.4042805+09:00 cpu=91 busy=cargo,rustc
2026-10-08T03:33:11.8671669+09:00 cpu=92 busy=cargo,rustc
2026-10-08T03:33:22.2371340+09:00 cpu=92 busy=cargo,rustc
2026-10-08T03:33:32.5194333+09:00 cpu=92 busy=cargo,rustc
2026-10-08T03:33:42.9115548+09:00 cpu=90 busy=
2026-10-08T03:33:54.5941796+09:00 cpu=96 busy=
2026-10-08T03:34:05.5372217+09:00 cpu=100 busy=
2026-10-08T03:34:16.6686107+09:00 cpu=100 busy=
2026-10-08T03:34:27.9428367+09:00 cpu=100 busy=
2026-10-08T03:34:38.8051279+09:00 cpu=100 busy=
2026-10-08T03:34:49.8359662+09:00 cpu=100 busy=
2026-10-08T03:35:01.1456515+09:00 cpu=100 busy=cargo
2026-10-08T03:35:13.3649947+09:00 cpu=100 busy=cargo,cargo
2026-10-08T03:35:24.9941281+09:00 cpu=83 busy=cargo,rustc,rustc
2026-10-08T03:35:36.8600425+09:00 cpu=100 busy=cargo,rustc,rustc
2026-10-08T03:35:47.9842780+09:00 cpu=100 busy=cargo,link,rustc,rustc
2026-10-08T03:35:59.2853103+09:00 cpu=100 busy=cargo,link,rustc,rustc
2026-10-08T03:36:10.6058335+09:00 cpu=100 busy=cargo,rustc,rustc
2026-10-08T03:36:21.7829685+09:00 cpu=100 busy=cargo,link,rustc,rustc
2026-10-08T03:36:32.0863923+09:00 cpu=96 busy=cargo
2026-10-08T03:36:42.4604659+09:00 cpu=93 busy=cargo
2026-10-08T03:36:52.6124960+09:00 cpu=94 busy=cargo
2026-10-08T03:37:03.0671071+09:00 cpu=92 busy=cargo
2026-10-08T03:37:13.2697208+09:00 cpu=100 busy=cargo
2026-10-08T03:37:23.8021180+09:00 cpu=96 busy=cargo
2026-10-08T03:37:34.1265615+09:00 cpu=93 busy=cargo
2026-10-08T03:37:44.8940040+09:00 cpu=95 busy=cargo
2026-10-08T03:37:55.0010677+09:00 cpu=94 busy=cargo
2026-10-08T03:38:05.7029976+09:00 cpu=95 busy=cargo
2026-10-08T03:38:16.1089160+09:00 cpu=94 busy=
2026-10-08T03:38:26.6284054+09:00 cpu=93 busy=
2026-10-08T03:38:36.9982093+09:00 cpu=90 busy=
2026-10-08T03:38:47.2464746+09:00 cpu=97 busy=cargo
2026-10-08T03:38:57.4546583+09:00 cpu=91 busy=
2026-10-08T03:39:07.5309852+09:00 cpu=96 busy=
2026-10-08T03:39:18.1370900+09:00 cpu=91 busy=
2026-10-08T03:39:28.1765072+09:00 cpu=89 busy=
2026-10-08T03:39:38.5084256+09:00 cpu=91 busy=cargo,cargo
2026-10-08T03:39:48.6762755+09:00 cpu=91 busy=cargo,cargo
2026-10-08T03:39:59.3299397+09:00 cpu=94 busy=cargo,cargo
2026-10-08T03:40:09.5417086+09:00 cpu=92 busy=cargo,cargo
2026-10-08T03:40:19.6315492+09:00 cpu=93 busy=
2026-10-08T03:40:29.8063696+09:00 cpu=91 busy=
2026-10-08T03:40:39.9043271+09:00 cpu=98 busy=
2026-10-08T03:40:49.9856866+09:00 cpu=92 busy=
2026-10-08T03:41:00.0889581+09:00 cpu=91 busy=
2026-10-08T03:41:10.2800287+09:00 cpu=93 busy=
2026-10-08T03:41:20.5325801+09:00 cpu=91 busy=
2026-10-08T03:41:30.8296595+09:00 cpu=90 busy=
2026-10-08T03:41:41.5321115+09:00 cpu=92 busy=
2026-10-08T03:41:51.9525266+09:00 cpu=94 busy=
2026-10-08T03:42:02.1809832+09:00 cpu=90 busy=
2026-10-08T03:42:12.5336885+09:00 cpu=88 busy=
2026-10-08T03:42:23.1420237+09:00 cpu=93 busy=
2026-10-08T03:42:33.8463198+09:00 cpu=90 busy=
2026-10-08T03:42:44.0653522+09:00 cpu=89 busy=
2026-10-08T03:42:54.3237179+09:00 cpu=89 busy=
2026-10-08T03:43:04.5383666+09:00 cpu=96 busy=
2026-10-08T03:43:15.0065844+09:00 cpu=88 busy=
2026-10-08T03:43:25.3500055+09:00 cpu=90 busy=
2026-10-08T03:43:35.6233097+09:00 cpu=91 busy=
2026-10-08T03:43:46.0863519+09:00 cpu=89 busy=
2026-10-08T03:43:56.4143328+09:00 cpu=90 busy=
2026-10-08T03:44:06.7336660+09:00 cpu=89 busy=
2026-10-08T03:44:16.9476697+09:00 cpu=92 busy=
2026-10-08T03:44:27.0250299+09:00 cpu=96 busy=
2026-10-08T03:44:37.1530899+09:00 cpu=91 busy=
2026-10-08T03:44:47.4092233+09:00 cpu=92 busy=
2026-10-08T03:44:57.7148418+09:00 cpu=88 busy=
2026-10-08T03:45:07.8387591+09:00 cpu=92 busy=
2026-10-08T03:45:18.0384446+09:00 cpu=89 busy=
2026-10-08T03:45:28.3375474+09:00 cpu=91 busy=
2026-10-08T03:45:38.6978743+09:00 cpu=90 busy=
2026-10-08T03:45:49.0719331+09:00 cpu=90 busy=
2026-10-08T03:45:59.3711741+09:00 cpu=88 busy=
2026-10-08T03:46:09.6537832+09:00 cpu=93 busy=
2026-10-08T03:46:19.7778766+09:00 cpu=92 busy=
2026-10-08T03:46:30.1612404+09:00 cpu=90 busy=
2026-10-08T03:46:40.6629399+09:00 cpu=93 busy=
2026-10-08T03:46:51.0018308+09:00 cpu=88 busy=
2026-10-08T03:47:01.1810569+09:00 cpu=89 busy=
2026-10-08T03:47:11.3923305+09:00 cpu=94 busy=
2026-10-08T03:47:21.8825150+09:00 cpu=94 busy=
2026-10-08T03:47:32.1540553+09:00 cpu=97 busy=
2026-10-08T03:47:42.4040522+09:00 cpu=87 busy=
2026-10-08T03:47:52.7286807+09:00 cpu=89 busy=
2026-10-08T03:48:03.0638255+09:00 cpu=94 busy=
2026-10-08T03:48:13.6253995+09:00 cpu=93 busy=
2026-10-08T03:48:24.1059510+09:00 cpu=95 busy=
2026-10-08T03:48:34.4545321+09:00 cpu=91 busy=
2026-10-08T03:48:44.6749236+09:00 cpu=88 busy=
2026-10-08T03:48:54.8465773+09:00 cpu=89 busy=
2026-10-08T03:49:05.2207246+09:00 cpu=91 busy=
2026-10-08T03:49:15.4128253+09:00 cpu=95 busy=
2026-10-08T03:49:25.6585943+09:00 cpu=89 busy=
2026-10-08T03:49:36.0354390+09:00 cpu=90 busy=
2026-10-08T03:49:46.4167554+09:00 cpu=91 busy=
2026-10-08T03:49:56.8367069+09:00 cpu=90 busy=
2026-10-08T03:50:07.0923723+09:00 cpu=92 busy=cargo,cargo
2026-10-08T03:50:17.1834105+09:00 cpu=95 busy=cargo,link,rustc,rustc
2026-10-08T03:50:27.2166860+09:00 cpu=96 busy=cargo,rustc,rustc
2026-10-08T03:50:37.6110924+09:00 cpu=94 busy=cargo,link,rustc,rustc
2026-10-08T03:50:47.7160834+09:00 cpu=97 busy=cargo,link,rustc,rustc
2026-10-08T03:50:57.9554215+09:00 cpu=94 busy=cargo,link,rustc,rustc
2026-10-08T03:51:08.7239170+09:00 cpu=91 busy=cargo,link,rustc,rustc
2026-10-08T03:51:19.3305996+09:00 cpu=90 busy=cargo,rustc
2026-10-08T03:51:29.8216498+09:00 cpu=91 busy=cargo
2026-10-08T03:51:40.8650624+09:00 cpu=100 busy=cargo
2026-10-08T03:51:51.9147877+09:00 cpu=100 busy=cargo
2026-10-08T03:52:02.2618657+09:00 cpu=100 busy=cargo
2026-10-08T03:52:13.3681975+09:00 cpu=100 busy=cargo
2026-10-08T03:52:24.4961678+09:00 cpu=100 busy=cargo
2026-10-08T03:52:35.6479520+09:00 cpu=100 busy=cargo
2026-10-08T03:52:46.4953607+09:00 cpu=88 busy=cargo
2026-10-08T03:52:57.2880605+09:00 cpu=100 busy=cargo
2026-10-08T03:53:09.3364306+09:00 cpu=100 busy=cargo
2026-10-08T03:53:19.8552095+09:00 cpu=100 busy=cargo
2026-10-08T03:53:30.8980443+09:00 cpu=100 busy=cargo
2026-10-08T03:53:41.9940229+09:00 cpu=100 busy=cargo
2026-10-08T03:53:52.6197206+09:00 cpu=100 busy=cargo
2026-10-08T03:54:03.1527049+09:00 cpu=96 busy=cargo
2026-10-08T03:54:13.4154967+09:00 cpu=98 busy=cargo
2026-10-08T03:54:23.9430078+09:00 cpu=90 busy=cargo
2026-10-08T03:54:34.1372908+09:00 cpu=90 busy=cargo
2026-10-08T03:54:44.6668810+09:00 cpu=97 busy=cargo
2026-10-08T03:54:55.2111512+09:00 cpu=93 busy=cargo
2026-10-08T03:55:05.4073894+09:00 cpu=92 busy=cargo
2026-10-08T03:55:16.0616590+09:00 cpu=94 busy=cargo
2026-10-08T03:55:26.5247203+09:00 cpu=94 busy=cargo
2026-10-08T03:55:36.7201681+09:00 cpu=90 busy=cargo
2026-10-08T03:55:47.0042914+09:00 cpu=88 busy=cargo
2026-10-08T03:55:57.4214978+09:00 cpu=92 busy=cargo
2026-10-08T03:56:08.1621902+09:00 cpu=92 busy=cargo
2026-10-08T03:56:18.6342375+09:00 cpu=88 busy=cargo
2026-10-08T03:56:28.7610203+09:00 cpu=96 busy=cargo
2026-10-08T03:56:38.8148046+09:00 cpu=90 busy=cargo
2026-10-08T03:56:48.9973835+09:00 cpu=95 busy=cargo
2026-10-08T03:57:00.3295578+09:00 cpu=100 busy=cargo
2026-10-08T03:57:10.6047876+09:00 cpu=92 busy=cargo
2026-10-08T03:57:21.2507070+09:00 cpu=92 busy=cargo
2026-10-08T03:57:31.3191185+09:00 cpu=95 busy=cargo
2026-10-08T03:57:41.6551076+09:00 cpu=92 busy=cargo
2026-10-08T03:57:52.0302099+09:00 cpu=94 busy=cargo
2026-10-08T03:58:02.2722813+09:00 cpu=93 busy=
2026-10-08T03:58:12.8754207+09:00 cpu=92 busy=
2026-10-08T03:58:23.3276982+09:00 cpu=92 busy=
2026-10-08T03:58:33.5300605+09:00 cpu=92 busy=
2026-10-08T03:58:43.6832942+09:00 cpu=90 busy=
2026-10-08T03:58:53.8514204+09:00 cpu=91 busy=
2026-10-08T03:59:04.0759777+09:00 cpu=91 busy=
2026-10-08T03:59:14.3152044+09:00 cpu=87 busy=
2026-10-08T03:59:24.4228659+09:00 cpu=93 busy=
2026-10-08T03:59:34.6331766+09:00 cpu=90 busy=
2026-10-08T03:59:44.9548594+09:00 cpu=90 busy=
2026-10-08T03:59:55.0521230+09:00 cpu=93 busy=
2026-10-08T04:00:05.3062208+09:00 cpu=92 busy=
2026-10-08T04:00:15.4792303+09:00 cpu=89 busy=
2026-10-08T04:00:25.5871763+09:00 cpu=88 busy=
2026-10-08T04:00:35.8680833+09:00 cpu=90 busy=
2026-10-08T04:00:46.0502713+09:00 cpu=89 busy=
2026-10-08T04:00:56.2057271+09:00 cpu=91 busy=
2026-10-08T04:01:06.5208913+09:00 cpu=93 busy=
2026-10-08T04:01:16.6246309+09:00 cpu=95 busy=
2026-10-08T04:01:26.7500185+09:00 cpu=92 busy=
2026-10-08T04:01:37.0077460+09:00 cpu=89 busy=
2026-10-08T04:01:47.2026251+09:00 cpu=88 busy=
2026-10-08T04:01:57.3629355+09:00 cpu=91 busy=
2026-10-08T04:02:07.4505404+09:00 cpu=94 busy=
2026-10-08T04:02:17.7936418+09:00 cpu=93 busy=
2026-10-08T04:02:28.0849423+09:00 cpu=87 busy=
2026-10-08T04:02:38.3537738+09:00 cpu=91 busy=
2026-10-08T04:02:48.6373414+09:00 cpu=93 busy=cargo,rustc
2026-10-08T04:02:59.3850500+09:00 cpu=95 busy=cargo,rustc,rustc
2026-10-08T04:03:09.9201023+09:00 cpu=91 busy=cargo,rustc,rustc
2026-10-08T04:03:20.1629191+09:00 cpu=95 busy=cargo,rustc,rustc
2026-10-08T04:03:30.5933253+09:00 cpu=92 busy=cargo,rustc
2026-10-08T04:03:40.9048584+09:00 cpu=91 busy=cargo,rustc
2026-10-08T04:03:51.2854460+09:00 cpu=91 busy=cargo,rustc
2026-10-08T04:04:01.7262284+09:00 cpu=90 busy=cargo,rustc
2026-10-08T04:04:12.3290089+09:00 cpu=89 busy=cargo,rustc
2026-10-08T04:04:22.6597866+09:00 cpu=94 busy=cargo,rustc
2026-10-08T04:04:33.1401261+09:00 cpu=89 busy=cargo,rustc
2026-10-08T04:04:43.4625056+09:00 cpu=90 busy=cargo,rustc
2026-10-08T04:04:53.6864039+09:00 cpu=91 busy=cargo,rustc
2026-10-08T04:05:04.1625635+09:00 cpu=94 busy=cargo,rustc
2026-10-08T04:05:14.2757429+09:00 cpu=94 busy=cargo,rustc
2026-10-08T04:05:24.3555684+09:00 cpu=93 busy=
2026-10-08T04:05:34.5120282+09:00 cpu=93 busy=
2026-10-08T04:05:44.6724876+09:00 cpu=96 busy=
2026-10-08T04:05:54.7362222+09:00 cpu=93 busy=
2026-10-08T04:06:05.2546900+09:00 cpu=92 busy=
2026-10-08T04:06:15.6885554+09:00 cpu=94 busy=
2026-10-08T04:06:25.7639341+09:00 cpu=94 busy=
2026-10-08T04:06:36.2319114+09:00 cpu=92 busy=
2026-10-08T04:06:46.5870325+09:00 cpu=89 busy=
2026-10-08T04:06:57.0871690+09:00 cpu=86 busy=
2026-10-08T04:07:07.5963175+09:00 cpu=91 busy=
2026-10-08T04:07:17.7939160+09:00 cpu=92 busy=
2026-10-08T04:07:28.0332302+09:00 cpu=90 busy=
2026-10-08T04:07:38.1144718+09:00 cpu=92 busy=
2026-10-08T04:07:48.4603886+09:00 cpu=92 busy=
2026-10-08T04:07:58.5624861+09:00 cpu=94 busy=
2026-10-08T04:08:08.8986520+09:00 cpu=89 busy=
2026-10-08T04:08:18.9800848+09:00 cpu=91 busy=
2026-10-08T04:08:29.5234354+09:00 cpu=90 busy=
2026-10-08T04:08:39.8377284+09:00 cpu=95 busy=
2026-10-08T04:08:49.9221118+09:00 cpu=94 busy=
2026-10-08T04:09:00.2984828+09:00 cpu=93 busy=
2026-10-08T04:09:11.3834068+09:00 cpu=100 busy=
2026-10-08T04:09:22.8824215+09:00 cpu=100 busy=
2026-10-08T04:09:34.3260451+09:00 cpu=100 busy=
2026-10-08T04:09:46.0613870+09:00 cpu=100 busy=
2026-10-08T04:09:57.1351637+09:00 cpu=100 busy=
2026-10-08T04:10:08.1241126+09:00 cpu=100 busy=
2026-10-08T04:10:18.4868745+09:00 cpu=100 busy=
2026-10-08T04:10:29.8756226+09:00 cpu=100 busy=
2026-10-08T04:10:40.1676188+09:00 cpu=100 busy=
2026-10-08T04:10:50.8368238+09:00 cpu=100 busy=
2026-10-08T04:11:01.1410520+09:00 cpu=100 busy=
2026-10-08T04:11:12.5023434+09:00 cpu=100 busy=
2026-10-08T04:11:23.4497134+09:00 cpu=100 busy=
2026-10-08T04:11:34.6352565+09:00 cpu=100 busy=
2026-10-08T04:11:44.8316000+09:00 cpu=95 busy=
2026-10-08T04:11:55.1824958+09:00 cpu=93 busy=
2026-10-08T04:12:05.3467861+09:00 cpu=90 busy=
2026-10-08T04:12:15.5041665+09:00 cpu=96 busy=
2026-10-08T04:12:26.0034838+09:00 cpu=93 busy=
2026-10-08T04:12:36.3727171+09:00 cpu=92 busy=
2026-10-08T04:12:46.5325870+09:00 cpu=92 busy=
2026-10-08T04:12:56.8169666+09:00 cpu=96 busy=
2026-10-08T04:13:06.9365015+09:00 cpu=95 busy=
2026-10-08T04:13:17.2826497+09:00 cpu=94 busy=
2026-10-08T04:13:27.5300928+09:00 cpu=94 busy=
2026-10-08T04:13:37.6538288+09:00 cpu=96 busy=
2026-10-08T04:13:48.0037356+09:00 cpu=94 busy=
2026-10-08T04:13:58.3341539+09:00 cpu=96 busy=
2026-10-08T04:14:08.8052131+09:00 cpu=92 busy=
2026-10-08T04:14:18.8801829+09:00 cpu=90 busy=
2026-10-08T04:14:29.0387079+09:00 cpu=89 busy=
2026-10-08T04:14:39.4752047+09:00 cpu=89 busy=
2026-10-08T04:14:49.8405154+09:00 cpu=91 busy=
2026-10-08T04:15:00.2828780+09:00 cpu=92 busy=
2026-10-08T04:15:10.3796907+09:00 cpu=95 busy=
2026-10-08T04:15:20.9100764+09:00 cpu=94 busy=
2026-10-08T04:15:31.2242967+09:00 cpu=90 busy=
2026-10-08T04:15:41.5868837+09:00 cpu=88 busy=
2026-10-08T04:15:51.9875238+09:00 cpu=92 busy=
2026-10-08T04:16:02.3459713+09:00 cpu=93 busy=
2026-10-08T04:16:12.4559656+09:00 cpu=97 busy=
2026-10-08T04:16:22.8908628+09:00 cpu=95 busy=
2026-10-08T04:16:33.3164575+09:00 cpu=93 busy=
2026-10-08T04:16:43.5557343+09:00 cpu=89 busy=
2026-10-08T04:16:53.7184054+09:00 cpu=93 busy=
2026-10-08T04:17:04.1224295+09:00 cpu=92 busy=
2026-10-08T04:17:14.4821212+09:00 cpu=90 busy=
2026-10-08T04:17:24.7135865+09:00 cpu=93 busy=
2026-10-08T04:17:34.8561467+09:00 cpu=94 busy=
2026-10-08T04:17:45.5157479+09:00 cpu=94 busy=
2026-10-08T04:17:55.8014772+09:00 cpu=96 busy=
2026-10-08T04:18:05.9268951+09:00 cpu=93 busy=
2026-10-08T04:18:16.0185439+09:00 cpu=97 busy=
2026-10-08T04:18:26.3499963+09:00 cpu=94 busy=
2026-10-08T04:18:36.5281082+09:00 cpu=95 busy=
2026-10-08T04:18:46.6040977+09:00 cpu=95 busy=
2026-10-08T04:18:56.6802499+09:00 cpu=89 busy=
2026-10-08T04:19:07.1864517+09:00 cpu=92 busy=
2026-10-08T04:19:17.4605573+09:00 cpu=90 busy=
2026-10-08T04:19:27.6945272+09:00 cpu=94 busy=
2026-10-08T04:19:38.1281076+09:00 cpu=90 busy=
2026-10-08T04:19:48.6149916+09:00 cpu=90 busy=
2026-10-08T04:19:58.9660729+09:00 cpu=89 busy=
2026-10-08T04:20:09.5506123+09:00 cpu=91 busy=
2026-10-08T04:20:19.9182789+09:00 cpu=94 busy=
2026-10-08T04:20:30.3838899+09:00 cpu=91 busy=
2026-10-08T04:20:41.0293809+09:00 cpu=90 busy=
2026-10-08T04:20:51.3324057+09:00 cpu=92 busy=
2026-10-08T04:21:01.3867882+09:00 cpu=90 busy=
2026-10-08T04:21:11.8280609+09:00 cpu=92 busy=
2026-10-08T04:21:22.0300027+09:00 cpu=93 busy=
2026-10-08T04:21:32.2682256+09:00 cpu=93 busy=
2026-10-08T04:21:42.6068766+09:00 cpu=93 busy=
2026-10-08T04:21:52.8105431+09:00 cpu=94 busy=
2026-10-08T04:22:02.8500185+09:00 cpu=93 busy=
2026-10-08T04:22:13.4866300+09:00 cpu=92 busy=
2026-10-08T04:22:23.6428157+09:00 cpu=93 busy=
2026-10-08T04:22:34.0826830+09:00 cpu=91 busy=
2026-10-08T04:22:44.1204397+09:00 cpu=94 busy=
2026-10-08T04:22:54.7289422+09:00 cpu=93 busy=
2026-10-08T04:23:05.0315064+09:00 cpu=92 busy=
2026-10-08T04:23:15.1574966+09:00 cpu=97 busy=
2026-10-08T04:23:25.2338525+09:00 cpu=93 busy=
2026-10-08T04:23:35.8200908+09:00 cpu=95 busy=
2026-10-08T04:23:46.2288182+09:00 cpu=89 busy=
2026-10-08T04:23:56.4195584+09:00 cpu=92 busy=
2026-10-08T04:24:06.4500368+09:00 cpu=95 busy=
2026-10-08T04:24:16.7557359+09:00 cpu=95 busy=
2026-10-08T04:24:27.4360337+09:00 cpu=89 busy=
2026-10-08T04:24:37.7400685+09:00 cpu=97 busy=
2026-10-08T04:24:48.0172176+09:00 cpu=95 busy=
2026-10-08T04:24:58.4761436+09:00 cpu=90 busy=
2026-10-08T04:25:08.7321175+09:00 cpu=89 busy=
2026-10-08T04:25:19.1502648+09:00 cpu=94 busy=
2026-10-08T04:25:29.4227198+09:00 cpu=95 busy=
2026-10-08T04:25:39.6976399+09:00 cpu=95 busy=
2026-10-08T04:25:49.8593368+09:00 cpu=94 busy=
2026-10-08T04:26:00.3313545+09:00 cpu=89 busy=
2026-10-08T04:26:10.6001951+09:00 cpu=93 busy=
2026-10-08T04:26:20.6609459+09:00 cpu=93 busy=
2026-10-08T04:26:30.7974659+09:00 cpu=93 busy=
2026-10-08T04:26:40.9958262+09:00 cpu=87 busy=
2026-10-08T04:26:52.8589874+09:00 cpu=100 busy=
2026-10-08T04:27:04.1474845+09:00 cpu=100 busy=
2026-10-08T04:27:15.8732911+09:00 cpu=100 busy=
2026-10-08T04:27:27.7486112+09:00 cpu=100 busy=
2026-10-08T04:27:39.7623517+09:00 cpu=100 busy=
2026-10-08T04:27:51.8322842+09:00 cpu=100 busy=
2026-10-08T04:28:04.2570981+09:00 cpu=100 busy=
2026-10-08T04:28:15.9215510+09:00 cpu=100 busy=
2026-10-08T04:28:27.0415701+09:00 cpu=100 busy=
2026-10-08T04:28:39.1588921+09:00 cpu=100 busy=
2026-10-08T04:28:49.7955582+09:00 cpu=100 busy=
2026-10-08T04:29:00.8851560+09:00 cpu=86 busy=
2026-10-08T04:29:11.0356855+09:00 cpu=100 busy=
2026-10-08T04:29:21.3074631+09:00 cpu=100 busy=
2026-10-08T04:29:31.8015260+09:00 cpu=91 busy=
2026-10-08T04:29:42.0545955+09:00 cpu=87 busy=
2026-10-08T04:29:52.3472140+09:00 cpu=89 busy=
2026-10-08T04:30:02.5129080+09:00 cpu=92 busy=
2026-10-08T04:30:12.5979956+09:00 cpu=90 busy=
2026-10-08T04:30:22.6590269+09:00 cpu=91 busy=
2026-10-08T04:30:33.0992068+09:00 cpu=91 busy=
2026-10-08T04:30:43.2721780+09:00 cpu=95 busy=
2026-10-08T04:30:53.4728057+09:00 cpu=94 busy=
2026-10-08T04:31:03.8408921+09:00 cpu=88 busy=
2026-10-08T04:31:13.9505362+09:00 cpu=91 busy=
2026-10-08T04:31:24.0652824+09:00 cpu=89 busy=
2026-10-08T04:32:01.4542880+09:00 cpu=100 busy=
2026-10-08T04:32:11.8716738+09:00 cpu=98 busy=
2026-10-08T04:32:22.0852293+09:00 cpu=96 busy=
2026-10-08T04:32:32.4767396+09:00 cpu=96 busy=
2026-10-08T04:32:42.5590286+09:00 cpu=86 busy=
2026-10-08T04:32:52.6923206+09:00 cpu=85 busy=
2026-10-08T04:33:02.7835452+09:00 cpu=92 busy=
2026-10-08T04:33:12.9587650+09:00 cpu=85 busy=
2026-10-08T04:33:23.2485362+09:00 cpu=88 busy=
2026-10-08T04:33:33.4250701+09:00 cpu=89 busy=
2026-10-08T04:33:43.6561588+09:00 cpu=85 busy=
2026-10-08T04:33:54.0274727+09:00 cpu=89 busy=
2026-10-08T04:34:04.1304708+09:00 cpu=89 busy=
2026-10-08T04:34:14.4952805+09:00 cpu=86 busy=
2026-10-08T04:34:24.6395027+09:00 cpu=89 busy=
2026-10-08T04:34:34.7102989+09:00 cpu=91 busy=
2026-10-08T04:34:44.9656817+09:00 cpu=89 busy=
2026-10-08T04:34:55.3061297+09:00 cpu=88 busy=
2026-10-08T04:35:05.4949202+09:00 cpu=89 busy=
2026-10-08T04:35:15.6904982+09:00 cpu=85 busy=
2026-10-08T04:35:25.7664381+09:00 cpu=90 busy=
2026-10-08T04:35:36.0318946+09:00 cpu=92 busy=
2026-10-08T04:35:46.4123748+09:00 cpu=90 busy=
2026-10-08T04:35:56.7716350+09:00 cpu=92 busy=
2026-10-08T04:36:07.0857200+09:00 cpu=86 busy=
2026-10-08T04:36:17.3415759+09:00 cpu=88 busy=
2026-10-08T04:36:27.4302341+09:00 cpu=92 busy=
2026-10-08T04:36:37.4972135+09:00 cpu=91 busy=
2026-10-08T04:36:47.8227231+09:00 cpu=90 busy=
2026-10-08T04:36:57.9639288+09:00 cpu=96 busy=
2026-10-08T04:37:08.2834605+09:00 cpu=89 busy=
2026-10-08T04:37:18.6407840+09:00 cpu=88 busy=
2026-10-08T04:37:28.9472134+09:00 cpu=91 busy=
2026-10-08T04:37:39.1563993+09:00 cpu=93 busy=
2026-10-08T04:37:49.3484936+09:00 cpu=93 busy=
2026-10-08T04:37:59.4051489+09:00 cpu=90 busy=
2026-10-08T04:38:09.5344650+09:00 cpu=88 busy=
2026-10-08T04:38:19.6478559+09:00 cpu=89 busy=cargo
2026-10-08T04:38:29.7605185+09:00 cpu=94 busy=cargo,cargo,rustc,rustc
2026-10-08T04:38:39.8076087+09:00 cpu=90 busy=cargo,cargo,rustc,rustc
2026-10-08T04:38:50.0619955+09:00 cpu=89 busy=cargo,cargo,rustc,rustc
2026-10-08T04:39:00.4134645+09:00 cpu=93 busy=cargo,cargo,rustc
2026-10-08T04:39:10.7206525+09:00 cpu=90 busy=cargo,cargo,rustc
2026-10-08T04:39:20.9864364+09:00 cpu=93 busy=cargo,cargo
2026-10-08T04:39:31.0256308+09:00 cpu=92 busy=cargo,cargo,rustc,rustc
2026-10-08T04:39:41.1267694+09:00 cpu=93 busy=cargo,cargo,rustc,rustc
2026-10-08T04:39:51.4865142+09:00 cpu=92 busy=cargo,cargo,rustc
2026-10-08T04:40:01.9096047+09:00 cpu=91 busy=
2026-10-08T04:40:12.3788687+09:00 cpu=92 busy=cargo,rustc,rustc
2026-10-08T04:40:22.8743140+09:00 cpu=91 busy=cargo,rustc
2026-10-08T04:40:33.4281568+09:00 cpu=92 busy=cargo,rustc
2026-10-08T04:40:43.6324286+09:00 cpu=95 busy=cargo,rustc
2026-10-08T04:40:54.2268530+09:00 cpu=93 busy=cargo,rustc,rustc
2026-10-08T04:41:04.6927279+09:00 cpu=93 busy=cargo,rustc,rustc
2026-10-08T04:41:15.2725210+09:00 cpu=93 busy=cargo,rustc,rustc
2026-10-08T04:41:25.7799119+09:00 cpu=93 busy=cargo,rustc,rustc
2026-10-08T04:41:36.0372843+09:00 cpu=92 busy=cargo,rustc,rustc
2026-10-08T04:41:46.5974581+09:00 cpu=93 busy=cargo,rustc,rustc
2026-10-08T04:41:57.1264823+09:00 cpu=90 busy=cargo,link,rustc,rustc
2026-10-08T04:42:07.7180153+09:00 cpu=90 busy=cargo,rustc
2026-10-08T04:42:17.9362735+09:00 cpu=93 busy=cargo,link,rustc,rustc
2026-10-08T04:42:28.2501700+09:00 cpu=92 busy=cargo,rustc,rustc
2026-10-08T04:42:38.3963863+09:00 cpu=94 busy=cargo
2026-10-08T04:42:48.7137879+09:00 cpu=95 busy=cargo
2026-10-08T04:42:58.9088693+09:00 cpu=96 busy=cargo
2026-10-08T04:43:09.4933820+09:00 cpu=94 busy=cargo
2026-10-08T04:43:19.8582182+09:00 cpu=94 busy=cargo
2026-10-08T04:43:30.0805384+09:00 cpu=92 busy=cargo
2026-10-08T04:43:40.4511940+09:00 cpu=91 busy=cargo
2026-10-08T04:43:50.5521821+09:00 cpu=96 busy=
2026-10-08T04:44:00.8754073+09:00 cpu=100 busy=
2026-10-08T04:44:11.8082915+09:00 cpu=100 busy=
2026-10-08T04:44:22.4986203+09:00 cpu=100 busy=
2026-10-08T04:44:33.2854414+09:00 cpu=100 busy=
2026-10-08T04:44:44.0736482+09:00 cpu=100 busy=
2026-10-08T04:44:55.0907789+09:00 cpu=100 busy=
2026-10-08T04:45:05.4107294+09:00 cpu=100 busy=
2026-10-08T04:45:16.0490798+09:00 cpu=100 busy=
2026-10-08T04:45:27.0041015+09:00 cpu=100 busy=
2026-10-08T04:45:37.8673088+09:00 cpu=100 busy=
2026-10-08T04:45:48.7420763+09:00 cpu=100 busy=
2026-10-08T04:46:00.1049749+09:00 cpu=100 busy=
2026-10-08T04:46:10.2831291+09:00 cpu=100 busy=
2026-10-08T04:46:20.6108590+09:00 cpu=89 busy=
2026-10-08T04:46:30.7548741+09:00 cpu=90 busy=
2026-10-08T04:46:41.0285302+09:00 cpu=86 busy=
2026-10-08T04:46:51.1068221+09:00 cpu=88 busy=
2026-10-08T04:47:01.2761282+09:00 cpu=91 busy=
2026-10-08T04:47:11.4318012+09:00 cpu=92 busy=
2026-10-08T04:47:21.8937870+09:00 cpu=90 busy=
2026-10-08T04:47:31.9798270+09:00 cpu=85 busy=
2026-10-08T04:47:42.1647540+09:00 cpu=88 busy=
2026-10-08T04:47:52.2540032+09:00 cpu=87 busy=
2026-10-08T04:48:02.5513861+09:00 cpu=96 busy=
2026-10-08T04:48:12.7827525+09:00 cpu=89 busy=
2026-10-08T04:48:23.0793462+09:00 cpu=89 busy=
2026-10-08T04:48:33.1820650+09:00 cpu=83 busy=
2026-10-08T04:48:43.2439963+09:00 cpu=90 busy=
2026-10-08T04:48:53.4180737+09:00 cpu=90 busy=
2026-10-08T04:49:03.7765812+09:00 cpu=87 busy=
2026-10-08T04:49:13.8968491+09:00 cpu=91 busy=
2026-10-08T04:49:24.0799035+09:00 cpu=90 busy=
2026-10-08T04:49:34.2563621+09:00 cpu=87 busy=
2026-10-08T04:49:44.3912813+09:00 cpu=88 busy=
2026-10-08T04:49:54.4892651+09:00 cpu=89 busy=
2026-10-08T04:50:04.7169646+09:00 cpu=88 busy=
2026-10-08T04:50:15.0299259+09:00 cpu=92 busy=
2026-10-08T04:50:25.2211648+09:00 cpu=89 busy=
2026-10-08T04:50:35.4482845+09:00 cpu=93 busy=
2026-10-08T04:50:45.8873655+09:00 cpu=93 busy=
2026-10-08T04:50:56.2067835+09:00 cpu=86 busy=
2026-10-08T04:51:06.5323245+09:00 cpu=89 busy=
2026-10-08T04:51:16.9004065+09:00 cpu=94 busy=
2026-10-08T04:51:27.0219806+09:00 cpu=89 busy=
2026-10-08T04:51:37.0861982+09:00 cpu=89 busy=
2026-10-08T04:51:47.2551771+09:00 cpu=91 busy=
2026-10-08T04:51:57.5360686+09:00 cpu=89 busy=
2026-10-08T04:52:07.7213444+09:00 cpu=89 busy=
2026-10-08T04:52:17.7621737+09:00 cpu=86 busy=
2026-10-08T04:52:27.8994258+09:00 cpu=94 busy=
2026-10-08T04:52:37.9779693+09:00 cpu=92 busy=
2026-10-08T04:52:48.2692399+09:00 cpu=91 busy=
2026-10-08T04:52:58.6078002+09:00 cpu=89 busy=
2026-10-08T04:53:08.7948601+09:00 cpu=91 busy=
2026-10-08T04:53:18.8191919+09:00 cpu=86 busy=
2026-10-08T04:53:28.9957055+09:00 cpu=88 busy=
2026-10-08T04:53:39.3638932+09:00 cpu=87 busy=
2026-10-08T04:53:49.6429762+09:00 cpu=91 busy=
2026-10-08T04:53:59.8924309+09:00 cpu=89 busy=
2026-10-08T04:54:10.0680687+09:00 cpu=90 busy=
2026-10-08T04:54:20.1151609+09:00 cpu=85 busy=
2026-10-08T04:54:30.5093343+09:00 cpu=92 busy=
2026-10-08T04:54:40.5729973+09:00 cpu=91 busy=
2026-10-08T04:54:50.7312968+09:00 cpu=93 busy=
2026-10-08T04:55:00.8282072+09:00 cpu=88 busy=
2026-10-08T04:55:10.9050670+09:00 cpu=88 busy=
2026-10-08T04:55:21.0457024+09:00 cpu=89 busy=
2026-10-08T04:55:31.1944999+09:00 cpu=95 busy=
2026-10-08T04:55:41.2405168+09:00 cpu=95 busy=
2026-10-08T04:55:51.3859613+09:00 cpu=92 busy=
2026-10-08T04:56:01.6404562+09:00 cpu=89 busy=
2026-10-08T04:56:11.7343021+09:00 cpu=85 busy=
2026-10-08T04:56:21.8259965+09:00 cpu=88 busy=
2026-10-08T04:56:31.9461290+09:00 cpu=96 busy=
2026-10-08T04:56:42.1107342+09:00 cpu=94 busy=
2026-10-08T04:56:52.1419679+09:00 cpu=90 busy=
2026-10-08T04:57:02.4145665+09:00 cpu=85 busy=
2026-10-08T04:57:12.5889707+09:00 cpu=93 busy=
2026-10-08T04:57:22.6831337+09:00 cpu=91 busy=
2026-10-08T04:57:32.8391816+09:00 cpu=92 busy=
2026-10-08T04:57:42.9332818+09:00 cpu=95 busy=
2026-10-08T04:57:53.1232855+09:00 cpu=88 busy=
2026-10-08T04:58:03.2775137+09:00 cpu=86 busy=
2026-10-08T04:58:13.4680517+09:00 cpu=87 busy=
2026-10-08T04:58:23.5591620+09:00 cpu=90 busy=
2026-10-08T04:58:33.7439378+09:00 cpu=92 busy=
2026-10-08T04:58:43.9078502+09:00 cpu=94 busy=
2026-10-08T04:58:53.9942422+09:00 cpu=90 busy=
2026-10-08T04:59:04.1716157+09:00 cpu=87 busy=
2026-10-08T04:59:14.2526767+09:00 cpu=83 busy=
2026-10-08T04:59:24.5109183+09:00 cpu=92 busy=
2026-10-08T04:59:34.6461469+09:00 cpu=88 busy=
2026-10-08T04:59:45.5432417+09:00 cpu=100 busy=
2026-10-08T04:59:55.8698076+09:00 cpu=100 busy=
2026-10-08T05:00:06.1832887+09:00 cpu=100 busy=
2026-10-08T05:00:17.0580667+09:00 cpu=100 busy=
2026-10-08T05:00:28.0130488+09:00 cpu=100 busy=
2026-10-08T05:00:38.9599701+09:00 cpu=97 busy=
2026-10-08T05:00:49.7450920+09:00 cpu=100 busy=
2026-10-08T05:01:00.2861688+09:00 cpu=100 busy=
2026-10-08T05:01:11.3389149+09:00 cpu=100 busy=
2026-10-08T05:01:21.7199491+09:00 cpu=92 busy=
2026-10-08T05:01:32.4239244+09:00 cpu=100 busy=
2026-10-08T05:01:43.0513844+09:00 cpu=100 busy=
2026-10-08T05:01:53.8313584+09:00 cpu=100 busy=
2026-10-08T05:02:03.8754833+09:00 cpu=93 busy=
2026-10-08T05:02:14.0612937+09:00 cpu=87 busy=
2026-10-08T05:02:24.1053069+09:00 cpu=86 busy=
2026-10-08T05:02:34.1311296+09:00 cpu=89 busy=
2026-10-08T05:02:44.4067265+09:00 cpu=92 busy=
2026-10-08T05:02:54.6372792+09:00 cpu=95 busy=
2026-10-08T05:03:04.6890546+09:00 cpu=92 busy=
2026-10-08T05:03:14.7803133+09:00 cpu=86 busy=
2026-10-08T05:03:24.9399423+09:00 cpu=86 busy=
2026-10-08T05:03:35.3822550+09:00 cpu=89 busy=
2026-10-08T05:03:45.5160345+09:00 cpu=91 busy=
2026-10-08T05:03:56.2274074+09:00 cpu=93 busy=
2026-10-08T05:04:06.5460910+09:00 cpu=89 busy=
2026-10-08T05:04:16.6270812+09:00 cpu=86 busy=
2026-10-08T05:04:26.9897873+09:00 cpu=90 busy=
2026-10-08T05:04:37.1450602+09:00 cpu=91 busy=
2026-10-08T05:04:47.1980091+09:00 cpu=89 busy=
2026-10-08T05:04:57.2588631+09:00 cpu=86 busy=
2026-10-08T05:05:07.5190854+09:00 cpu=90 busy=
2026-10-08T05:05:17.6258362+09:00 cpu=94 busy=
2026-10-08T05:05:27.7191177+09:00 cpu=92 busy=
2026-10-08T05:05:37.7801550+09:00 cpu=88 busy=
2026-10-08T05:05:47.8882888+09:00 cpu=87 busy=
2026-10-08T05:05:58.1749616+09:00 cpu=92 busy=
2026-10-08T05:06:08.2824498+09:00 cpu=94 busy=
2026-10-08T05:06:18.4220838+09:00 cpu=93 busy=
2026-10-08T05:06:28.8024386+09:00 cpu=88 busy=
2026-10-08T05:06:39.1313007+09:00 cpu=90 busy=
2026-10-08T05:06:49.3923577+09:00 cpu=88 busy=
2026-10-08T05:06:59.5799734+09:00 cpu=94 busy=
2026-10-08T05:07:09.7043257+09:00 cpu=98 busy=
2026-10-08T05:07:19.9767374+09:00 cpu=89 busy=
2026-10-08T05:07:30.2297698+09:00 cpu=94 busy=
2026-10-08T05:07:40.2886517+09:00 cpu=90 busy=
2026-10-08T05:07:50.3692655+09:00 cpu=90 busy=
2026-10-08T05:08:00.6274004+09:00 cpu=86 busy=
2026-10-08T05:08:10.7070725+09:00 cpu=91 busy=
2026-10-08T05:08:20.8792451+09:00 cpu=92 busy=
2026-10-08T05:08:31.2302656+09:00 cpu=91 busy=
2026-10-08T05:08:41.3187348+09:00 cpu=91 busy=
2026-10-08T05:08:51.5854741+09:00 cpu=86 busy=
2026-10-08T05:09:01.7227459+09:00 cpu=93 busy=
2026-10-08T05:09:12.1210123+09:00 cpu=94 busy=
2026-10-08T05:09:22.2063331+09:00 cpu=90 busy=
2026-10-08T05:09:32.2704993+09:00 cpu=89 busy=
2026-10-08T05:09:42.3815697+09:00 cpu=94 busy=
2026-10-08T05:09:52.7059064+09:00 cpu=87 busy=
2026-10-08T05:10:02.8024527+09:00 cpu=87 busy=
2026-10-08T05:10:13.0457413+09:00 cpu=89 busy=
2026-10-08T05:10:23.2669897+09:00 cpu=91 busy=
2026-10-08T05:10:33.5463284+09:00 cpu=93 busy=
2026-10-08T05:10:43.6717854+09:00 cpu=89 busy=
2026-10-08T05:10:53.7299664+09:00 cpu=90 busy=
2026-10-08T05:11:04.2345769+09:00 cpu=90 busy=
2026-10-08T05:11:14.2785310+09:00 cpu=93 busy=
2026-10-08T05:11:24.4028055+09:00 cpu=87 busy=
2026-10-08T05:11:34.6709798+09:00 cpu=89 busy=
2026-10-08T05:11:44.7500016+09:00 cpu=93 busy=
2026-10-08T05:11:54.9007549+09:00 cpu=88 busy=
2026-10-08T05:12:04.9429323+09:00 cpu=89 busy=
2026-10-08T05:12:15.1817223+09:00 cpu=89 busy=
2026-10-08T05:12:25.2462068+09:00 cpu=91 busy=
2026-10-08T05:12:35.4615508+09:00 cpu=95 busy=
2026-10-08T05:12:45.5074842+09:00 cpu=90 busy=
2026-10-08T05:12:55.5820032+09:00 cpu=84 busy=
2026-10-08T05:13:05.7239008+09:00 cpu=86 busy=
2026-10-08T05:13:15.8797182+09:00 cpu=90 busy=
2026-10-08T05:13:26.0338025+09:00 cpu=93 busy=
2026-10-08T05:13:36.1176454+09:00 cpu=91 busy=
2026-10-08T05:13:46.4416124+09:00 cpu=88 busy=
2026-10-08T05:13:56.7063362+09:00 cpu=96 busy=
2026-10-08T05:14:06.8783959+09:00 cpu=93 busy=
2026-10-08T05:14:17.2144323+09:00 cpu=89 busy=
2026-10-08T05:14:27.4651861+09:00 cpu=91 busy=
2026-10-08T05:14:37.6051019+09:00 cpu=93 busy=cargo
2026-10-08T05:14:48.0445019+09:00 cpu=90 busy=cargo,rustc
2026-10-08T05:14:58.2175733+09:00 cpu=91 busy=cargo,rustc
2026-10-08T05:15:08.5616184+09:00 cpu=91 busy=cargo,rustc
2026-10-08T05:15:19.4520784+09:00 cpu=100 busy=
2026-10-08T05:15:30.3146359+09:00 cpu=100 busy=cargo
2026-10-08T05:15:41.2322951+09:00 cpu=100 busy=cargo,rustc
2026-10-08T05:15:53.8787261+09:00 cpu=100 busy=cargo,rustc
2026-10-08T05:16:05.4612790+09:00 cpu=100 busy=cargo,rustc
2026-10-08T05:16:17.1642401+09:00 cpu=100 busy=cargo,rustc
2026-10-08T05:16:28.1951804+09:00 cpu=100 busy=
2026-10-08T05:16:38.9442856+09:00 cpu=100 busy=
2026-10-08T05:16:49.1843199+09:00 cpu=100 busy=
2026-10-08T05:17:01.2635812+09:00 cpu=100 busy=cargo,rustc
2026-10-08T05:17:11.9103409+09:00 cpu=100 busy=cargo,rustc
2026-10-08T05:17:22.3696216+09:00 cpu=100 busy=cargo,rustc
2026-10-08T05:17:33.7836521+09:00 cpu=100 busy=cargo,rustc
2026-10-08T05:17:45.3636499+09:00 cpu=100 busy=cargo,rustc
2026-10-08T05:17:56.2416097+09:00 cpu=89 busy=cargo,rustc
2026-10-08T05:18:07.6175236+09:00 cpu=100 busy=cargo,rustc
2026-10-08T05:18:18.1393800+09:00 cpu=100 busy=cargo,link,rustc
2026-10-08T05:18:29.2865791+09:00 cpu=100 busy=
2026-10-08T05:18:40.4553628+09:00 cpu=100 busy=
2026-10-08T05:18:51.6410448+09:00 cpu=100 busy=
2026-10-08T05:19:01.6915841+09:00 cpu=21 busy=
2026-10-08T05:19:11.7169113+09:00 cpu=27 busy=
2026-10-08T05:19:21.7451780+09:00 cpu=25 busy=
2026-10-08T05:19:31.7712683+09:00 cpu=20 busy=
2026-10-08T05:19:41.7976229+09:00 cpu=35 busy=
2026-10-08T05:19:51.8186150+09:00 cpu=27 busy=
2026-10-08T05:20:01.8449244+09:00 cpu=26 busy=
2026-10-08T05:20:11.8794311+09:00 cpu=20 busy=
2026-10-08T05:20:21.9099110+09:00 cpu=22 busy=
2026-10-08T05:20:31.9450078+09:00 cpu=22 busy=
2026-10-08T05:20:41.9726025+09:00 cpu=26 busy=
2026-10-08T05:20:52.0006268+09:00 cpu=17 busy=
2026-10-08T05:21:02.0224814+09:00 cpu=21 busy=
2026-10-08T05:21:12.0668552+09:00 cpu=21 busy=
2026-10-08T05:21:22.0979112+09:00 cpu=25 busy=
2026-10-08T05:21:32.1328345+09:00 cpu=21 busy=
2026-10-08T05:21:42.1659733+09:00 cpu=26 busy=cargo
2026-10-08T05:21:52.1915009+09:00 cpu=41 busy=cargo,rustc
2026-10-08T05:22:02.2277999+09:00 cpu=27 busy=cargo,rustc
2026-10-08T05:22:12.2643729+09:00 cpu=27 busy=cargo,cargo,rustc,rustc
2026-10-08T05:22:22.3002097+09:00 cpu=26 busy=cargo,cargo,rustc,rustc
2026-10-08T05:22:32.3335789+09:00 cpu=34 busy=cargo,cargo,rustc,rustc
2026-10-08T05:22:42.3576109+09:00 cpu=25 busy=cargo,rustc
2026-10-08T05:22:52.3889905+09:00 cpu=32 busy=cargo,cargo,rustc,rustc
2026-10-08T05:23:02.4197574+09:00 cpu=26 busy=
2026-10-08T05:23:12.4542123+09:00 cpu=20 busy=
2026-10-08T05:23:22.4829503+09:00 cpu=19 busy=
2026-10-08T05:23:32.5163714+09:00 cpu=23 busy=
2026-10-08T05:23:42.5408621+09:00 cpu=18 busy=
2026-10-08T05:23:52.5781295+09:00 cpu=23 busy=
2026-10-08T05:24:02.6018970+09:00 cpu=29 busy=cargo
2026-10-08T05:24:12.6297086+09:00 cpu=34 busy=cargo,rustc
2026-10-08T05:24:22.6641906+09:00 cpu=27 busy=cargo,link,rustc
2026-10-08T05:24:32.6955775+09:00 cpu=37 busy=cargo,rustc
2026-10-08T05:24:42.7269979+09:00 cpu=22 busy=cargo,rustc
2026-10-08T05:24:52.7508253+09:00 cpu=32 busy=cargo,rustc
2026-10-08T05:25:02.8061914+09:00 cpu=39 busy=cargo,cargo,rustc,rustc,rustc
2026-10-08T05:25:12.8482525+09:00 cpu=36 busy=cargo,cargo,link,rustc,rustc,rustc
2026-10-08T05:25:22.8760076+09:00 cpu=51 busy=cargo,cargo,link,link,rustc,rustc,rustc
2026-10-08T05:25:32.9118570+09:00 cpu=100 busy=cargo,cargo
2026-10-08T05:25:42.9388767+09:00 cpu=45 busy=cargo,cargo
2026-10-08T05:25:52.9761185+09:00 cpu=34 busy=cargo,cargo
2026-10-08T05:26:03.0073178+09:00 cpu=21 busy=cargo
2026-10-08T05:26:13.0407332+09:00 cpu=19 busy=cargo
2026-10-08T05:26:23.0706726+09:00 cpu=13 busy=
2026-10-08T05:26:33.1062753+09:00 cpu=27 busy=cargo,rustc
2026-10-08T05:26:43.1323420+09:00 cpu=16 busy=cargo,rustc
2026-10-08T05:26:53.1617565+09:00 cpu=31 busy=cargo,rustc
2026-10-08T05:27:03.1971302+09:00 cpu=21 busy=
2026-10-08T05:27:13.2309624+09:00 cpu=80 busy=
2026-10-08T05:27:23.2601351+09:00 cpu=57 busy=
2026-10-08T05:27:33.3033342+09:00 cpu=100 busy=cargo,rustc
2026-10-08T05:27:43.3327760+09:00 cpu=100 busy=cargo,rustc
2026-10-08T05:27:53.3638240+09:00 cpu=100 busy=cargo,rustc
2026-10-08T05:28:03.4096861+09:00 cpu=100 busy=cargo,rustc
2026-10-08T05:28:13.4489844+09:00 cpu=100 busy=cargo,rustc
2026-10-08T05:28:23.4850327+09:00 cpu=100 busy=cargo,rustc
2026-10-08T05:28:33.5231811+09:00 cpu=100 busy=cargo,rustc
2026-10-08T05:28:43.5763179+09:00 cpu=100 busy=cargo,rustc
2026-10-08T05:28:53.6344490+09:00 cpu=73 busy=cargo,rustc
2026-10-08T05:29:03.6638339+09:00 cpu=91 busy=cargo,rustc
2026-10-08T05:29:13.7088437+09:00 cpu=100 busy=cargo,rustc
2026-10-08T05:29:23.7571926+09:00 cpu=100 busy=cargo,rustc
2026-10-08T05:29:33.7955088+09:00 cpu=100 busy=
2026-10-08T05:29:43.8285845+09:00 cpu=100 busy=
2026-10-08T05:29:53.8666520+09:00 cpu=100 busy=cargo
2026-10-08T05:30:03.8987706+09:00 cpu=100 busy=
2026-10-08T05:30:13.9465722+09:00 cpu=100 busy=
2026-10-08T05:30:23.9989216+09:00 cpu=100 busy=
2026-10-08T05:30:34.0410550+09:00 cpu=92 busy=
2026-10-08T05:30:44.0765738+09:00 cpu=100 busy=
2026-10-08T05:30:54.1082672+09:00 cpu=100 busy=
2026-10-08T05:31:04.1362184+09:00 cpu=100 busy=
2026-10-08T05:31:14.1743989+09:00 cpu=100 busy=
2026-10-08T05:31:24.2125544+09:00 cpu=100 busy=
2026-10-08T05:31:34.2505264+09:00 cpu=100 busy=
2026-10-08T05:31:44.2751006+09:00 cpu=100 busy=
2026-10-08T05:31:54.3270317+09:00 cpu=94 busy=
2026-10-08T05:32:04.3587993+09:00 cpu=91 busy=
2026-10-08T05:32:14.3869224+09:00 cpu=100 busy=
2026-10-08T05:32:24.4230667+09:00 cpu=100 busy=
2026-10-08T05:32:34.4658646+09:00 cpu=100 busy=
2026-10-08T05:32:44.4943578+09:00 cpu=100 busy=
2026-10-08T05:32:54.5308076+09:00 cpu=100 busy=
2026-10-08T05:33:04.5803179+09:00 cpu=100 busy=
2026-10-08T05:33:14.6202492+09:00 cpu=100 busy=
2026-10-08T05:33:24.6518325+09:00 cpu=100 busy=
2026-10-08T05:33:34.6890259+09:00 cpu=11 busy=
2026-10-08T05:33:44.7205486+09:00 cpu=24 busy=
2026-10-08T05:33:54.7516710+09:00 cpu=10 busy=
2026-10-08T05:34:04.7831611+09:00 cpu=17 busy=
2026-10-08T05:34:14.8021670+09:00 cpu=16 busy=
2026-10-08T05:34:24.8239622+09:00 cpu=38 busy=
2026-10-08T05:34:34.8575357+09:00 cpu=24 busy=
2026-10-08T05:34:44.8821457+09:00 cpu=22 busy=
2026-10-08T05:34:54.9112919+09:00 cpu=14 busy=
2026-10-08T05:35:04.9587658+09:00 cpu=24 busy=
2026-10-08T05:35:14.9889926+09:00 cpu=70 busy=
2026-10-08T05:35:25.0272997+09:00 cpu=96 busy=
2026-10-08T05:35:35.2489404+09:00 cpu=92 busy=
2026-10-08T05:35:45.4521042+09:00 cpu=95 busy=
2026-10-08T05:35:55.6667024+09:00 cpu=96 busy=
2026-10-08T05:36:05.7094261+09:00 cpu=95 busy=cargo,rustc
2026-10-08T05:36:15.7670492+09:00 cpu=92 busy=cargo,rustc
2026-10-08T05:36:25.8279885+09:00 cpu=95 busy=cargo,rustc
2026-10-08T05:36:35.9048663+09:00 cpu=95 busy=cargo,rustc
2026-10-08T05:36:46.0706071+09:00 cpu=97 busy=cargo,rustc
2026-10-08T05:36:56.3188532+09:00 cpu=95 busy=cargo,cargo,rustc
2026-10-08T05:37:06.5839926+09:00 cpu=93 busy=cargo,rustc
2026-10-08T05:37:16.8246596+09:00 cpu=94 busy=cargo,cargo,rustc,rustc,rustc
2026-10-08T05:37:26.9228929+09:00 cpu=93 busy=cargo,rustc,rustc
2026-10-08T05:37:37.0190897+09:00 cpu=95 busy=cargo,link,link,rustc,rustc
2026-10-08T05:37:47.3348211+09:00 cpu=92 busy=cargo,link,link,rustc,rustc
2026-10-08T05:37:57.7084940+09:00 cpu=97 busy=cargo,cargo,link,rustc,rustc,rustc
2026-10-08T05:38:08.1203507+09:00 cpu=95 busy=cargo,cargo,link,rustc
2026-10-08T05:38:18.5111726+09:00 cpu=96 busy=cargo
2026-10-08T05:38:28.8304092+09:00 cpu=94 busy=
2026-10-08T05:38:39.0112663+09:00 cpu=98 busy=
2026-10-08T05:38:49.0833220+09:00 cpu=92 busy=
2026-10-08T05:38:59.2708716+09:00 cpu=97 busy=
2026-10-08T05:39:09.4265471+09:00 cpu=96 busy=cargo,cargo
2026-10-08T05:39:19.7809702+09:00 cpu=92 busy=
2026-10-08T05:39:30.1832711+09:00 cpu=95 busy=cargo,cargo
2026-10-08T05:39:40.2204912+09:00 cpu=32 busy=cargo,rustc,rustc
2026-10-08T05:39:50.2727004+09:00 cpu=41 busy=cargo,link,rustc,rustc
2026-10-08T05:40:00.2928225+09:00 cpu=42 busy=cargo
2026-10-08T05:40:10.3439646+09:00 cpu=50 busy=cargo
2026-10-08T05:40:20.3788557+09:00 cpu=67 busy=cargo
2026-10-08T05:40:30.4156519+09:00 cpu=44 busy=cargo
2026-10-08T05:40:40.4393215+09:00 cpu=30 busy=
2026-10-08T05:40:50.4674007+09:00 cpu=24 busy=
2026-10-08T05:41:00.4935733+09:00 cpu=22 busy=
2026-10-08T05:41:12.4619201+09:00 cpu=94 busy=
2026-10-08T05:41:23.5825012+09:00 cpu=100 busy=
2026-10-08T05:41:34.5711015+09:00 cpu=100 busy=
2026-10-08T05:41:45.8545219+09:00 cpu=100 busy=
2026-10-08T05:41:57.0992650+09:00 cpu=100 busy=cargo
2026-10-08T05:42:08.3263920+09:00 cpu=100 busy=cargo
2026-10-08T05:42:19.4880370+09:00 cpu=100 busy=cargo,cargo
2026-10-08T05:42:29.6008856+09:00 cpu=95 busy=cargo
2026-10-08T05:42:39.7140368+09:00 cpu=91 busy=cargo,rustc
2026-10-08T05:42:49.9851746+09:00 cpu=93 busy=cargo,cargo,cargo,link,rustc
2026-10-08T05:43:00.0364002+09:00 cpu=90 busy=cargo,cargo,cargo,rustc
2026-10-08T05:43:10.1536957+09:00 cpu=93 busy=cargo,cargo,cargo,rustc
2026-10-08T05:43:20.3145819+09:00 cpu=92 busy=cargo,cargo,cargo,rustc
2026-10-08T05:43:30.3924529+09:00 cpu=94 busy=cargo,cargo,cargo,link,rustc
2026-10-08T05:43:40.5633067+09:00 cpu=95 busy=cargo
2026-10-08T05:43:50.6152386+09:00 cpu=90 busy=cargo
2026-10-08T05:44:00.7929191+09:00 cpu=88 busy=
2026-10-08T05:44:10.8561604+09:00 cpu=91 busy=
2026-10-08T05:44:20.9910923+09:00 cpu=90 busy=
2026-10-08T05:44:31.2368851+09:00 cpu=89 busy=
2026-10-08T05:44:41.3008905+09:00 cpu=91 busy=
2026-10-08T05:44:51.3785121+09:00 cpu=87 busy=
2026-10-08T05:45:01.4195273+09:00 cpu=89 busy=
2026-10-08T05:45:11.4959057+09:00 cpu=89 busy=
2026-10-08T05:45:21.6654162+09:00 cpu=93 busy=
2026-10-08T05:45:31.7741444+09:00 cpu=92 busy=
2026-10-08T05:45:43.3628300+09:00 cpu=85 busy=
2026-10-08T05:45:54.3657866+09:00 cpu=100 busy=
2026-10-08T05:46:05.5233088+09:00 cpu=100 busy=
2026-10-08T05:46:16.8758940+09:00 cpu=100 busy=
2026-10-08T05:46:28.9639026+09:00 cpu=100 busy=
2026-10-08T05:46:40.0918194+09:00 cpu=100 busy=
2026-10-08T05:46:50.3448240+09:00 cpu=85 busy=
2026-10-08T05:47:00.4088118+09:00 cpu=93 busy=
2026-10-08T05:47:10.5031472+09:00 cpu=87 busy=
2026-10-08T05:47:20.6495249+09:00 cpu=88 busy=
2026-10-08T05:47:30.7018177+09:00 cpu=86 busy=
2026-10-08T05:47:40.8265745+09:00 cpu=86 busy=
2026-10-08T05:47:50.9096347+09:00 cpu=90 busy=
2026-10-08T05:48:01.0153181+09:00 cpu=88 busy=
2026-10-08T05:48:11.1133494+09:00 cpu=88 busy=
2026-10-08T05:48:21.1979811+09:00 cpu=88 busy=
2026-10-08T05:48:31.2774279+09:00 cpu=88 busy=
2026-10-08T05:48:41.4828891+09:00 cpu=88 busy=
2026-10-08T05:48:51.5243041+09:00 cpu=88 busy=
2026-10-08T05:49:01.5740558+09:00 cpu=86 busy=cargo,rustc
2026-10-08T05:49:11.6625696+09:00 cpu=91 busy=cargo,rustc
2026-10-08T05:49:21.7933664+09:00 cpu=90 busy=cargo,rustc
2026-10-08T05:49:33.3665458+09:00 cpu=92 busy=cargo,rustc
2026-10-08T05:49:44.6132552+09:00 cpu=100 busy=cargo,rustc
2026-10-08T05:49:56.9748243+09:00 cpu=100 busy=cargo,rustc
2026-10-08T05:50:08.3312624+09:00 cpu=100 busy=cargo,rustc
2026-10-08T05:50:19.4261435+09:00 cpu=100 busy=
2026-10-08T05:50:30.3483253+09:00 cpu=100 busy=
2026-10-08T05:50:40.4949752+09:00 cpu=89 busy=
2026-10-08T05:50:50.6735581+09:00 cpu=88 busy=
2026-10-08T05:51:00.8099618+09:00 cpu=84 busy=
2026-10-08T05:51:10.8986700+09:00 cpu=91 busy=cargo,cargo
2026-10-08T05:51:21.1164689+09:00 cpu=90 busy=cargo,rustc
2026-10-08T05:51:31.1903495+09:00 cpu=91 busy=cargo,rustc
2026-10-08T05:51:41.3577279+09:00 cpu=87 busy=
2026-10-08T05:51:51.4664524+09:00 cpu=86 busy=
2026-10-08T05:52:01.5470678+09:00 cpu=89 busy=
2026-10-08T05:52:11.5798006+09:00 cpu=87 busy=
2026-10-08T05:52:21.6635823+09:00 cpu=85 busy=
2026-10-08T05:52:31.8727187+09:00 cpu=87 busy=
2026-10-08T05:52:42.0061810+09:00 cpu=91 busy=
2026-10-08T05:52:52.0410214+09:00 cpu=87 busy=
2026-10-08T05:53:02.2035246+09:00 cpu=86 busy=
2026-10-08T05:53:12.3219770+09:00 cpu=87 busy=
2026-10-08T05:53:22.6129048+09:00 cpu=100 busy=
2026-10-08T05:53:33.3129326+09:00 cpu=100 busy=
2026-10-08T05:53:43.8449707+09:00 cpu=100 busy=
2026-10-08T05:53:54.9412293+09:00 cpu=100 busy=
2026-10-08T05:54:05.9382566+09:00 cpu=100 busy=
2026-10-08T05:54:17.8280109+09:00 cpu=100 busy=
2026-10-08T05:54:27.9156322+09:00 cpu=86 busy=
2026-10-08T05:54:38.0559839+09:00 cpu=90 busy=
2026-10-08T05:54:48.1224246+09:00 cpu=84 busy=
2026-10-08T05:54:58.3553276+09:00 cpu=89 busy=
2026-10-08T05:55:08.5583047+09:00 cpu=85 busy=
2026-10-08T05:55:18.6396780+09:00 cpu=89 busy=
2026-10-08T05:55:28.6913705+09:00 cpu=85 busy=
2026-10-08T05:55:38.8903468+09:00 cpu=85 busy=
2026-10-08T05:55:49.0180477+09:00 cpu=89 busy=
2026-10-08T05:55:59.1943006+09:00 cpu=87 busy=
2026-10-08T05:56:09.3213767+09:00 cpu=86 busy=
2026-10-08T05:56:19.3786033+09:00 cpu=86 busy=
2026-10-08T05:56:29.5270775+09:00 cpu=86 busy=
2026-10-08T05:56:39.5695098+09:00 cpu=88 busy=
2026-10-08T05:56:49.7353974+09:00 cpu=86 busy=
2026-10-08T05:57:00.7214652+09:00 cpu=91 busy=
2026-10-08T05:57:12.7399227+09:00 cpu=100 busy=
2026-10-08T05:57:23.7084276+09:00 cpu=100 busy=
2026-10-08T05:57:34.5155754+09:00 cpu=100 busy=
2026-10-08T05:57:45.5285915+09:00 cpu=100 busy=
2026-10-08T05:57:56.5453358+09:00 cpu=100 busy=cargo
2026-10-08T05:58:06.5969856+09:00 cpu=87 busy=cargo,rustc
2026-10-08T05:58:16.7481899+09:00 cpu=89 busy=cargo,rustc
2026-10-08T05:58:26.7978294+09:00 cpu=86 busy=cargo,rustc
2026-10-08T05:58:36.9947029+09:00 cpu=87 busy=cargo,rustc
2026-10-08T05:58:47.0912010+09:00 cpu=89 busy=cargo,rustc
2026-10-08T05:58:57.2037099+09:00 cpu=91 busy=cargo,rustc
2026-10-08T05:59:07.2987488+09:00 cpu=90 busy=cargo,rustc
2026-10-08T05:59:17.3759156+09:00 cpu=85 busy=cargo,link,rustc
2026-10-08T05:59:27.5745167+09:00 cpu=85 busy=
2026-10-08T05:59:37.6975086+09:00 cpu=85 busy=
2026-10-08T05:59:47.8851061+09:00 cpu=86 busy=
2026-10-08T05:59:57.9715151+09:00 cpu=89 busy=
2026-10-08T06:00:08.1187832+09:00 cpu=86 busy=
2026-10-08T06:00:18.2211041+09:00 cpu=86 busy=
2026-10-08T06:00:28.5892214+09:00 cpu=79 busy=
2026-10-08T06:00:39.6057300+09:00 cpu=100 busy=
2026-10-08T06:00:50.5013677+09:00 cpu=100 busy=cargo
2026-10-08T06:01:01.8469516+09:00 cpu=100 busy=cargo,cargo
2026-10-08T06:01:12.7945400+09:00 cpu=100 busy=
2026-10-08T06:01:23.8071770+09:00 cpu=100 busy=
2026-10-08T06:01:33.8548424+09:00 cpu=17 busy=
2026-10-08T06:01:43.8816311+09:00 cpu=15 busy=
2026-10-08T06:01:53.9089230+09:00 cpu=19 busy=
2026-10-08T06:02:03.9401544+09:00 cpu=19 busy=
2026-10-08T06:02:13.9776631+09:00 cpu=21 busy=cargo,rustc
2026-10-08T06:02:24.0210201+09:00 cpu=37 busy=cargo,cargo,cargo,rustc,rustc,rustc
2026-10-08T06:02:34.0524962+09:00 cpu=41 busy=cargo,cargo,cargo,rustc,rustc,rustc
2026-10-08T06:02:44.0801442+09:00 cpu=43 busy=cargo,cargo,cargo,rustc
2026-10-08T06:02:54.1058009+09:00 cpu=25 busy=cargo,rustc,rustc
2026-10-08T06:03:04.1429976+09:00 cpu=27 busy=cargo,rustc
2026-10-08T06:03:14.1674382+09:00 cpu=25 busy=cargo,rustc,rustc
2026-10-08T06:03:24.1901333+09:00 cpu=36 busy=cargo,rustc,rustc
2026-10-08T06:03:34.2366504+09:00 cpu=26 busy=cargo,rustc,rustc
2026-10-08T06:03:44.2703002+09:00 cpu=26 busy=cargo,rustc,rustc
2026-10-08T06:03:54.3072100+09:00 cpu=27 busy=cargo,rustc,rustc
2026-10-08T06:04:04.3536096+09:00 cpu=30 busy=cargo,link,rustc,rustc
2026-10-08T06:04:14.3911659+09:00 cpu=36 busy=cargo,rustc,rustc
2026-10-08T06:04:24.4166716+09:00 cpu=41 busy=cargo
2026-10-08T06:04:34.4365651+09:00 cpu=27 busy=cargo
2026-10-08T06:04:44.5062945+09:00 cpu=59 busy=cargo
2026-10-08T06:04:54.5247764+09:00 cpu=28 busy=cargo
2026-10-08T06:05:04.8388331+09:00 cpu=96 busy=cargo,cargo,rustc,rustc
2026-10-08T06:05:15.9239383+09:00 cpu=100 busy=cargo,cargo,rustc,rustc
2026-10-08T06:05:27.4593403+09:00 cpu=100 busy=cargo,cargo,rustc,rustc
2026-10-08T06:05:38.5958831+09:00 cpu=100 busy=cargo,cargo,link,link,rustc,rustc
2026-10-08T06:05:51.7900660+09:00 cpu=100 busy=cargo,cargo,link,rustc,rustc
2026-10-08T06:06:03.3186897+09:00 cpu=100 busy=cargo,cargo,link,link,rustc,rustc
2026-10-08T06:06:14.5909332+09:00 cpu=100 busy=cargo,cargo,rustc
2026-10-08T06:06:24.8919451+09:00 cpu=100 busy=cargo,cargo
2026-10-08T06:06:35.1910221+09:00 cpu=99 busy=cargo,cargo
2026-10-08T06:06:45.9975143+09:00 cpu=98 busy=cargo,cargo
2026-10-08T06:06:56.0760444+09:00 cpu=100 busy=cargo,cargo
2026-10-08T06:07:07.0318702+09:00 cpu=100 busy=cargo,cargo
2026-10-08T06:07:17.9892938+09:00 cpu=100 busy=cargo,cargo
2026-10-08T06:07:28.3530639+09:00 cpu=100 busy=cargo,cargo
2026-10-08T06:07:38.6634260+09:00 cpu=99 busy=cargo,cargo
2026-10-08T06:07:48.9996366+09:00 cpu=98 busy=cargo,cargo
2026-10-08T06:07:59.1958606+09:00 cpu=100 busy=cargo,cargo
2026-10-08T06:08:09.5108462+09:00 cpu=98 busy=cargo,cargo
2026-10-08T06:08:20.0788752+09:00 cpu=98 busy=cargo,cargo
2026-10-08T06:08:30.7564881+09:00 cpu=100 busy=cargo
2026-10-08T06:08:41.0713702+09:00 cpu=99 busy=cargo
2026-10-08T06:08:51.4805842+09:00 cpu=100 busy=cargo
2026-10-08T06:09:01.7536413+09:00 cpu=100 busy=cargo
2026-10-08T06:09:12.5652002+09:00 cpu=98 busy=cargo
2026-10-08T06:09:23.1966694+09:00 cpu=98 busy=cargo
2026-10-08T06:09:35.0747211+09:00 cpu=100 busy=cargo
2026-10-08T06:09:45.5630797+09:00 cpu=100 busy=cargo
2026-10-08T06:09:56.0776894+09:00 cpu=97 busy=cargo
2026-10-08T06:10:06.2459941+09:00 cpu=99 busy=cargo
2026-10-08T06:10:16.8599797+09:00 cpu=98 busy=cargo
2026-10-08T06:10:27.4596886+09:00 cpu=97 busy=cargo
2026-10-08T06:10:37.8475272+09:00 cpu=96 busy=cargo
2026-10-08T06:10:48.6375623+09:00 cpu=96 busy=
2026-10-08T06:10:59.2211222+09:00 cpu=96 busy=
2026-10-08T06:11:10.3102251+09:00 cpu=100 busy=
2026-10-08T06:11:21.3761337+09:00 cpu=100 busy=
2026-10-08T06:11:33.4901115+09:00 cpu=100 busy=
2026-10-08T06:11:44.6126890+09:00 cpu=100 busy=
2026-10-08T06:11:56.4564823+09:00 cpu=100 busy=
2026-10-08T06:12:07.0185254+09:00 cpu=93 busy=
2026-10-08T06:12:17.3016976+09:00 cpu=97 busy=
2026-10-08T06:12:27.5425733+09:00 cpu=99 busy=
2026-10-08T06:12:38.0718577+09:00 cpu=96 busy=
2026-10-08T06:12:48.3614481+09:00 cpu=95 busy=
2026-10-08T06:12:58.7233452+09:00 cpu=98 busy=
2026-10-08T06:13:09.4274674+09:00 cpu=95 busy=
2026-10-08T06:13:19.5184718+09:00 cpu=99 busy=
2026-10-08T06:13:30.0888273+09:00 cpu=96 busy=
2026-10-08T06:13:40.3949222+09:00 cpu=94 busy=
2026-10-08T06:13:50.5586430+09:00 cpu=95 busy=
2026-10-08T06:14:01.0557312+09:00 cpu=97 busy=
2026-10-08T06:14:11.3922991+09:00 cpu=97 busy=
2026-10-08T06:14:21.9387867+09:00 cpu=95 busy=
2026-10-08T06:14:32.1403836+09:00 cpu=96 busy=
2026-10-08T06:14:42.6204276+09:00 cpu=97 busy=
2026-10-08T06:14:53.0399638+09:00 cpu=97 busy=
2026-10-08T06:15:03.3506881+09:00 cpu=98 busy=
2026-10-08T06:15:13.8438912+09:00 cpu=97 busy=
2026-10-08T06:15:24.2718494+09:00 cpu=94 busy=
2026-10-08T06:15:34.6682629+09:00 cpu=98 busy=
2026-10-08T06:15:44.9936550+09:00 cpu=98 busy=
2026-10-08T06:15:55.6084613+09:00 cpu=97 busy=
2026-10-08T06:16:06.2150718+09:00 cpu=97 busy=
2026-10-08T06:16:17.2815408+09:00 cpu=100 busy=
2026-10-08T06:16:28.5271775+09:00 cpu=100 busy=
2026-10-08T06:16:39.5819621+09:00 cpu=100 busy=
2026-10-08T06:16:50.6853077+09:00 cpu=100 busy=
2026-10-08T06:17:01.2750087+09:00 cpu=100 busy=
2026-10-08T06:17:11.6631255+09:00 cpu=98 busy=
2026-10-08T06:17:22.0863863+09:00 cpu=99 busy=
2026-10-08T06:17:32.5824783+09:00 cpu=98 busy=
2026-10-08T06:17:42.9668517+09:00 cpu=94 busy=
2026-10-08T06:17:53.7282531+09:00 cpu=97 busy=
2026-10-08T06:18:04.5940070+09:00 cpu=98 busy=
2026-10-08T06:18:15.0661665+09:00 cpu=97 busy=
2026-10-08T06:18:25.3450838+09:00 cpu=98 busy=
2026-10-08T06:18:35.6997376+09:00 cpu=96 busy=
2026-10-08T06:18:46.1358203+09:00 cpu=97 busy=
2026-10-08T06:18:56.8286804+09:00 cpu=96 busy=
2026-10-08T06:19:07.3407190+09:00 cpu=95 busy=
2026-10-08T06:19:17.8083943+09:00 cpu=96 busy=
2026-10-08T06:19:28.1323326+09:00 cpu=97 busy=
2026-10-08T06:19:38.5617331+09:00 cpu=98 busy=
2026-10-08T06:19:49.0440570+09:00 cpu=95 busy=
2026-10-08T06:19:59.9668736+09:00 cpu=97 busy=
2026-10-08T06:20:10.6958174+09:00 cpu=98 busy=
2026-10-08T06:20:21.3659568+09:00 cpu=95 busy=
2026-10-08T06:20:32.0867743+09:00 cpu=96 busy=
2026-10-08T06:20:42.7056152+09:00 cpu=97 busy=
2026-10-08T06:20:53.3522160+09:00 cpu=95 busy=
2026-10-08T06:21:04.3513120+09:00 cpu=95 busy=
2026-10-08T06:21:14.6538490+09:00 cpu=92 busy=
2026-10-08T06:21:25.5731709+09:00 cpu=100 busy=
2026-10-08T06:21:36.6746015+09:00 cpu=100 busy=
2026-10-08T06:21:47.8044951+09:00 cpu=100 busy=
2026-10-08T06:21:58.9765168+09:00 cpu=100 busy=
2026-10-08T06:22:09.0650176+09:00 cpu=72 busy=
2026-10-08T06:22:19.4378902+09:00 cpu=99 busy=
2026-10-08T06:22:30.3239059+09:00 cpu=95 busy=
2026-10-08T06:22:40.5229957+09:00 cpu=98 busy=
2026-10-08T06:22:51.4251455+09:00 cpu=96 busy=
2026-10-08T06:23:02.3538021+09:00 cpu=95 busy=
2026-10-08T06:23:12.7241386+09:00 cpu=98 busy=
2026-10-08T06:23:23.7401731+09:00 cpu=95 busy=
2026-10-08T06:23:34.5144456+09:00 cpu=96 busy=
2026-10-08T06:23:45.0621613+09:00 cpu=95 busy=
2026-10-08T06:23:55.5077963+09:00 cpu=99 busy=
2026-10-08T06:24:06.3144443+09:00 cpu=97 busy=
2026-10-08T06:24:16.9913742+09:00 cpu=96 busy=
2026-10-08T06:24:27.9149814+09:00 cpu=96 busy=
2026-10-08T06:24:38.5464465+09:00 cpu=97 busy=
2026-10-08T06:24:49.7183021+09:00 cpu=95 busy=
2026-10-08T06:25:00.4227061+09:00 cpu=97 busy=
2026-10-08T06:25:11.2761900+09:00 cpu=94 busy=
2026-10-08T06:25:22.5303997+09:00 cpu=98 busy=
2026-10-08T06:25:33.0682067+09:00 cpu=100 busy=
2026-10-08T06:25:43.8418158+09:00 cpu=97 busy=
2026-10-08T06:25:54.4382082+09:00 cpu=97 busy=
2026-10-08T06:26:05.2825827+09:00 cpu=96 busy=
2026-10-08T06:26:16.4515950+09:00 cpu=100 busy=
2026-10-08T06:26:27.5612753+09:00 cpu=100 busy=
2026-10-08T06:26:38.5601698+09:00 cpu=100 busy=
2026-10-08T06:26:49.7336180+09:00 cpu=100 busy=
2026-10-08T06:27:00.5769645+09:00 cpu=100 busy=
2026-10-08T06:27:10.7718727+09:00 cpu=95 busy=
2026-10-08T06:27:21.1944678+09:00 cpu=97 busy=
2026-10-08T06:27:32.0569709+09:00 cpu=96 busy=
2026-10-08T06:27:42.5362315+09:00 cpu=97 busy=
2026-10-08T06:27:53.0619466+09:00 cpu=95 busy=
2026-10-08T06:28:03.4424713+09:00 cpu=95 busy=
2026-10-08T06:28:13.7698692+09:00 cpu=95 busy=
2026-10-08T06:28:24.2577354+09:00 cpu=96 busy=
2026-10-08T06:28:34.7684439+09:00 cpu=98 busy=
2026-10-08T06:28:45.8119995+09:00 cpu=95 busy=
2026-10-08T06:28:56.2085904+09:00 cpu=98 busy=
2026-10-08T06:29:06.9818417+09:00 cpu=97 busy=
2026-10-08T06:29:17.3103308+09:00 cpu=97 busy=
2026-10-08T06:29:27.8335028+09:00 cpu=96 busy=
2026-10-08T06:29:38.1600946+09:00 cpu=95 busy=
2026-10-08T06:29:48.7255700+09:00 cpu=97 busy=
2026-10-08T06:29:59.6118814+09:00 cpu=97 busy=
2026-10-08T06:30:10.1737409+09:00 cpu=97 busy=
2026-10-08T06:30:20.8344124+09:00 cpu=96 busy=
2026-10-08T06:30:31.2302575+09:00 cpu=97 busy=
2026-10-08T06:30:41.7373109+09:00 cpu=96 busy=
2026-10-08T06:30:52.1726160+09:00 cpu=92 busy=
2026-10-08T06:31:03.2408606+09:00 cpu=100 busy=
2026-10-08T06:31:14.0105965+09:00 cpu=100 busy=
2026-10-08T06:31:25.1126913+09:00 cpu=100 busy=
2026-10-08T06:31:35.4382590+09:00 cpu=100 busy=
2026-10-08T06:31:46.0806214+09:00 cpu=100 busy=
2026-10-08T06:31:56.7858924+09:00 cpu=94 busy=
2026-10-08T06:32:07.2120178+09:00 cpu=98 busy=
2026-10-08T06:32:17.8392460+09:00 cpu=98 busy=
2026-10-08T06:32:36.6167517+09:00 cpu=100 busy=
2026-10-08T06:32:47.6711935+09:00 cpu=100 busy=
2026-10-08T06:32:58.2300182+09:00 cpu=99 busy=
2026-10-08T06:33:08.7586096+09:00 cpu=100 busy=
2026-10-08T06:33:19.8124258+09:00 cpu=99 busy=
2026-10-08T06:33:30.5813911+09:00 cpu=94 busy=
2026-10-08T06:33:41.0140529+09:00 cpu=95 busy=
2026-10-08T06:33:51.7296126+09:00 cpu=97 busy=
2026-10-08T06:34:02.2967999+09:00 cpu=98 busy=
2026-10-08T06:34:12.6539033+09:00 cpu=94 busy=
2026-10-08T06:34:23.3752643+09:00 cpu=97 busy=
2026-10-08T06:34:33.5303716+09:00 cpu=97 busy=
2026-10-08T06:34:44.0613233+09:00 cpu=96 busy=
2026-10-08T06:34:54.5022761+09:00 cpu=94 busy=
2026-10-08T06:35:05.2271521+09:00 cpu=96 busy=
2026-10-08T06:35:15.8880534+09:00 cpu=96 busy=
2026-10-08T06:35:26.5718644+09:00 cpu=95 busy=
2026-10-08T06:35:37.2740979+09:00 cpu=100 busy=
2026-10-08T06:35:47.7108147+09:00 cpu=97 busy=
2026-10-08T06:35:58.3500446+09:00 cpu=94 busy=
2026-10-08T06:36:09.3733477+09:00 cpu=100 busy=
2026-10-08T06:36:19.6888606+09:00 cpu=100 busy=
2026-10-08T06:36:30.0561924+09:00 cpu=100 busy=
2026-10-08T06:36:41.0733689+09:00 cpu=100 busy=
2026-10-08T06:36:52.0439458+09:00 cpu=100 busy=
2026-10-08T06:37:02.4848538+09:00 cpu=99 busy=
2026-10-08T06:37:12.7379294+09:00 cpu=97 busy=
2026-10-08T06:37:23.8281601+09:00 cpu=97 busy=
2026-10-08T06:37:34.4380832+09:00 cpu=96 busy=
2026-10-08T06:37:44.9545445+09:00 cpu=94 busy=
2026-10-08T06:37:55.9127596+09:00 cpu=95 busy=
2026-10-08T06:38:06.5747411+09:00 cpu=96 busy=
2026-10-08T06:38:17.0908533+09:00 cpu=95 busy=
2026-10-08T06:38:27.6545441+09:00 cpu=96 busy=
2026-10-08T06:38:38.1611549+09:00 cpu=94 busy=
2026-10-08T06:38:48.5620558+09:00 cpu=100 busy=
2026-10-08T06:38:58.9049129+09:00 cpu=94 busy=
2026-10-08T06:39:09.2884495+09:00 cpu=96 busy=
2026-10-08T06:39:19.8981375+09:00 cpu=98 busy=
2026-10-08T06:39:30.0486029+09:00 cpu=96 busy=
2026-10-08T06:39:40.4194333+09:00 cpu=98 busy=
2026-10-08T06:39:50.9232416+09:00 cpu=94 busy=
2026-10-08T06:40:01.3946162+09:00 cpu=96 busy=
2026-10-08T06:40:11.5794330+09:00 cpu=98 busy=
2026-10-08T06:40:22.3340984+09:00 cpu=97 busy=
2026-10-08T06:40:33.3037180+09:00 cpu=97 busy=
2026-10-08T06:40:43.7594577+09:00 cpu=96 busy=
2026-10-08T06:40:54.6830895+09:00 cpu=92 busy=
2026-10-08T06:41:05.6515248+09:00 cpu=100 busy=
2026-10-08T06:41:16.7940782+09:00 cpu=100 busy=
2026-10-08T06:41:27.6547873+09:00 cpu=100 busy=
2026-10-08T06:41:38.7197827+09:00 cpu=100 busy=
2026-10-08T06:41:49.8303489+09:00 cpu=100 busy=
2026-10-08T06:42:00.7595372+09:00 cpu=96 busy=
2026-10-08T06:42:11.1369321+09:00 cpu=97 busy=
2026-10-08T06:42:21.5076499+09:00 cpu=97 busy=
2026-10-08T06:42:32.7056810+09:00 cpu=98 busy=cargo,cargo
2026-10-08T06:42:43.3930997+09:00 cpu=97 busy=cargo,cargo
2026-10-08T06:42:54.8535660+09:00 cpu=99 busy=cargo,rustc,rustc
2026-10-08T06:43:04.9874121+09:00 cpu=97 busy=cargo,rustc,rustc
2026-10-08T06:43:15.1700723+09:00 cpu=99 busy=cargo,link,rustc,rustc
2026-10-08T06:43:25.2842417+09:00 cpu=99 busy=cargo,link,rustc,rustc
2026-10-08T06:43:35.7720355+09:00 cpu=99 busy=cargo,link,rustc,rustc
2026-10-08T06:43:46.3557542+09:00 cpu=98 busy=cargo,rustc,rustc
2026-10-08T06:43:56.7858534+09:00 cpu=98 busy=cargo,rustc,rustc
2026-10-08T06:44:07.7000270+09:00 cpu=95 busy=cargo
2026-10-08T06:44:17.8335079+09:00 cpu=96 busy=cargo
2026-10-08T06:44:28.8551876+09:00 cpu=98 busy=cargo
2026-10-08T06:44:39.4328234+09:00 cpu=98 busy=cargo
2026-10-08T06:44:49.6042556+09:00 cpu=96 busy=cargo
2026-10-08T06:45:00.2445677+09:00 cpu=98 busy=cargo
2026-10-08T06:45:10.4715283+09:00 cpu=97 busy=cargo
2026-10-08T06:45:21.7406046+09:00 cpu=95 busy=cargo
2026-10-08T06:45:32.1465791+09:00 cpu=97 busy=cargo
2026-10-08T06:45:43.4541921+09:00 cpu=97 busy=cargo
2026-10-08T06:45:53.9532794+09:00 cpu=98 busy=cargo
2026-10-08T06:46:05.7445013+09:00 cpu=100 busy=cargo
2026-10-08T06:46:16.7306130+09:00 cpu=100 busy=cargo
2026-10-08T06:46:29.5475793+09:00 cpu=100 busy=cargo
2026-10-08T06:46:40.8347997+09:00 cpu=100 busy=cargo
2026-10-08T06:46:52.0235209+09:00 cpu=100 busy=cargo
2026-10-08T06:47:02.1041868+09:00 cpu=95 busy=cargo
2026-10-08T06:47:12.5077683+09:00 cpu=99 busy=cargo
2026-10-08T06:47:23.3715945+09:00 cpu=100 busy=cargo
2026-10-08T06:47:33.8842388+09:00 cpu=100 busy=cargo
2026-10-08T06:47:44.2583278+09:00 cpu=98 busy=cargo
2026-10-08T06:47:54.6477337+09:00 cpu=98 busy=cargo
2026-10-08T06:48:05.0374274+09:00 cpu=97 busy=cargo
2026-10-08T06:48:15.5841412+09:00 cpu=98 busy=cargo
2026-10-08T06:48:25.9798251+09:00 cpu=98 busy=cargo
2026-10-08T06:48:36.9782440+09:00 cpu=97 busy=cargo
2026-10-08T06:48:47.6450064+09:00 cpu=97 busy=cargo
2026-10-08T06:48:58.5768507+09:00 cpu=95 busy=cargo
2026-10-08T06:49:09.3068016+09:00 cpu=97 busy=cargo
2026-10-08T06:49:20.0732377+09:00 cpu=97 busy=cargo
2026-10-08T06:49:30.4248746+09:00 cpu=98 busy=cargo
2026-10-08T06:49:40.7453367+09:00 cpu=99 busy=cargo
2026-10-08T06:49:51.2761968+09:00 cpu=97 busy=cargo
2026-10-08T06:50:03.3675732+09:00 cpu=100 busy=cargo
2026-10-08T06:50:13.8829492+09:00 cpu=99 busy=cargo
2026-10-08T06:50:24.3066494+09:00 cpu=95 busy=cargo
2026-10-08T06:50:35.4196894+09:00 cpu=97 busy=cargo
2026-10-08T06:50:45.5756816+09:00 cpu=96 busy=cargo
2026-10-08T06:50:56.4312114+09:00 cpu=97 busy=cargo
2026-10-08T06:51:06.5612687+09:00 cpu=97 busy=cargo
2026-10-08T06:51:18.0545620+09:00 cpu=100 busy=cargo,rustc
2026-10-08T06:51:28.8924134+09:00 cpu=100 busy=cargo,rustc,rustc
2026-10-08T06:51:40.2140160+09:00 cpu=100 busy=cargo,rustc,rustc
2026-10-08T06:51:50.8682036+09:00 cpu=100 busy=cargo,rustc
2026-10-08T06:52:01.9013751+09:00 cpu=100 busy=cargo,rustc
2026-10-08T06:52:14.5838081+09:00 cpu=100 busy=cargo,rustc
2026-10-08T06:52:24.9624892+09:00 cpu=98 busy=cargo,rustc
2026-10-08T06:52:35.6276517+09:00 cpu=98 busy=cargo,rustc
2026-10-08T06:52:45.7499242+09:00 cpu=97 busy=cargo,rustc
2026-10-08T06:52:56.0739098+09:00 cpu=97 busy=cargo,rustc
2026-10-08T06:53:06.4638597+09:00 cpu=96 busy=cargo,rustc
2026-10-08T06:53:17.4890215+09:00 cpu=96 busy=cargo,rustc
2026-10-08T06:53:28.0252242+09:00 cpu=95 busy=cargo,rustc
2026-10-08T06:53:38.8365047+09:00 cpu=97 busy=cargo,rustc
2026-10-08T06:53:49.4054406+09:00 cpu=96 busy=cargo,rustc
2026-10-08T06:53:59.8339060+09:00 cpu=96 busy=cargo,rustc
2026-10-08T06:54:10.4344878+09:00 cpu=97 busy=cargo,rustc
2026-10-08T06:54:21.0919940+09:00 cpu=98 busy=cargo,rustc
2026-10-08T06:54:31.5980184+09:00 cpu=99 busy=
2026-10-08T06:54:42.3379267+09:00 cpu=100 busy=
2026-10-08T06:54:52.8579624+09:00 cpu=97 busy=
2026-10-08T06:55:03.3620122+09:00 cpu=98 busy=
2026-10-08T06:55:14.0103041+09:00 cpu=98 busy=
2026-10-08T06:55:25.0526944+09:00 cpu=98 busy=
2026-10-08T06:55:35.8983777+09:00 cpu=96 busy=
2026-10-08T06:55:46.2339064+09:00 cpu=99 busy=
2026-10-08T06:55:57.1590262+09:00 cpu=98 busy=
2026-10-08T06:56:07.6421751+09:00 cpu=97 busy=
2026-10-08T06:56:18.7849272+09:00 cpu=100 busy=
2026-10-08T06:56:30.6895661+09:00 cpu=100 busy=
2026-10-08T06:56:41.4638733+09:00 cpu=100 busy=
2026-10-08T06:56:52.4798049+09:00 cpu=100 busy=
2026-10-08T06:57:03.7123877+09:00 cpu=100 busy=
2026-10-08T06:57:15.3193661+09:00 cpu=100 busy=
2026-10-08T06:57:25.3965518+09:00 cpu=25 busy=
2026-10-08T06:57:35.4264603+09:00 cpu=21 busy=
2026-10-08T06:57:45.4554615+09:00 cpu=40 busy=
2026-10-08T06:57:55.4847587+09:00 cpu=41 busy=
2026-10-08T06:58:05.5237760+09:00 cpu=48 busy=
2026-10-08T06:58:15.5445095+09:00 cpu=45 busy=
2026-10-08T06:58:25.5781743+09:00 cpu=46 busy=
2026-10-08T06:58:35.6051802+09:00 cpu=38 busy=
2026-10-08T06:58:45.6365087+09:00 cpu=19 busy=
2026-10-08T06:58:55.6849350+09:00 cpu=29 busy=
2026-10-08T06:59:05.7136852+09:00 cpu=22 busy=
2026-10-08T06:59:15.7384022+09:00 cpu=16 busy=
2026-10-08T06:59:25.7694441+09:00 cpu=23 busy=
2026-10-08T06:59:35.8088473+09:00 cpu=24 busy=
2026-10-08T06:59:45.8409778+09:00 cpu=20 busy=
2026-10-08T06:59:55.8720276+09:00 cpu=39 busy=
2026-10-08T07:00:05.9121896+09:00 cpu=49 busy=
2026-10-08T07:00:15.9458945+09:00 cpu=37 busy=
2026-10-08T07:00:25.9744956+09:00 cpu=39 busy=
2026-10-08T07:00:36.0021400+09:00 cpu=42 busy=
2026-10-08T07:00:46.0428788+09:00 cpu=41 busy=
2026-10-08T07:00:56.0718477+09:00 cpu=41 busy=
2026-10-08T07:01:06.1191048+09:00 cpu=22 busy=
2026-10-08T07:01:16.1573435+09:00 cpu=20 busy=
2026-10-08T07:01:26.1891435+09:00 cpu=19 busy=
2026-10-08T07:01:36.2208392+09:00 cpu=21 busy=
2026-10-08T07:01:46.2583329+09:00 cpu=15 busy=
2026-10-08T07:01:56.2829656+09:00 cpu=15 busy=
2026-10-08T07:02:06.3077239+09:00 cpu=18 busy=
2026-10-08T07:02:16.3375783+09:00 cpu=36 busy=
2026-10-08T07:02:26.3796642+09:00 cpu=44 busy=cargo,rustc
2026-10-08T07:02:36.4074058+09:00 cpu=45 busy=cargo,rustc
2026-10-08T07:02:46.4451355+09:00 cpu=28 busy=cargo,rustc
2026-10-08T07:02:56.4843354+09:00 cpu=23 busy=cargo,rustc
2026-10-08T07:03:06.5164527+09:00 cpu=20 busy=cargo,rustc
2026-10-08T07:03:16.5371208+09:00 cpu=25 busy=cargo,rustc
2026-10-08T07:03:26.5742893+09:00 cpu=32 busy=cargo,rustc
2026-10-08T07:03:36.6166715+09:00 cpu=20 busy=cargo,rustc
2026-10-08T07:03:46.6452840+09:00 cpu=22 busy=
2026-10-08T07:03:56.6798207+09:00 cpu=14 busy=
2026-10-08T07:04:06.7086943+09:00 cpu=11 busy=
2026-10-08T07:04:16.7293766+09:00 cpu=12 busy=
2026-10-08T07:04:26.7524084+09:00 cpu=16 busy=
2026-10-08T07:04:36.7773167+09:00 cpu=11 busy=
2026-10-08T07:04:46.8094896+09:00 cpu=15 busy=
2026-10-08T07:04:56.8333588+09:00 cpu=20 busy=
2026-10-08T07:05:06.8736730+09:00 cpu=13 busy=
2026-10-08T07:05:16.8973390+09:00 cpu=14 busy=
2026-10-08T07:05:26.9178198+09:00 cpu=13 busy=
2026-10-08T07:05:36.9434681+09:00 cpu=16 busy=
2026-10-08T07:05:46.9875316+09:00 cpu=22 busy=
2026-10-08T07:05:57.0155532+09:00 cpu=18 busy=
2026-10-08T07:06:07.0488086+09:00 cpu=24 busy=cargo,rustc
2026-10-08T07:06:17.0800526+09:00 cpu=38 busy=cargo,link,rustc
2026-10-08T07:06:27.1133509+09:00 cpu=32 busy=cargo,rustc
2026-10-08T07:06:37.1428853+09:00 cpu=20 busy=cargo,rustc
2026-10-08T07:06:48.4069588+09:00 cpu=100 busy=cargo
2026-10-08T07:06:58.5300966+09:00 cpu=90 busy=cargo
2026-10-08T07:07:08.5745269+09:00 cpu=27 busy=cargo
2026-10-08T07:07:18.5990490+09:00 cpu=36 busy=cargo
2026-10-08T07:07:28.6320505+09:00 cpu=7 busy=
2026-10-08T07:07:38.6627303+09:00 cpu=25 busy=
2026-10-08T07:07:48.6920099+09:00 cpu=25 busy=
2026-10-08T07:07:58.7352393+09:00 cpu=22 busy=
2026-10-08T07:08:08.7841720+09:00 cpu=24 busy=
2026-10-08T07:08:18.8084076+09:00 cpu=22 busy=
2026-10-08T07:08:28.8593698+09:00 cpu=79 busy=
2026-10-08T07:08:39.0982266+09:00 cpu=51 busy=
2026-10-08T07:08:50.3612089+09:00 cpu=100 busy=
2026-10-08T07:09:01.2863719+09:00 cpu=100 busy=
2026-10-08T07:09:12.3847157+09:00 cpu=100 busy=
2026-10-08T07:09:23.4931868+09:00 cpu=100 busy=
2026-10-08T07:09:33.8277422+09:00 cpu=100 busy=
2026-10-08T07:09:44.7596668+09:00 cpu=98 busy=
2026-10-08T07:09:54.9747901+09:00 cpu=94 busy=
2026-10-08T07:10:05.1824519+09:00 cpu=92 busy=
2026-10-08T07:10:16.6881661+09:00 cpu=100 busy=
2026-10-08T07:10:27.5119861+09:00 cpu=100 busy=
2026-10-08T07:10:38.9617560+09:00 cpu=100 busy=
2026-10-08T07:10:50.0641179+09:00 cpu=100 busy=
2026-10-08T07:11:01.4315147+09:00 cpu=100 busy=
2026-10-08T07:11:12.0409712+09:00 cpu=81 busy=
2026-10-08T07:11:22.4289101+09:00 cpu=100 busy=
2026-10-08T07:11:33.5577209+09:00 cpu=100 busy=
2026-10-08T07:11:44.6822486+09:00 cpu=100 busy=
2026-10-08T07:11:55.6561589+09:00 cpu=100 busy=
2026-10-08T07:12:06.7891752+09:00 cpu=100 busy=
2026-10-08T07:12:17.5733065+09:00 cpu=99 busy=
2026-10-08T07:12:27.6445814+09:00 cpu=32 busy=
2026-10-08T07:12:37.6828120+09:00 cpu=15 busy=
2026-10-08T07:12:47.7165977+09:00 cpu=13 busy=
2026-10-08T07:12:57.7495797+09:00 cpu=18 busy=
2026-10-08T07:13:07.7766257+09:00 cpu=8 busy=
2026-10-08T07:13:17.8032876+09:00 cpu=15 busy=
2026-10-08T07:13:27.8332493+09:00 cpu=28 busy=
2026-10-08T07:13:37.8971360+09:00 cpu=79 busy=
2026-10-08T07:13:48.4131782+09:00 cpu=27 busy=
2026-10-08T07:13:59.3559448+09:00 cpu=100 busy=
2026-10-08T07:14:11.5144190+09:00 cpu=100 busy=
2026-10-08T07:14:22.3017151+09:00 cpu=100 busy=
2026-10-08T07:14:33.4498258+09:00 cpu=100 busy=
2026-10-08T07:14:44.5359737+09:00 cpu=100 busy=
2026-10-08T07:14:55.1327224+09:00 cpu=83 busy=
2026-10-08T07:15:05.1992578+09:00 cpu=93 busy=
2026-10-08T07:15:16.5427809+09:00 cpu=100 busy=
2026-10-08T07:15:28.7047630+09:00 cpu=100 busy=
2026-10-08T07:15:40.3856758+09:00 cpu=100 busy=
2026-10-08T07:15:51.2265295+09:00 cpu=100 busy=
2026-10-08T07:16:02.3055322+09:00 cpu=100 busy=
2026-10-08T07:16:12.6759651+09:00 cpu=100 busy=
2026-10-08T07:16:23.3212525+09:00 cpu=89 busy=
2026-10-08T07:16:34.4228157+09:00 cpu=100 busy=
2026-10-08T07:16:44.6386081+09:00 cpu=100 busy=
2026-10-08T07:16:56.1141288+09:00 cpu=100 busy=
2026-10-08T07:17:08.3807545+09:00 cpu=100 busy=
2026-10-08T07:17:19.9452023+09:00 cpu=100 busy=
2026-10-08T07:17:30.1890686+09:00 cpu=91 busy=
2026-10-08T07:17:40.4718972+09:00 cpu=91 busy=
2026-10-08T07:17:50.8589802+09:00 cpu=92 busy=
2026-10-08T07:18:02.1640758+09:00 cpu=100 busy=
2026-10-08T07:18:13.1325682+09:00 cpu=100 busy=
2026-10-08T07:18:23.4738246+09:00 cpu=100 busy=
2026-10-08T07:18:34.5535994+09:00 cpu=100 busy=
2026-10-08T07:18:45.6168049+09:00 cpu=100 busy=
2026-10-08T07:18:55.6762433+09:00 cpu=18 busy=
2026-10-08T07:19:05.7100401+09:00 cpu=14 busy=
2026-10-08T07:19:15.7374876+09:00 cpu=26 busy=
2026-10-08T07:19:25.7629995+09:00 cpu=14 busy=
2026-10-08T07:19:35.7871343+09:00 cpu=18 busy=
2026-10-08T07:19:45.8139205+09:00 cpu=14 busy=
2026-10-08T07:19:55.8465279+09:00 cpu=12 busy=
2026-10-08T07:20:05.8764443+09:00 cpu=15 busy=
2026-10-08T07:20:15.9098891+09:00 cpu=85 busy=
2026-10-08T07:20:25.9478564+09:00 cpu=77 busy=
2026-10-08T07:20:35.9792628+09:00 cpu=78 busy=
2026-10-08T07:20:46.0133204+09:00 cpu=83 busy=
2026-10-08T07:20:56.0585941+09:00 cpu=82 busy=
2026-10-08T07:21:06.0918336+09:00 cpu=84 busy=
2026-10-08T07:21:16.1276805+09:00 cpu=85 busy=
2026-10-08T07:21:26.1658513+09:00 cpu=81 busy=
2026-10-08T07:21:36.1940464+09:00 cpu=81 busy=
2026-10-08T07:21:46.2288454+09:00 cpu=83 busy=
2026-10-08T07:21:56.2587730+09:00 cpu=14 busy=
2026-10-08T07:22:06.2922367+09:00 cpu=13 busy=
2026-10-08T07:22:16.3221725+09:00 cpu=16 busy=
2026-10-08T07:22:26.3458730+09:00 cpu=15 busy=
2026-10-08T07:22:36.3675547+09:00 cpu=21 busy=
2026-10-08T07:22:46.4088416+09:00 cpu=25 busy=
2026-10-08T07:22:56.4505916+09:00 cpu=25 busy=
2026-10-08T07:23:06.4761910+09:00 cpu=33 busy=
2026-10-08T07:23:16.5024263+09:00 cpu=59 busy=
2026-10-08T07:23:26.5515298+09:00 cpu=72 busy=
2026-10-08T07:23:36.5964478+09:00 cpu=72 busy=
2026-10-08T07:23:46.6187960+09:00 cpu=100 busy=
2026-10-08T07:23:56.6620402+09:00 cpu=100 busy=
2026-10-08T07:24:06.6945343+09:00 cpu=12 busy=
2026-10-08T07:24:16.7189061+09:00 cpu=16 busy=
2026-10-08T07:24:26.7552119+09:00 cpu=21 busy=
2026-10-08T07:24:36.7846364+09:00 cpu=19 busy=
2026-10-08T07:24:46.8083120+09:00 cpu=14 busy=
2026-10-08T07:24:56.8396461+09:00 cpu=13 busy=
2026-10-08T07:25:06.8569546+09:00 cpu=14 busy=
2026-10-08T07:25:16.9109882+09:00 cpu=20 busy=
2026-10-08T07:25:26.9352484+09:00 cpu=14 busy=
2026-10-08T07:25:36.9642337+09:00 cpu=17 busy=
2026-10-08T07:25:47.0067543+09:00 cpu=13 busy=
2026-10-08T07:25:57.0467053+09:00 cpu=14 busy=
2026-10-08T07:26:07.0686480+09:00 cpu=13 busy=
2026-10-08T07:26:17.0988444+09:00 cpu=19 busy=
2026-10-08T07:26:27.1320819+09:00 cpu=16 busy=
2026-10-08T07:26:37.1675395+09:00 cpu=13 busy=
2026-10-08T07:26:47.1965920+09:00 cpu=15 busy=
2026-10-08T07:26:57.2378928+09:00 cpu=20 busy=
2026-10-08T07:27:07.2686515+09:00 cpu=16 busy=
2026-10-08T07:27:17.3003513+09:00 cpu=18 busy=
2026-10-08T07:27:27.3311956+09:00 cpu=15 busy=
2026-10-08T07:27:37.3607259+09:00 cpu=17 busy=
2026-10-08T07:27:47.3871582+09:00 cpu=13 busy=
2026-10-08T07:27:57.4208240+09:00 cpu=13 busy=
2026-10-08T07:28:07.4654820+09:00 cpu=14 busy=
2026-10-08T07:28:17.4915462+09:00 cpu=12 busy=
2026-10-08T07:28:27.5228783+09:00 cpu=18 busy=
2026-10-08T07:28:37.5505376+09:00 cpu=16 busy=
2026-10-08T07:28:47.5732542+09:00 cpu=15 busy=
2026-10-08T07:28:57.5984110+09:00 cpu=21 busy=
2026-10-08T07:29:07.6247412+09:00 cpu=15 busy=
2026-10-08T07:29:17.6515186+09:00 cpu=15 busy=
2026-10-08T07:29:27.6886151+09:00 cpu=14 busy=
2026-10-08T07:29:37.7095393+09:00 cpu=18 busy=
2026-10-08T07:29:47.7471457+09:00 cpu=11 busy=
2026-10-08T07:29:57.7857099+09:00 cpu=24 busy=
2026-10-08T07:30:07.8123737+09:00 cpu=25 busy=
2026-10-08T07:30:17.8365280+09:00 cpu=12 busy=
2026-10-08T07:30:27.8668753+09:00 cpu=12 busy=
2026-10-08T07:30:37.8940732+09:00 cpu=25 busy=
2026-10-08T07:30:47.9157545+09:00 cpu=24 busy=
2026-10-08T07:30:57.9522766+09:00 cpu=16 busy=
2026-10-08T07:31:07.9848322+09:00 cpu=28 busy=
2026-10-08T07:31:18.0079349+09:00 cpu=15 busy=
2026-10-08T07:31:28.0380338+09:00 cpu=14 busy=
2026-10-08T07:31:38.0682356+09:00 cpu=20 busy=
2026-10-08T07:31:48.0981777+09:00 cpu=19 busy=
2026-10-08T07:31:58.1391393+09:00 cpu=24 busy=
2026-10-08T07:32:08.1745782+09:00 cpu=20 busy=
2026-10-08T07:32:18.1999712+09:00 cpu=20 busy=
2026-10-08T07:32:28.2337068+09:00 cpu=14 busy=
2026-10-08T07:32:38.2805817+09:00 cpu=18 busy=
2026-10-08T07:32:48.3102264+09:00 cpu=27 busy=cargo,rustc,rustc
2026-10-08T07:32:58.3339939+09:00 cpu=35 busy=cargo,rustc,rustc
2026-10-08T07:33:08.3699352+09:00 cpu=26 busy=cargo,rustc,rustc
2026-10-08T07:33:18.4099094+09:00 cpu=29 busy=cargo,rustc,rustc
2026-10-08T07:33:28.4285384+09:00 cpu=23 busy=cargo
2026-10-08T07:33:38.4625035+09:00 cpu=24 busy=cargo
2026-10-08T07:33:48.4919934+09:00 cpu=25 busy=cargo
2026-10-08T07:33:58.5209910+09:00 cpu=26 busy=cargo
2026-10-08T07:34:08.5549535+09:00 cpu=21 busy=cargo
2026-10-08T07:34:18.5847815+09:00 cpu=56 busy=cargo
2026-10-08T07:34:28.6141504+09:00 cpu=40 busy=cargo
2026-10-08T07:34:38.6434315+09:00 cpu=36 busy=cargo
2026-10-08T07:34:48.6771111+09:00 cpu=41 busy=cargo
2026-10-08T07:34:58.7144504+09:00 cpu=23 busy=cargo
2026-10-08T07:35:08.7701438+09:00 cpu=28 busy=cargo
2026-10-08T07:35:18.7955248+09:00 cpu=45 busy=cargo
2026-10-08T07:35:28.8330894+09:00 cpu=48 busy=cargo
2026-10-08T07:35:38.8756948+09:00 cpu=84 busy=cargo
2026-10-08T07:35:48.9057152+09:00 cpu=35 busy=cargo
2026-10-08T07:35:58.9370321+09:00 cpu=100 busy=cargo
2026-10-08T07:36:08.9742172+09:00 cpu=100 busy=
2026-10-08T07:36:19.0057181+09:00 cpu=100 busy=
2026-10-08T07:36:29.0521002+09:00 cpu=100 busy=
2026-10-08T07:36:39.0818400+09:00 cpu=100 busy=
2026-10-08T07:36:49.1132505+09:00 cpu=100 busy=
2026-10-08T07:36:59.1572357+09:00 cpu=100 busy=
2026-10-08T07:37:09.1866271+09:00 cpu=100 busy=
2026-10-08T07:37:19.2409951+09:00 cpu=100 busy=
2026-10-08T07:37:29.2771630+09:00 cpu=100 busy=
2026-10-08T07:37:39.3064837+09:00 cpu=72 busy=
2026-10-08T07:37:49.3533286+09:00 cpu=100 busy=
2026-10-08T07:37:59.3842749+09:00 cpu=100 busy=
2026-10-08T07:38:09.4290722+09:00 cpu=100 busy=
2026-10-08T07:38:19.4772192+09:00 cpu=100 busy=
2026-10-08T07:38:29.5224513+09:00 cpu=100 busy=
2026-10-08T07:38:39.5680272+09:00 cpu=97 busy=
2026-10-08T07:38:49.5993193+09:00 cpu=96 busy=
2026-10-08T07:38:59.6297718+09:00 cpu=97 busy=
2026-10-08T07:39:09.6660914+09:00 cpu=94 busy=
2026-10-08T07:39:19.6987626+09:00 cpu=96 busy=
2026-10-08T07:39:29.7362339+09:00 cpu=97 busy=
2026-10-08T07:39:39.7679878+09:00 cpu=98 busy=
2026-10-08T07:39:49.7955485+09:00 cpu=94 busy=
2026-10-08T07:39:59.8443188+09:00 cpu=94 busy=
2026-10-08T07:40:09.9042079+09:00 cpu=95 busy=
2026-10-08T07:40:19.9441287+09:00 cpu=90 busy=
2026-10-08T07:40:29.9784726+09:00 cpu=95 busy=
2026-10-08T07:40:40.0325275+09:00 cpu=97 busy=
2026-10-08T07:40:50.0740234+09:00 cpu=96 busy=
2026-10-08T07:41:00.1088090+09:00 cpu=90 busy=
2026-10-08T07:41:10.1474515+09:00 cpu=93 busy=
2026-10-08T07:41:20.1737811+09:00 cpu=93 busy=
2026-10-08T07:41:30.2118440+09:00 cpu=95 busy=
2026-10-08T07:41:40.2453658+09:00 cpu=92 busy=
2026-10-08T07:41:50.2771415+09:00 cpu=89 busy=
2026-10-08T07:42:00.3133498+09:00 cpu=97 busy=
2026-10-08T07:42:10.3530842+09:00 cpu=91 busy=
2026-10-08T07:42:20.3849599+09:00 cpu=91 busy=
2026-10-08T07:42:30.4286444+09:00 cpu=97 busy=
2026-10-08T07:42:40.4709933+09:00 cpu=94 busy=
2026-10-08T07:42:50.5000506+09:00 cpu=90 busy=
2026-10-08T07:43:00.5520393+09:00 cpu=97 busy=
2026-10-08T07:43:10.5867963+09:00 cpu=95 busy=
2026-10-08T07:43:20.6226553+09:00 cpu=97 busy=
2026-10-08T07:43:30.6787857+09:00 cpu=95 busy=
2026-10-08T07:43:40.7344949+09:00 cpu=97 busy=
2026-10-08T07:43:50.7673108+09:00 cpu=93 busy=
2026-10-08T07:44:00.8101870+09:00 cpu=96 busy=
2026-10-08T07:44:10.8531208+09:00 cpu=95 busy=
2026-10-08T07:44:20.8964023+09:00 cpu=92 busy=
2026-10-08T07:44:30.9254833+09:00 cpu=93 busy=
2026-10-08T07:44:40.9644953+09:00 cpu=94 busy=
2026-10-08T07:44:51.0078571+09:00 cpu=92 busy=
2026-10-08T07:45:01.0429463+09:00 cpu=97 busy=
2026-10-08T07:45:11.0714438+09:00 cpu=93 busy=
2026-10-08T07:45:21.1054043+09:00 cpu=91 busy=
2026-10-08T07:45:31.1401561+09:00 cpu=91 busy=
2026-10-08T07:45:41.1796874+09:00 cpu=94 busy=
2026-10-08T07:45:51.2223332+09:00 cpu=91 busy=
2026-10-08T07:46:01.2617262+09:00 cpu=97 busy=
2026-10-08T07:46:11.3118788+09:00 cpu=94 busy=
2026-10-08T07:46:21.3449302+09:00 cpu=96 busy=
2026-10-08T07:46:31.4004457+09:00 cpu=95 busy=
2026-10-08T07:46:41.4405579+09:00 cpu=97 busy=
2026-10-08T07:46:51.4766930+09:00 cpu=93 busy=
2026-10-08T07:47:01.5123730+09:00 cpu=97 busy=
2026-10-08T07:47:11.5445424+09:00 cpu=95 busy=
2026-10-08T07:47:21.5775907+09:00 cpu=92 busy=
2026-10-08T07:47:31.6152183+09:00 cpu=95 busy=
2026-10-08T07:47:41.6564202+09:00 cpu=97 busy=
2026-10-08T07:47:51.6866064+09:00 cpu=96 busy=
2026-10-08T07:48:01.7288360+09:00 cpu=96 busy=
2026-10-08T07:48:11.7585480+09:00 cpu=94 busy=
2026-10-08T07:48:21.7939921+09:00 cpu=90 busy=
2026-10-08T07:48:31.8325652+09:00 cpu=95 busy=
2026-10-08T07:48:41.8760431+09:00 cpu=95 busy=
2026-10-08T07:48:51.9193170+09:00 cpu=95 busy=
2026-10-08T07:49:01.9513758+09:00 cpu=94 busy=
2026-10-08T07:49:11.9980385+09:00 cpu=97 busy=
2026-10-08T07:49:22.0434732+09:00 cpu=94 busy=
2026-10-08T07:49:32.0728654+09:00 cpu=95 busy=
2026-10-08T07:49:42.1136187+09:00 cpu=94 busy=
2026-10-08T07:49:52.1472655+09:00 cpu=89 busy=
2026-10-08T07:50:02.1854784+09:00 cpu=94 busy=
2026-10-08T07:50:12.2355091+09:00 cpu=97 busy=
2026-10-08T07:50:22.2633201+09:00 cpu=90 busy=
2026-10-08T07:50:32.3042822+09:00 cpu=89 busy=
2026-10-08T07:50:42.3527970+09:00 cpu=95 busy=
2026-10-08T07:50:52.3962367+09:00 cpu=97 busy=
2026-10-08T07:51:02.4482534+09:00 cpu=98 busy=
2026-10-08T07:51:12.4987348+09:00 cpu=92 busy=
2026-10-08T07:51:22.5468264+09:00 cpu=95 busy=
2026-10-08T07:51:32.5861001+09:00 cpu=94 busy=
2026-10-08T07:51:42.6404203+09:00 cpu=93 busy=
2026-10-08T07:51:52.6691889+09:00 cpu=94 busy=
2026-10-08T07:52:02.6983457+09:00 cpu=91 busy=
2026-10-08T07:52:12.7358913+09:00 cpu=95 busy=
2026-10-08T07:52:22.7668882+09:00 cpu=89 busy=
2026-10-08T07:52:32.7944037+09:00 cpu=95 busy=
2026-10-08T07:52:42.8445389+09:00 cpu=89 busy=
2026-10-08T07:52:52.8945740+09:00 cpu=93 busy=
2026-10-08T07:53:02.9406818+09:00 cpu=97 busy=
2026-10-08T07:53:12.9923295+09:00 cpu=93 busy=
2026-10-08T07:53:23.0245974+09:00 cpu=95 busy=
2026-10-08T07:53:33.0493725+09:00 cpu=90 busy=
2026-10-08T07:53:43.0884179+09:00 cpu=94 busy=
2026-10-08T07:53:53.1312602+09:00 cpu=95 busy=
2026-10-08T07:54:03.1780906+09:00 cpu=93 busy=
2026-10-08T07:54:13.2298230+09:00 cpu=97 busy=
2026-10-08T07:54:23.2638864+09:00 cpu=92 busy=
2026-10-08T07:54:33.3023937+09:00 cpu=97 busy=
2026-10-08T07:54:43.3365308+09:00 cpu=93 busy=
2026-10-08T07:54:53.3635907+09:00 cpu=93 busy=
2026-10-08T07:55:03.3944977+09:00 cpu=94 busy=
2026-10-08T07:55:13.4392005+09:00 cpu=94 busy=
2026-10-08T07:55:23.4694845+09:00 cpu=93 busy=
2026-10-08T07:55:33.5029469+09:00 cpu=96 busy=
2026-10-08T07:55:43.5371767+09:00 cpu=93 busy=
2026-10-08T07:55:53.5812924+09:00 cpu=94 busy=
2026-10-08T07:56:03.6131341+09:00 cpu=94 busy=
2026-10-08T07:56:13.6562219+09:00 cpu=92 busy=
2026-10-08T07:56:23.6931100+09:00 cpu=94 busy=
2026-10-08T07:56:33.7269203+09:00 cpu=90 busy=
2026-10-08T07:56:43.7562053+09:00 cpu=95 busy=
2026-10-08T07:56:53.7918742+09:00 cpu=93 busy=
2026-10-08T07:57:03.8317266+09:00 cpu=94 busy=
2026-10-08T07:57:13.8764438+09:00 cpu=93 busy=
2026-10-08T07:57:23.9184804+09:00 cpu=96 busy=
2026-10-08T07:57:33.9617916+09:00 cpu=92 busy=
2026-10-08T07:57:44.0120246+09:00 cpu=92 busy=
2026-10-08T07:57:54.0530250+09:00 cpu=90 busy=
2026-10-08T07:58:04.1007493+09:00 cpu=93 busy=
2026-10-08T07:58:14.1269468+09:00 cpu=96 busy=
2026-10-08T07:58:24.1515864+09:00 cpu=98 busy=
2026-10-08T07:58:34.1956255+09:00 cpu=94 busy=
2026-10-08T07:58:44.2344382+09:00 cpu=89 busy=
2026-10-08T07:58:54.2624297+09:00 cpu=94 busy=
2026-10-08T07:59:04.2962578+09:00 cpu=93 busy=
2026-10-08T07:59:14.3350418+09:00 cpu=94 busy=
2026-10-08T07:59:24.3686833+09:00 cpu=89 busy=
2026-10-08T07:59:34.4006553+09:00 cpu=94 busy=
2026-10-08T07:59:44.4519230+09:00 cpu=94 busy=
2026-10-08T07:59:54.4981221+09:00 cpu=97 busy=
2026-10-08T08:00:04.5407928+09:00 cpu=97 busy=
2026-10-08T08:00:14.5837593+09:00 cpu=95 busy=
2026-10-08T08:00:24.6177146+09:00 cpu=91 busy=
2026-10-08T08:00:34.6545623+09:00 cpu=94 busy=
2026-10-08T08:00:44.6908490+09:00 cpu=91 busy=
2026-10-08T08:00:54.7199959+09:00 cpu=96 busy=
2026-10-08T08:01:04.7540440+09:00 cpu=95 busy=
2026-10-08T08:01:14.8084694+09:00 cpu=94 busy=
2026-10-08T08:01:24.8463489+09:00 cpu=94 busy=
2026-10-08T08:01:34.8741628+09:00 cpu=97 busy=
2026-10-08T08:01:44.9031288+09:00 cpu=96 busy=
2026-10-08T08:01:54.9371666+09:00 cpu=92 busy=
2026-10-08T08:02:04.9825214+09:00 cpu=96 busy=
2026-10-08T08:02:15.0295593+09:00 cpu=94 busy=
2026-10-08T08:02:25.0630293+09:00 cpu=93 busy=
2026-10-08T08:02:35.0930673+09:00 cpu=87 busy=
2026-10-08T08:02:45.1354182+09:00 cpu=90 busy=
2026-10-08T08:02:55.1692133+09:00 cpu=95 busy=
2026-10-08T08:03:05.2143235+09:00 cpu=92 busy=
2026-10-08T08:03:15.2552170+09:00 cpu=96 busy=
2026-10-08T08:03:25.2917664+09:00 cpu=94 busy=
2026-10-08T08:03:35.3370376+09:00 cpu=92 busy=
2026-10-08T08:03:45.3864526+09:00 cpu=96 busy=
2026-10-08T08:03:55.4139397+09:00 cpu=98 busy=
2026-10-08T08:04:05.4495601+09:00 cpu=97 busy=
2026-10-08T08:04:15.4850558+09:00 cpu=95 busy=
2026-10-08T08:04:25.5230283+09:00 cpu=93 busy=
2026-10-08T08:04:35.5523116+09:00 cpu=93 busy=
2026-10-08T08:04:45.5875132+09:00 cpu=95 busy=
2026-10-08T08:04:55.6445235+09:00 cpu=93 busy=
2026-10-08T08:05:05.6869833+09:00 cpu=92 busy=
2026-10-08T08:05:15.7255946+09:00 cpu=92 busy=
2026-10-08T08:05:25.7594392+09:00 cpu=95 busy=
2026-10-08T08:05:35.7878962+09:00 cpu=97 busy=
2026-10-08T08:05:45.8232411+09:00 cpu=93 busy=
2026-10-08T08:05:55.8647095+09:00 cpu=96 busy=
2026-10-08T08:06:05.8971474+09:00 cpu=91 busy=
2026-10-08T08:06:15.9308438+09:00 cpu=94 busy=
2026-10-08T08:06:25.9717413+09:00 cpu=96 busy=
2026-10-08T08:06:36.0167370+09:00 cpu=94 busy=
2026-10-08T08:06:46.0491903+09:00 cpu=93 busy=
2026-10-08T08:06:56.0772036+09:00 cpu=93 busy=
2026-10-08T08:07:06.1149331+09:00 cpu=97 busy=
2026-10-08T08:07:16.1718101+09:00 cpu=95 busy=
2026-10-08T08:07:26.2221340+09:00 cpu=94 busy=cargo,rustc
2026-10-08T08:07:36.2590094+09:00 cpu=92 busy=cargo,rustc
2026-10-08T08:07:46.2982201+09:00 cpu=93 busy=cargo,rustc
2026-10-08T08:07:56.3400535+09:00 cpu=97 busy=cargo,rustc
2026-10-08T08:08:06.3933314+09:00 cpu=92 busy=cargo,rustc
2026-10-08T08:08:16.4473612+09:00 cpu=97 busy=cargo,rustc
2026-10-08T08:08:26.4904884+09:00 cpu=96 busy=
2026-10-08T08:08:36.5420208+09:00 cpu=98 busy=
2026-10-08T08:08:46.5824146+09:00 cpu=96 busy=
2026-10-08T08:08:56.6339715+09:00 cpu=94 busy=
2026-10-08T08:09:06.6814087+09:00 cpu=96 busy=
2026-10-08T08:09:16.7270934+09:00 cpu=94 busy=cargo,rustc
2026-10-08T08:09:26.7781820+09:00 cpu=94 busy=
2026-10-08T08:09:36.8087861+09:00 cpu=97 busy=
2026-10-08T08:09:46.8554359+09:00 cpu=97 busy=cargo,cargo
2026-10-08T08:09:56.9074534+09:00 cpu=97 busy=cargo,cargo
2026-10-08T08:10:06.9363017+09:00 cpu=93 busy=cargo,rustc
2026-10-08T08:10:16.9891844+09:00 cpu=95 busy=cargo,rustc
2026-10-08T08:10:27.0215619+09:00 cpu=95 busy=cargo,rustc
2026-10-08T08:10:37.0621805+09:00 cpu=96 busy=cargo,rustc
2026-10-08T08:10:47.0980349+09:00 cpu=98 busy=cargo,rustc
2026-10-08T08:10:57.2361565+09:00 cpu=97 busy=cargo,rustc
2026-10-08T08:11:07.2810157+09:00 cpu=96 busy=
2026-10-08T08:11:17.3265413+09:00 cpu=91 busy=
2026-10-08T08:11:27.3738960+09:00 cpu=97 busy=
2026-10-08T08:11:37.4353848+09:00 cpu=96 busy=cargo
2026-10-08T08:11:47.4748217+09:00 cpu=99 busy=cargo,rustc,rustc
2026-10-08T08:11:57.5168264+09:00 cpu=98 busy=cargo,rustc,rustc
2026-10-08T08:12:07.5641245+09:00 cpu=96 busy=cargo,link,link,rustc,rustc
2026-10-08T08:12:17.6028179+09:00 cpu=96 busy=cargo,link,link,rustc,rustc
2026-10-08T08:12:27.6344058+09:00 cpu=96 busy=cargo,rustc,rustc
2026-10-08T08:12:37.6783847+09:00 cpu=98 busy=cargo,link,rustc
2026-10-08T08:12:47.7118663+09:00 cpu=95 busy=cargo
2026-10-08T08:12:57.7508798+09:00 cpu=97 busy=cargo
2026-10-08T08:13:07.7768757+09:00 cpu=95 busy=cargo
2026-10-08T08:13:17.8119507+09:00 cpu=97 busy=cargo
2026-10-08T08:13:27.8901436+09:00 cpu=97 busy=cargo
2026-10-08T08:13:37.9257667+09:00 cpu=91 busy=cargo
2026-10-08T08:13:47.9554165+09:00 cpu=95 busy=cargo
2026-10-08T08:13:57.9993969+09:00 cpu=92 busy=cargo
2026-10-08T08:14:08.0439039+09:00 cpu=97 busy=cargo
2026-10-08T08:14:18.0837130+09:00 cpu=97 busy=cargo
2026-10-08T08:14:28.1155301+09:00 cpu=96 busy=cargo
2026-10-08T08:14:38.1491739+09:00 cpu=96 busy=cargo
2026-10-08T08:14:48.1851407+09:00 cpu=98 busy=cargo
2026-10-08T08:14:58.2424846+09:00 cpu=97 busy=cargo
2026-10-08T08:15:08.2880999+09:00 cpu=94 busy=cargo
2026-10-08T08:15:18.3507225+09:00 cpu=98 busy=cargo
2026-10-08T08:15:28.3804183+09:00 cpu=97 busy=cargo
2026-10-08T08:15:38.4293723+09:00 cpu=95 busy=cargo
2026-10-08T08:15:48.4650481+09:00 cpu=92 busy=cargo
2026-10-08T08:15:58.5026077+09:00 cpu=96 busy=cargo
2026-10-08T08:16:08.5641756+09:00 cpu=100 busy=cargo
2026-10-08T08:16:18.6177937+09:00 cpu=94 busy=cargo
2026-10-08T08:16:28.6707157+09:00 cpu=95 busy=cargo
2026-10-08T08:16:38.7005844+09:00 cpu=97 busy=cargo
2026-10-08T08:16:48.7270193+09:00 cpu=93 busy=
2026-10-08T08:16:58.7777640+09:00 cpu=95 busy=cargo,rustc
2026-10-08T08:17:08.8105505+09:00 cpu=93 busy=cargo
2026-10-08T08:17:18.8586844+09:00 cpu=98 busy=cargo,rustc
2026-10-08T08:17:28.8944864+09:00 cpu=97 busy=cargo,rustc
2026-10-08T08:17:38.9227272+09:00 cpu=95 busy=cargo,rustc
2026-10-08T08:17:48.9818950+09:00 cpu=98 busy=cargo,rustc
2026-10-08T08:17:59.0144244+09:00 cpu=96 busy=cargo,rustc
2026-10-08T08:18:09.0621982+09:00 cpu=97 busy=
2026-10-08T08:18:19.1034845+09:00 cpu=92 busy=
2026-10-08T08:18:29.1492062+09:00 cpu=96 busy=cargo,rustc
2026-10-08T08:18:39.1914283+09:00 cpu=99 busy=cargo,link,link,rustc,rustc
2026-10-08T08:18:49.2333599+09:00 cpu=95 busy=cargo,rustc,rustc
2026-10-08T08:18:59.2781826+09:00 cpu=94 busy=cargo
2026-10-08T08:19:09.3224455+09:00 cpu=96 busy=cargo
2026-10-08T08:19:19.3582526+09:00 cpu=96 busy=cargo
2026-10-08T08:19:29.6317400+09:00 cpu=93 busy=cargo
2026-10-08T08:19:39.6662278+09:00 cpu=95 busy=cargo
2026-10-08T08:19:49.7056392+09:00 cpu=94 busy=cargo
2026-10-08T08:19:59.7393629+09:00 cpu=95 busy=cargo,cargo
2026-10-08T08:20:09.7811875+09:00 cpu=92 busy=
2026-10-08T08:20:19.8158906+09:00 cpu=94 busy=
2026-10-08T08:20:29.8551636+09:00 cpu=98 busy=
2026-10-08T08:20:39.8836853+09:00 cpu=95 busy=
2026-10-08T08:20:49.9229151+09:00 cpu=95 busy=
2026-10-08T08:20:59.9528982+09:00 cpu=93 busy=cargo,rustc
2026-10-08T08:21:10.0011253+09:00 cpu=97 busy=cargo,rustc
2026-10-08T08:21:20.0299888+09:00 cpu=92 busy=cargo
2026-10-08T08:21:30.0683337+09:00 cpu=95 busy=
2026-10-08T08:21:40.1171301+09:00 cpu=88 busy=
2026-10-08T08:21:50.1681037+09:00 cpu=91 busy=
2026-10-08T08:22:00.2029719+09:00 cpu=94 busy=
2026-10-08T08:22:10.2305082+09:00 cpu=93 busy=
2026-10-08T08:22:20.2822871+09:00 cpu=94 busy=cargo,rustc
2026-10-08T08:22:30.3086388+09:00 cpu=94 busy=
2026-10-08T08:22:40.3503327+09:00 cpu=94 busy=
2026-10-08T08:22:50.3798888+09:00 cpu=95 busy=
2026-10-08T08:23:00.4232555+09:00 cpu=90 busy=cargo,rustc
2026-10-08T08:23:10.4789467+09:00 cpu=93 busy=cargo
2026-10-08T08:23:20.5256379+09:00 cpu=92 busy=
2026-10-08T08:23:30.5709943+09:00 cpu=97 busy=cargo,cargo
2026-10-08T08:23:40.6179159+09:00 cpu=95 busy=cargo,rustc
2026-10-08T08:23:50.6577095+09:00 cpu=98 busy=cargo,rustc
2026-10-08T08:24:00.6975584+09:00 cpu=95 busy=cargo,rustc
2026-10-08T08:24:10.7345183+09:00 cpu=96 busy=cargo,rustc
2026-10-08T08:24:20.7829101+09:00 cpu=95 busy=cargo,rustc
2026-10-08T08:24:30.8152394+09:00 cpu=97 busy=cargo,rustc
2026-10-08T08:24:40.8543324+09:00 cpu=96 busy=
2026-10-08T08:24:50.8946709+09:00 cpu=92 busy=
2026-10-08T08:25:00.9349867+09:00 cpu=97 busy=
2026-10-08T08:25:10.9736242+09:00 cpu=96 busy=
2026-10-08T08:25:21.0144331+09:00 cpu=97 busy=cargo,rustc,rustc
2026-10-08T08:25:31.0416183+09:00 cpu=96 busy=cargo,rustc,rustc
2026-10-08T08:25:41.0859144+09:00 cpu=99 busy=cargo,rustc,rustc
2026-10-08T08:25:51.1395230+09:00 cpu=99 busy=cargo,link,rustc
2026-10-08T08:26:01.1936277+09:00 cpu=98 busy=cargo,link,link,rustc,rustc
2026-10-08T08:26:11.2434903+09:00 cpu=98 busy=cargo,link,rustc,rustc
2026-10-08T08:26:21.2728509+09:00 cpu=97 busy=cargo,rustc,rustc
2026-10-08T08:26:31.3142707+09:00 cpu=95 busy=cargo
2026-10-08T08:26:41.3539205+09:00 cpu=94 busy=cargo
2026-10-08T08:26:51.3871092+09:00 cpu=94 busy=cargo
2026-10-08T08:27:01.4373642+09:00 cpu=97 busy=cargo
2026-10-08T08:27:11.4881933+09:00 cpu=95 busy=cargo
2026-10-08T08:27:21.5436147+09:00 cpu=95 busy=cargo
2026-10-08T08:27:31.5782671+09:00 cpu=95 busy=cargo
2026-10-08T08:27:41.6146587+09:00 cpu=93 busy=cargo
2026-10-08T08:27:51.6563062+09:00 cpu=94 busy=cargo
2026-10-08T08:28:01.6897315+09:00 cpu=93 busy=cargo
2026-10-08T08:28:11.7304298+09:00 cpu=97 busy=cargo
2026-10-08T08:28:21.7933962+09:00 cpu=98 busy=cargo
2026-10-08T08:28:31.8643132+09:00 cpu=96 busy=cargo
2026-10-08T08:28:41.9181199+09:00 cpu=98 busy=cargo
2026-10-08T08:28:51.9508025+09:00 cpu=97 busy=cargo
2026-10-08T08:29:01.9907456+09:00 cpu=94 busy=cargo
2026-10-08T08:29:12.0264504+09:00 cpu=93 busy=cargo
2026-10-08T08:29:22.0647180+09:00 cpu=97 busy=cargo
2026-10-08T08:29:32.0970801+09:00 cpu=97 busy=cargo
2026-10-08T08:29:42.1370466+09:00 cpu=97 busy=cargo
2026-10-08T08:29:52.1937420+09:00 cpu=98 busy=cargo
2026-10-08T08:30:03.4233551+09:00 cpu=100 busy=cargo
2026-10-08T08:30:13.4814868+09:00 cpu=95 busy=cargo
2026-10-08T08:30:23.5323303+09:00 cpu=97 busy=cargo
2026-10-08T08:30:33.5672522+09:00 cpu=95 busy=cargo
2026-10-08T08:30:43.5998608+09:00 cpu=92 busy=
2026-10-08T08:30:53.6510372+09:00 cpu=94 busy=
2026-10-08T08:31:03.6876771+09:00 cpu=97 busy=
2026-10-08T08:31:13.7211394+09:00 cpu=94 busy=
2026-10-08T08:31:23.7583191+09:00 cpu=91 busy=
2026-10-08T08:31:33.7995867+09:00 cpu=96 busy=
2026-10-08T08:31:43.8567610+09:00 cpu=93 busy=cargo,rustc,rustc
2026-10-08T08:31:53.8994729+09:00 cpu=91 busy=cargo,rustc,rustc
2026-10-08T08:32:03.9395875+09:00 cpu=96 busy=cargo,rustc,rustc
2026-10-08T08:32:13.9793513+09:00 cpu=96 busy=
2026-10-08T08:32:24.0179375+09:00 cpu=93 busy=
2026-10-08T08:32:34.0497544+09:00 cpu=94 busy=
2026-10-08T08:33:13.1347538+09:00 cpu=100 busy=
2026-10-08T08:33:23.2102335+09:00 cpu=100 busy=
2026-10-08T08:33:33.2558689+09:00 cpu=96 busy=
2026-10-08T08:33:43.3073190+09:00 cpu=96 busy=cargo,cargo
2026-10-08T08:33:53.3526465+09:00 cpu=94 busy=
2026-10-08T08:34:03.3874707+09:00 cpu=92 busy=
2026-10-08T08:34:13.4369946+09:00 cpu=97 busy=
2026-10-08T08:34:23.4700404+09:00 cpu=96 busy=
2026-10-08T08:34:33.5055804+09:00 cpu=93 busy=
2026-10-08T08:34:43.5378063+09:00 cpu=96 busy=
2026-10-08T08:34:53.5813598+09:00 cpu=93 busy=
2026-10-08T08:35:03.6094063+09:00 cpu=92 busy=
2026-10-08T08:35:13.6614654+09:00 cpu=95 busy=
2026-10-08T08:35:23.6988935+09:00 cpu=93 busy=
2026-10-08T08:35:33.7333751+09:00 cpu=90 busy=
2026-10-08T08:35:43.7661844+09:00 cpu=91 busy=
2026-10-08T08:35:53.7946335+09:00 cpu=95 busy=
2026-10-08T08:36:03.8256957+09:00 cpu=95 busy=
2026-10-08T08:36:13.8683610+09:00 cpu=95 busy=
2026-10-08T08:36:23.9181633+09:00 cpu=93 busy=
2026-10-08T08:36:33.9559025+09:00 cpu=96 busy=
2026-10-08T08:36:43.9869568+09:00 cpu=95 busy=
2026-10-08T08:36:54.0320821+09:00 cpu=95 busy=cargo,rustc,rustc
2026-10-08T08:37:04.0880013+09:00 cpu=94 busy=cargo,rustc,rustc
2026-10-08T08:37:14.1237009+09:00 cpu=98 busy=cargo,rustc,rustc
2026-10-08T08:37:24.1693759+09:00 cpu=97 busy=cargo,link,rustc,rustc
2026-10-08T08:37:34.2055865+09:00 cpu=96 busy=cargo,link,rustc,rustc
2026-10-08T08:37:44.2447853+09:00 cpu=94 busy=cargo,rustc,rustc
2026-10-08T08:37:54.2863254+09:00 cpu=96 busy=cargo,rustc
2026-10-08T08:38:04.3227591+09:00 cpu=93 busy=cargo
2026-10-08T08:38:14.3532983+09:00 cpu=96 busy=cargo
2026-10-08T08:38:24.3984311+09:00 cpu=92 busy=cargo
2026-10-08T08:38:34.4380911+09:00 cpu=96 busy=cargo
2026-10-08T08:38:44.4769684+09:00 cpu=92 busy=cargo
2026-10-08T08:38:54.5045776+09:00 cpu=96 busy=cargo
2026-10-08T08:39:04.5449656+09:00 cpu=96 busy=cargo
2026-10-08T08:39:14.5888476+09:00 cpu=96 busy=cargo
2026-10-08T08:39:24.6158503+09:00 cpu=93 busy=cargo
2026-10-08T08:39:34.6500269+09:00 cpu=98 busy=cargo
2026-10-08T08:39:44.6840925+09:00 cpu=96 busy=cargo
2026-10-08T08:39:55.1465618+09:00 cpu=98 busy=cargo
2026-10-08T08:40:05.1897597+09:00 cpu=95 busy=cargo
2026-10-08T08:40:15.2523279+09:00 cpu=95 busy=cargo
2026-10-08T08:40:25.3151919+09:00 cpu=93 busy=cargo
2026-10-08T08:40:35.3395252+09:00 cpu=96 busy=cargo
2026-10-08T08:40:45.3867558+09:00 cpu=94 busy=cargo
2026-10-08T08:40:55.4223269+09:00 cpu=94 busy=cargo
2026-10-08T08:41:05.4523109+09:00 cpu=96 busy=cargo
2026-10-08T08:41:15.7840538+09:00 cpu=96 busy=cargo
2026-10-08T08:41:26.7207537+09:00 cpu=100 busy=cargo
2026-10-08T08:41:36.7647019+09:00 cpu=97 busy=cargo
2026-10-08T08:41:46.8111301+09:00 cpu=95 busy=cargo
2026-10-08T08:41:56.8397129+09:00 cpu=92 busy=cargo
2026-10-08T08:42:06.8831467+09:00 cpu=94 busy=cargo,rustc,rustc
2026-10-08T08:42:16.9245990+09:00 cpu=95 busy=cargo,rustc,rustc
2026-10-08T08:42:26.9696765+09:00 cpu=94 busy=cargo,rustc,rustc
2026-10-08T08:42:37.0376442+09:00 cpu=93 busy=cargo,rustc
2026-10-08T08:42:47.0621063+09:00 cpu=94 busy=cargo,rustc
2026-10-08T08:42:57.1038473+09:00 cpu=95 busy=cargo,rustc
2026-10-08T08:43:07.1497558+09:00 cpu=96 busy=cargo,rustc
2026-10-08T08:43:17.2064201+09:00 cpu=96 busy=cargo,rustc
2026-10-08T08:43:27.2431809+09:00 cpu=93 busy=cargo,rustc
2026-10-08T08:43:37.3007170+09:00 cpu=95 busy=cargo,rustc
2026-10-08T08:43:47.3298139+09:00 cpu=92 busy=cargo,rustc
2026-10-08T08:43:57.3845147+09:00 cpu=94 busy=cargo,rustc
2026-10-08T08:44:07.4325146+09:00 cpu=99 busy=cargo,rustc
2026-10-08T08:44:17.4863084+09:00 cpu=93 busy=cargo,rustc
2026-10-08T08:44:27.5231947+09:00 cpu=95 busy=
2026-10-08T08:44:37.5655141+09:00 cpu=96 busy=
2026-10-08T08:44:47.6007218+09:00 cpu=98 busy=
2026-10-08T08:44:57.6506027+09:00 cpu=97 busy=
2026-10-08T08:45:07.6920758+09:00 cpu=97 busy=
2026-10-08T08:45:17.7363355+09:00 cpu=93 busy=
2026-10-08T08:45:27.7741084+09:00 cpu=95 busy=
2026-10-08T08:45:37.8102215+09:00 cpu=94 busy=
2026-10-08T08:45:47.8508737+09:00 cpu=92 busy=
2026-10-08T08:45:57.8955923+09:00 cpu=94 busy=
2026-10-08T08:46:07.9340395+09:00 cpu=95 busy=
2026-10-08T08:46:17.9788365+09:00 cpu=91 busy=
2026-10-08T08:46:28.0183637+09:00 cpu=92 busy=
2026-10-08T08:46:38.0886421+09:00 cpu=96 busy=
2026-10-08T08:46:48.1267527+09:00 cpu=98 busy=
2026-10-08T08:46:58.1611946+09:00 cpu=99 busy=
2026-10-08T08:47:08.2080258+09:00 cpu=97 busy=
2026-10-08T08:47:18.2500746+09:00 cpu=96 busy=
2026-10-08T08:47:28.3442066+09:00 cpu=96 busy=
2026-10-08T08:47:38.3872485+09:00 cpu=99 busy=
2026-10-08T08:47:48.4310149+09:00 cpu=97 busy=
2026-10-08T08:47:58.5109945+09:00 cpu=96 busy=
2026-10-08T08:48:08.5506880+09:00 cpu=98 busy=
2026-10-08T08:48:18.5917347+09:00 cpu=94 busy=
2026-10-08T08:48:28.6418363+09:00 cpu=95 busy=
2026-10-08T08:48:38.6937306+09:00 cpu=96 busy=
2026-10-08T08:48:48.7314304+09:00 cpu=98 busy=
2026-10-08T08:48:58.7656818+09:00 cpu=96 busy=
2026-10-08T08:49:08.7980554+09:00 cpu=97 busy=
2026-10-08T08:49:18.8436235+09:00 cpu=97 busy=
2026-10-08T08:49:28.8704931+09:00 cpu=94 busy=
2026-10-08T08:49:38.9332832+09:00 cpu=98 busy=
2026-10-08T08:49:48.9685799+09:00 cpu=98 busy=
2026-10-08T08:49:59.0075248+09:00 cpu=97 busy=
2026-10-08T08:50:09.0679823+09:00 cpu=94 busy=
2026-10-08T08:50:19.1089163+09:00 cpu=94 busy=
2026-10-08T08:50:29.1459159+09:00 cpu=98 busy=
2026-10-08T08:50:39.1904148+09:00 cpu=96 busy=
2026-10-08T08:50:49.2187577+09:00 cpu=97 busy=
2026-10-08T08:50:59.2637334+09:00 cpu=96 busy=
2026-10-08T08:51:09.3009582+09:00 cpu=96 busy=
2026-10-08T08:51:19.3324524+09:00 cpu=97 busy=
2026-10-08T08:51:29.3766270+09:00 cpu=98 busy=
2026-10-08T08:51:39.4357440+09:00 cpu=98 busy=
2026-10-08T08:51:49.4745009+09:00 cpu=96 busy=
2026-10-08T08:51:59.5148726+09:00 cpu=95 busy=
2026-10-08T08:52:09.5428047+09:00 cpu=93 busy=
2026-10-08T08:52:19.5852567+09:00 cpu=92 busy=
2026-10-08T08:52:29.6246739+09:00 cpu=98 busy=
2026-10-08T08:52:39.6587568+09:00 cpu=92 busy=
2026-10-08T08:52:49.6934237+09:00 cpu=95 busy=
2026-10-08T08:52:59.7292911+09:00 cpu=94 busy=
2026-10-08T08:53:09.7830300+09:00 cpu=93 busy=
2026-10-08T08:53:19.8160570+09:00 cpu=90 busy=
2026-10-08T08:53:29.8593993+09:00 cpu=92 busy=
2026-10-08T08:53:39.9005023+09:00 cpu=98 busy=
2026-10-08T08:53:49.9396725+09:00 cpu=97 busy=
2026-10-08T08:53:59.9809563+09:00 cpu=97 busy=
2026-10-08T08:54:10.0250350+09:00 cpu=97 busy=
2026-10-08T08:54:20.0647904+09:00 cpu=96 busy=
2026-10-08T08:54:30.1062358+09:00 cpu=94 busy=
2026-10-08T08:54:40.1275838+09:00 cpu=96 busy=
2026-10-08T08:54:50.1623539+09:00 cpu=96 busy=
2026-10-08T08:55:00.2056334+09:00 cpu=96 busy=
2026-10-08T08:55:10.2440994+09:00 cpu=96 busy=
2026-10-08T08:55:20.2868162+09:00 cpu=93 busy=
2026-10-08T08:55:30.3226215+09:00 cpu=92 busy=
2026-10-08T08:55:40.3549801+09:00 cpu=94 busy=
2026-10-08T08:55:50.3952509+09:00 cpu=92 busy=
2026-10-08T08:56:00.4333820+09:00 cpu=91 busy=
2026-10-08T08:56:10.4678681+09:00 cpu=96 busy=
2026-10-08T08:56:20.5210666+09:00 cpu=92 busy=
2026-10-08T08:56:30.5630519+09:00 cpu=93 busy=
2026-10-08T08:56:40.6188475+09:00 cpu=93 busy=
2026-10-08T08:56:50.6646622+09:00 cpu=95 busy=
2026-10-08T08:57:00.6914881+09:00 cpu=94 busy=
2026-10-08T08:57:10.7278124+09:00 cpu=93 busy=
2026-10-08T08:57:20.7647996+09:00 cpu=93 busy=
2026-10-08T08:57:30.7991400+09:00 cpu=91 busy=
2026-10-08T08:57:40.8263078+09:00 cpu=88 busy=
2026-10-08T08:57:50.8612831+09:00 cpu=92 busy=
2026-10-08T08:58:00.8883277+09:00 cpu=94 busy=
2026-10-08T08:58:10.9315154+09:00 cpu=97 busy=
2026-10-08T08:58:20.9595571+09:00 cpu=94 busy=
2026-10-08T08:58:31.0094111+09:00 cpu=96 busy=
2026-10-08T08:58:41.0431205+09:00 cpu=95 busy=
2026-10-08T08:58:51.0908479+09:00 cpu=92 busy=
2026-10-08T08:59:01.1311023+09:00 cpu=95 busy=
2026-10-08T08:59:11.1766383+09:00 cpu=91 busy=
2026-10-08T08:59:21.2123425+09:00 cpu=92 busy=
2026-10-08T08:59:31.2539151+09:00 cpu=92 busy=
2026-10-08T08:59:41.2818595+09:00 cpu=93 busy=
2026-10-08T08:59:51.3191821+09:00 cpu=95 busy=
2026-10-08T09:00:01.3462347+09:00 cpu=92 busy=
2026-10-08T09:00:11.3874918+09:00 cpu=86 busy=
2026-10-08T09:00:21.4267535+09:00 cpu=96 busy=
2026-10-08T09:00:31.4678918+09:00 cpu=91 busy=
2026-10-08T09:00:41.5087570+09:00 cpu=89 busy=
2026-10-08T09:00:51.5458743+09:00 cpu=94 busy=
2026-10-08T09:01:01.5805825+09:00 cpu=94 busy=
2026-10-08T09:01:11.6316865+09:00 cpu=91 busy=
2026-10-08T09:01:21.6768184+09:00 cpu=91 busy=
2026-10-08T09:01:31.7153714+09:00 cpu=95 busy=
2026-10-08T09:01:41.7624930+09:00 cpu=95 busy=
2026-10-08T09:01:51.8034908+09:00 cpu=94 busy=
2026-10-08T09:02:01.8312533+09:00 cpu=91 busy=
2026-10-08T09:02:11.8776897+09:00 cpu=93 busy=
2026-10-08T09:02:21.9148282+09:00 cpu=97 busy=
2026-10-08T09:02:31.9572910+09:00 cpu=93 busy=
2026-10-08T09:02:41.9921039+09:00 cpu=94 busy=
2026-10-08T09:02:52.0311759+09:00 cpu=94 busy=
2026-10-08T09:03:02.0652207+09:00 cpu=91 busy=
2026-10-08T09:03:12.1115583+09:00 cpu=95 busy=
2026-10-08T09:03:22.1544121+09:00 cpu=96 busy=
2026-10-08T09:03:32.1913396+09:00 cpu=92 busy=
2026-10-08T09:03:42.2340077+09:00 cpu=90 busy=
2026-10-08T09:03:52.2714835+09:00 cpu=90 busy=
2026-10-08T09:04:02.3030510+09:00 cpu=97 busy=
2026-10-08T09:04:12.3393378+09:00 cpu=93 busy=
2026-10-08T09:04:22.3766062+09:00 cpu=92 busy=
2026-10-08T09:04:32.4136322+09:00 cpu=92 busy=
2026-10-08T09:04:42.4607307+09:00 cpu=94 busy=
2026-10-08T09:04:52.5071678+09:00 cpu=90 busy=
2026-10-08T09:05:02.5468186+09:00 cpu=94 busy=
2026-10-08T09:05:12.5844294+09:00 cpu=94 busy=
2026-10-08T09:05:22.6097958+09:00 cpu=96 busy=
2026-10-08T09:05:32.6387933+09:00 cpu=90 busy=
2026-10-08T09:05:42.6758580+09:00 cpu=88 busy=
2026-10-08T09:05:52.7246807+09:00 cpu=92 busy=
2026-10-08T09:06:02.7671760+09:00 cpu=93 busy=
2026-10-08T09:06:12.8010563+09:00 cpu=93 busy=
2026-10-08T09:06:22.8392022+09:00 cpu=91 busy=
2026-10-08T09:06:32.8653727+09:00 cpu=93 busy=
2026-10-08T09:06:42.8972497+09:00 cpu=95 busy=
2026-10-08T09:06:52.9309084+09:00 cpu=94 busy=
2026-10-08T09:07:02.9803472+09:00 cpu=92 busy=
2026-10-08T09:07:13.0286213+09:00 cpu=93 busy=
2026-10-08T09:07:23.0648057+09:00 cpu=94 busy=
2026-10-08T09:07:33.1109964+09:00 cpu=96 busy=
2026-10-08T09:07:43.1627126+09:00 cpu=93 busy=
2026-10-08T09:07:53.2126604+09:00 cpu=96 busy=
2026-10-08T09:08:03.2692800+09:00 cpu=95 busy=
2026-10-08T09:08:13.3023932+09:00 cpu=92 busy=
2026-10-08T09:08:23.3475448+09:00 cpu=92 busy=
2026-10-08T09:08:33.3768075+09:00 cpu=91 busy=
2026-10-08T09:08:43.4105872+09:00 cpu=93 busy=
2026-10-08T09:08:53.4576187+09:00 cpu=92 busy=
2026-10-08T09:09:03.4988950+09:00 cpu=96 busy=
2026-10-08T09:09:13.5303898+09:00 cpu=93 busy=
2026-10-08T09:09:23.5787049+09:00 cpu=87 busy=
2026-10-08T09:09:33.6148886+09:00 cpu=93 busy=
2026-10-08T09:09:43.6422358+09:00 cpu=95 busy=
2026-10-08T09:09:53.6861681+09:00 cpu=93 busy=
2026-10-08T09:10:03.7281547+09:00 cpu=95 busy=
2026-10-08T09:10:13.7638352+09:00 cpu=93 busy=
2026-10-08T09:10:23.8132173+09:00 cpu=91 busy=
2026-10-08T09:10:33.8703523+09:00 cpu=92 busy=
2026-10-08T09:10:43.9269934+09:00 cpu=89 busy=
2026-10-08T09:10:53.9596773+09:00 cpu=94 busy=
2026-10-08T09:11:03.9919149+09:00 cpu=94 busy=
2026-10-08T09:11:14.0368727+09:00 cpu=98 busy=
2026-10-08T09:11:24.0744140+09:00 cpu=92 busy=
2026-10-08T09:11:34.1117214+09:00 cpu=93 busy=
2026-10-08T09:11:44.1545176+09:00 cpu=94 busy=
2026-10-08T09:11:54.1943224+09:00 cpu=97 busy=
2026-10-08T09:12:04.2246828+09:00 cpu=97 busy=
2026-10-08T09:12:14.2637050+09:00 cpu=93 busy=
2026-10-08T09:12:24.2967852+09:00 cpu=89 busy=
2026-10-08T09:12:34.3341446+09:00 cpu=91 busy=
2026-10-08T09:12:44.3717170+09:00 cpu=90 busy=
2026-10-08T09:12:54.4144160+09:00 cpu=93 busy=
2026-10-08T09:13:04.4545127+09:00 cpu=89 busy=
2026-10-08T09:13:14.4855960+09:00 cpu=97 busy=
2026-10-08T09:13:24.5248817+09:00 cpu=94 busy=
2026-10-08T09:13:34.5572673+09:00 cpu=96 busy=
2026-10-08T09:13:44.5964656+09:00 cpu=93 busy=
2026-10-08T09:13:54.6286288+09:00 cpu=91 busy=
2026-10-08T09:14:04.6875861+09:00 cpu=96 busy=
2026-10-08T09:14:14.7302014+09:00 cpu=90 busy=
2026-10-08T09:14:24.7664048+09:00 cpu=89 busy=
2026-10-08T09:14:34.8078738+09:00 cpu=92 busy=
2026-10-08T09:14:44.8687905+09:00 cpu=91 busy=
2026-10-08T09:14:54.9136816+09:00 cpu=91 busy=
2026-10-08T09:15:04.9498144+09:00 cpu=95 busy=
2026-10-08T09:15:14.9766348+09:00 cpu=91 busy=
2026-10-08T09:15:25.0117113+09:00 cpu=94 busy=
2026-10-08T09:15:35.0569891+09:00 cpu=91 busy=
2026-10-08T09:15:45.1011588+09:00 cpu=94 busy=
2026-10-08T09:15:55.1370894+09:00 cpu=92 busy=
2026-10-08T09:16:05.1798208+09:00 cpu=95 busy=
2026-10-08T09:16:15.2364002+09:00 cpu=96 busy=
2026-10-08T09:16:25.2656269+09:00 cpu=93 busy=
2026-10-08T09:16:35.2976066+09:00 cpu=95 busy=
2026-10-08T09:16:45.3320720+09:00 cpu=97 busy=
2026-10-08T09:16:55.3728755+09:00 cpu=94 busy=
2026-10-08T09:17:05.4108235+09:00 cpu=91 busy=
2026-10-08T09:17:15.4723195+09:00 cpu=93 busy=
2026-10-08T09:17:25.5065269+09:00 cpu=92 busy=
2026-10-08T09:17:35.5361065+09:00 cpu=90 busy=
2026-10-08T09:17:45.5762432+09:00 cpu=91 busy=
2026-10-08T09:17:55.6051819+09:00 cpu=94 busy=
2026-10-08T09:18:05.6471782+09:00 cpu=92 busy=
2026-10-08T09:18:15.6931571+09:00 cpu=92 busy=
2026-10-08T09:18:25.7347971+09:00 cpu=89 busy=
2026-10-08T09:18:35.7778328+09:00 cpu=87 busy=
2026-10-08T09:18:45.8297339+09:00 cpu=93 busy=
2026-10-08T09:18:55.8759661+09:00 cpu=93 busy=
2026-10-08T09:19:05.9230674+09:00 cpu=90 busy=
2026-10-08T09:19:15.9573229+09:00 cpu=93 busy=
2026-10-08T09:19:25.9966116+09:00 cpu=90 busy=
2026-10-08T09:19:36.0278252+09:00 cpu=91 busy=
2026-10-08T09:19:46.0530210+09:00 cpu=89 busy=
2026-10-08T09:19:56.0966013+09:00 cpu=95 busy=
2026-10-08T09:20:06.1379972+09:00 cpu=96 busy=
2026-10-08T09:20:16.1732609+09:00 cpu=92 busy=
2026-10-08T09:20:26.2104584+09:00 cpu=94 busy=
2026-10-08T09:20:36.2626315+09:00 cpu=98 busy=
2026-10-08T09:20:46.2930625+09:00 cpu=95 busy=
2026-10-08T09:20:56.3241178+09:00 cpu=96 busy=
2026-10-08T09:21:06.3561545+09:00 cpu=91 busy=
2026-10-08T09:21:16.3975013+09:00 cpu=92 busy=
2026-10-08T09:21:26.4255595+09:00 cpu=93 busy=
2026-10-08T09:21:36.4551265+09:00 cpu=92 busy=
2026-10-08T09:21:46.5084800+09:00 cpu=96 busy=
2026-10-08T09:21:56.5360663+09:00 cpu=93 busy=
2026-10-08T09:22:06.5752940+09:00 cpu=94 busy=
2026-10-08T09:22:16.6188669+09:00 cpu=95 busy=
2026-10-08T09:22:26.6491160+09:00 cpu=94 busy=
2026-10-08T09:22:36.6880713+09:00 cpu=89 busy=
2026-10-08T09:22:46.7299463+09:00 cpu=94 busy=
2026-10-08T09:22:56.7569613+09:00 cpu=95 busy=
2026-10-08T09:23:06.7886940+09:00 cpu=97 busy=
2026-10-08T09:23:16.8383042+09:00 cpu=93 busy=
2026-10-08T09:23:26.8688086+09:00 cpu=89 busy=
2026-10-08T09:23:36.8996192+09:00 cpu=96 busy=
2026-10-08T09:23:46.9528478+09:00 cpu=93 busy=
2026-10-08T09:23:56.9953716+09:00 cpu=90 busy=
2026-10-08T09:24:07.0338063+09:00 cpu=93 busy=
2026-10-08T09:24:17.0892553+09:00 cpu=94 busy=
2026-10-08T09:24:27.1237676+09:00 cpu=92 busy=
2026-10-08T09:24:37.1552566+09:00 cpu=93 busy=
2026-10-08T09:24:47.2009077+09:00 cpu=94 busy=
2026-10-08T09:24:57.2410510+09:00 cpu=92 busy=
2026-10-08T09:25:07.2839096+09:00 cpu=95 busy=
2026-10-08T09:25:17.3400206+09:00 cpu=94 busy=
2026-10-08T09:25:27.3677815+09:00 cpu=92 busy=
2026-10-08T09:25:37.4074043+09:00 cpu=93 busy=
2026-10-08T09:25:47.4507567+09:00 cpu=93 busy=
2026-10-08T09:25:57.4901705+09:00 cpu=91 busy=
2026-10-08T09:26:07.5330650+09:00 cpu=93 busy=
2026-10-08T09:26:17.5691227+09:00 cpu=92 busy=
2026-10-08T09:26:27.6015423+09:00 cpu=88 busy=
2026-10-08T09:26:37.6326796+09:00 cpu=93 busy=
2026-10-08T09:26:47.6781642+09:00 cpu=93 busy=
2026-10-08T09:26:57.7103802+09:00 cpu=92 busy=
2026-10-08T09:27:07.7554770+09:00 cpu=95 busy=
2026-10-08T09:27:17.8034864+09:00 cpu=92 busy=
2026-10-08T09:27:27.8453636+09:00 cpu=94 busy=
2026-10-08T09:27:37.8877618+09:00 cpu=94 busy=
2026-10-08T09:27:47.9264237+09:00 cpu=95 busy=
2026-10-08T09:27:57.9746296+09:00 cpu=94 busy=
2026-10-08T09:28:08.0091288+09:00 cpu=96 busy=
2026-10-08T09:28:18.0343686+09:00 cpu=94 busy=
2026-10-08T09:28:28.0611444+09:00 cpu=94 busy=
2026-10-08T09:28:38.1050316+09:00 cpu=95 busy=
2026-10-08T09:28:48.1544066+09:00 cpu=94 busy=
2026-10-08T09:28:58.2051721+09:00 cpu=94 busy=
2026-10-08T09:29:08.2317831+09:00 cpu=95 busy=
2026-10-08T09:29:18.2684676+09:00 cpu=95 busy=
2026-10-08T09:29:28.2989337+09:00 cpu=92 busy=
2026-10-08T09:29:38.3436394+09:00 cpu=94 busy=
2026-10-08T09:29:48.3767387+09:00 cpu=86 busy=
2026-10-08T09:29:58.4176370+09:00 cpu=92 busy=
2026-10-08T09:30:08.4610622+09:00 cpu=94 busy=
2026-10-08T09:30:18.5061583+09:00 cpu=92 busy=
2026-10-08T09:30:28.5513709+09:00 cpu=90 busy=
2026-10-08T09:30:38.5931018+09:00 cpu=95 busy=
2026-10-08T09:30:48.6286506+09:00 cpu=91 busy=
2026-10-08T09:30:58.6653829+09:00 cpu=97 busy=
2026-10-08T09:31:08.7087335+09:00 cpu=94 busy=
2026-10-08T09:31:18.7562079+09:00 cpu=94 busy=
2026-10-08T09:31:28.7873183+09:00 cpu=93 busy=
2026-10-08T09:31:38.8179383+09:00 cpu=90 busy=
2026-10-08T09:31:48.8602305+09:00 cpu=94 busy=
2026-10-08T09:31:58.9028489+09:00 cpu=95 busy=
2026-10-08T09:32:08.9474730+09:00 cpu=94 busy=
2026-10-08T09:32:18.9883460+09:00 cpu=96 busy=
2026-10-08T09:32:29.0248828+09:00 cpu=97 busy=
2026-10-08T09:32:39.0578342+09:00 cpu=95 busy=
2026-10-08T09:32:49.1076510+09:00 cpu=93 busy=
2026-10-08T09:32:59.1419404+09:00 cpu=90 busy=
2026-10-08T09:33:09.1765515+09:00 cpu=94 busy=
2026-10-08T09:33:19.2075760+09:00 cpu=94 busy=
2026-10-08T09:33:29.2527729+09:00 cpu=91 busy=
2026-10-08T09:33:39.2922823+09:00 cpu=91 busy=
2026-10-08T09:33:49.3214705+09:00 cpu=89 busy=
2026-10-08T09:33:59.3629614+09:00 cpu=98 busy=
2026-10-08T09:34:09.3984120+09:00 cpu=96 busy=
2026-10-08T09:34:19.4317941+09:00 cpu=96 busy=
2026-10-08T09:34:29.4862136+09:00 cpu=96 busy=
2026-10-08T09:34:39.5301753+09:00 cpu=91 busy=
2026-10-08T09:34:49.5641458+09:00 cpu=90 busy=
2026-10-08T09:34:59.6066126+09:00 cpu=97 busy=
2026-10-08T09:35:09.6412907+09:00 cpu=96 busy=
2026-10-08T09:35:19.6723753+09:00 cpu=96 busy=
2026-10-08T09:35:29.7163005+09:00 cpu=96 busy=
2026-10-08T09:35:39.7710090+09:00 cpu=94 busy=
2026-10-08T09:35:49.8061611+09:00 cpu=95 busy=
2026-10-08T09:35:59.8423140+09:00 cpu=95 busy=
2026-10-08T09:36:09.8801200+09:00 cpu=98 busy=
2026-10-08T09:36:19.9264200+09:00 cpu=95 busy=
2026-10-08T09:36:29.9639500+09:00 cpu=94 busy=
2026-10-08T09:36:40.0005995+09:00 cpu=90 busy=
2026-10-08T09:36:50.0416478+09:00 cpu=96 busy=
2026-10-08T09:37:00.0699841+09:00 cpu=96 busy=
2026-10-08T09:37:10.1724324+09:00 cpu=97 busy=
2026-10-08T09:37:20.2106435+09:00 cpu=93 busy=
2026-10-08T09:37:30.2487701+09:00 cpu=92 busy=
2026-10-08T09:37:40.2779319+09:00 cpu=94 busy=
2026-10-08T09:37:50.3198162+09:00 cpu=95 busy=
2026-10-08T09:38:00.3445442+09:00 cpu=92 busy=
2026-10-08T09:38:10.3689427+09:00 cpu=91 busy=
2026-10-08T09:38:20.4067391+09:00 cpu=94 busy=
2026-10-08T09:38:30.4330206+09:00 cpu=95 busy=
2026-10-08T09:38:40.4715410+09:00 cpu=86 busy=
2026-10-08T09:38:50.5093774+09:00 cpu=96 busy=
2026-10-08T09:39:00.5419222+09:00 cpu=93 busy=
2026-10-08T09:39:10.5847134+09:00 cpu=92 busy=
2026-10-08T09:39:20.6128300+09:00 cpu=96 busy=
2026-10-08T09:39:30.6508745+09:00 cpu=98 busy=
2026-10-08T09:39:40.7006496+09:00 cpu=94 busy=
2026-10-08T09:39:50.7267269+09:00 cpu=94 busy=
2026-10-08T09:40:00.7548995+09:00 cpu=91 busy=
2026-10-08T09:40:10.7852757+09:00 cpu=90 busy=
2026-10-08T09:40:20.8198360+09:00 cpu=92 busy=
2026-10-08T09:40:30.8660334+09:00 cpu=95 busy=
2026-10-08T09:40:40.9142423+09:00 cpu=90 busy=
2026-10-08T09:40:50.9588833+09:00 cpu=96 busy=
2026-10-08T09:41:00.9912741+09:00 cpu=94 busy=
2026-10-08T09:41:11.0208740+09:00 cpu=97 busy=
2026-10-08T09:41:21.0629981+09:00 cpu=96 busy=
2026-10-08T09:41:31.0863060+09:00 cpu=95 busy=
2026-10-08T09:41:41.1394736+09:00 cpu=94 busy=
2026-10-08T09:41:51.1691040+09:00 cpu=93 busy=
2026-10-08T09:42:01.2128897+09:00 cpu=91 busy=
2026-10-08T09:42:11.2449215+09:00 cpu=94 busy=
2026-10-08T09:42:21.2849779+09:00 cpu=91 busy=
2026-10-08T09:42:31.3259850+09:00 cpu=93 busy=
2026-10-08T09:42:41.3840742+09:00 cpu=94 busy=
2026-10-08T09:42:51.4309926+09:00 cpu=94 busy=
2026-10-08T09:43:01.4744652+09:00 cpu=90 busy=
2026-10-08T09:43:11.5180129+09:00 cpu=94 busy=
2026-10-08T09:43:21.5601240+09:00 cpu=95 busy=
2026-10-08T09:43:31.5919882+09:00 cpu=91 busy=
2026-10-08T09:43:41.6362071+09:00 cpu=96 busy=
2026-10-08T09:43:51.6725708+09:00 cpu=92 busy=
2026-10-08T09:44:01.7062586+09:00 cpu=93 busy=
2026-10-08T09:44:11.7417454+09:00 cpu=95 busy=
2026-10-08T09:44:21.7752084+09:00 cpu=92 busy=
2026-10-08T09:44:31.8075520+09:00 cpu=97 busy=
2026-10-08T09:44:41.8458497+09:00 cpu=92 busy=
2026-10-08T09:44:51.8727920+09:00 cpu=95 busy=
2026-10-08T09:45:01.9062349+09:00 cpu=88 busy=
2026-10-08T09:45:11.9520427+09:00 cpu=88 busy=
2026-10-08T09:45:21.9831855+09:00 cpu=92 busy=
2026-10-08T09:45:32.0280898+09:00 cpu=100 busy=
2026-10-08T09:45:42.0696441+09:00 cpu=100 busy=
2026-10-08T09:45:52.1117903+09:00 cpu=100 busy=
2026-10-08T09:46:02.1475801+09:00 cpu=100 busy=
2026-10-08T09:46:12.1893471+09:00 cpu=100 busy=
2026-10-08T09:46:22.2183101+09:00 cpu=100 busy=
2026-10-08T09:46:32.2610445+09:00 cpu=100 busy=
2026-10-08T09:46:42.3139276+09:00 cpu=100 busy=
2026-10-08T09:46:52.3512874+09:00 cpu=100 busy=
2026-10-08T09:47:02.3905690+09:00 cpu=100 busy=
2026-10-08T09:47:12.4476004+09:00 cpu=100 busy=
2026-10-08T09:47:22.4878310+09:00 cpu=100 busy=
2026-10-08T09:47:32.5186553+09:00 cpu=100 busy=
2026-10-08T09:47:42.5721264+09:00 cpu=100 busy=
2026-10-08T09:47:52.6096113+09:00 cpu=100 busy=
2026-10-08T09:48:02.6534923+09:00 cpu=15 busy=
2026-10-08T09:48:12.6764682+09:00 cpu=11 busy=
2026-10-08T09:48:22.7068069+09:00 cpu=14 busy=
2026-10-08T09:48:32.7391645+09:00 cpu=16 busy=
2026-10-08T09:48:42.7751060+09:00 cpu=17 busy=
2026-10-08T09:48:52.8021016+09:00 cpu=13 busy=
2026-10-08T09:49:02.8271129+09:00 cpu=69 busy=
2026-10-08T09:49:12.8678323+09:00 cpu=100 busy=
2026-10-08T09:49:22.9141170+09:00 cpu=100 busy=
2026-10-08T09:49:32.9504250+09:00 cpu=100 busy=
2026-10-08T09:49:42.9957697+09:00 cpu=100 busy=
2026-10-08T09:49:53.0331013+09:00 cpu=100 busy=
2026-10-08T09:50:03.0619203+09:00 cpu=100 busy=
2026-10-08T09:50:13.1050658+09:00 cpu=100 busy=
2026-10-08T09:50:23.1352574+09:00 cpu=90 busy=
2026-10-08T09:50:33.1759422+09:00 cpu=100 busy=
2026-10-08T09:50:43.2189365+09:00 cpu=100 busy=
2026-10-08T09:50:53.2637343+09:00 cpu=100 busy=
2026-10-08T09:51:03.2977098+09:00 cpu=100 busy=
2026-10-08T09:51:13.3476184+09:00 cpu=100 busy=
2026-10-08T09:51:23.4001574+09:00 cpu=100 busy=
2026-10-08T09:51:33.4479682+09:00 cpu=100 busy=
2026-10-08T09:51:43.4784713+09:00 cpu=86 busy=
2026-10-08T09:51:53.5114983+09:00 cpu=100 busy=
2026-10-08T09:52:03.5404287+09:00 cpu=100 busy=
2026-10-08T09:52:13.5765075+09:00 cpu=100 busy=
2026-10-08T09:52:23.6112421+09:00 cpu=100 busy=
2026-10-08T09:52:33.6484596+09:00 cpu=100 busy=
2026-10-08T09:52:43.6758656+09:00 cpu=100 busy=
2026-10-08T09:52:53.7150142+09:00 cpu=100 busy=
2026-10-08T09:53:03.7517522+09:00 cpu=100 busy=
2026-10-08T09:53:13.7922938+09:00 cpu=74 busy=
2026-10-08T09:53:23.8256609+09:00 cpu=100 busy=
2026-10-08T09:53:33.8645152+09:00 cpu=79 busy=
2026-10-08T09:53:43.8954068+09:00 cpu=100 busy=
2026-10-08T09:53:53.9360915+09:00 cpu=100 busy=
2026-10-08T09:54:03.9750664+09:00 cpu=100 busy=
2026-10-08T09:54:14.0209659+09:00 cpu=20 busy=
2026-10-08T09:54:24.0605865+09:00 cpu=100 busy=
2026-10-08T09:54:34.0953908+09:00 cpu=100 busy=
2026-10-08T09:54:44.1357041+09:00 cpu=100 busy=
2026-10-08T09:54:54.1679644+09:00 cpu=100 busy=
2026-10-08T09:55:04.2113045+09:00 cpu=100 busy=
2026-10-08T09:55:14.2532894+09:00 cpu=100 busy=
2026-10-08T09:55:24.2960246+09:00 cpu=97 busy=
2026-10-08T09:55:34.3255052+09:00 cpu=100 busy=
2026-10-08T09:55:44.3682365+09:00 cpu=100 busy=
2026-10-08T09:55:54.3988808+09:00 cpu=100 busy=
2026-10-08T09:56:04.4555808+09:00 cpu=100 busy=
2026-10-08T09:56:14.4925514+09:00 cpu=100 busy=
2026-10-08T09:56:24.5354521+09:00 cpu=100 busy=
2026-10-08T09:56:34.5720390+09:00 cpu=100 busy=
2026-10-08T09:56:44.6243199+09:00 cpu=100 busy=
2026-10-08T09:56:54.6563461+09:00 cpu=88 busy=
2026-10-08T09:57:04.6928112+09:00 cpu=100 busy=
2026-10-08T09:57:14.7375016+09:00 cpu=100 busy=
2026-10-08T09:57:24.7770179+09:00 cpu=100 busy=
2026-10-08T09:57:34.8068126+09:00 cpu=100 busy=
2026-10-08T09:57:44.8411984+09:00 cpu=100 busy=
2026-10-08T09:57:54.8788200+09:00 cpu=100 busy=
2026-10-08T09:58:04.9172611+09:00 cpu=100 busy=
2026-10-08T09:58:14.9596275+09:00 cpu=100 busy=
2026-10-08T09:58:24.9956035+09:00 cpu=100 busy=
2026-10-08T09:58:35.0350008+09:00 cpu=100 busy=
2026-10-08T09:58:45.0749876+09:00 cpu=100 busy=
2026-10-08T09:58:55.1172599+09:00 cpu=100 busy=
2026-10-08T09:59:05.1457762+09:00 cpu=100 busy=
2026-10-08T09:59:15.1965612+09:00 cpu=100 busy=
2026-10-08T09:59:25.2324378+09:00 cpu=100 busy=
2026-10-08T09:59:35.2653251+09:00 cpu=27 busy=
2026-10-08T09:59:45.2927400+09:00 cpu=100 busy=
2026-10-08T09:59:55.3198937+09:00 cpu=100 busy=
2026-10-08T10:00:05.3464462+09:00 cpu=100 busy=
2026-10-08T10:00:15.3925927+09:00 cpu=100 busy=
2026-10-08T10:00:25.4334479+09:00 cpu=100 busy=
2026-10-08T10:00:35.4767731+09:00 cpu=100 busy=
2026-10-08T10:00:45.5069096+09:00 cpu=100 busy=
2026-10-08T10:00:55.5632733+09:00 cpu=100 busy=
2026-10-08T10:01:05.6048396+09:00 cpu=100 busy=
2026-10-08T10:01:15.6723659+09:00 cpu=100 busy=
2026-10-08T10:01:25.7349962+09:00 cpu=100 busy=
2026-10-08T10:01:35.7861948+09:00 cpu=100 busy=
2026-10-08T10:01:45.8171571+09:00 cpu=100 busy=
2026-10-08T10:01:55.8519563+09:00 cpu=96 busy=
2026-10-08T10:02:05.8943688+09:00 cpu=100 busy=
2026-10-08T10:02:15.9389145+09:00 cpu=100 busy=
2026-10-08T10:02:25.9841955+09:00 cpu=97 busy=
2026-10-08T10:02:36.0333397+09:00 cpu=100 busy=
2026-10-08T10:02:46.0728831+09:00 cpu=100 busy=
2026-10-08T10:02:56.1084196+09:00 cpu=100 busy=
2026-10-08T10:03:06.1484100+09:00 cpu=100 busy=
2026-10-08T10:03:16.1816324+09:00 cpu=100 busy=
2026-10-08T10:03:26.2124136+09:00 cpu=100 busy=
2026-10-08T10:03:36.2647601+09:00 cpu=100 busy=
2026-10-08T10:03:46.3062618+09:00 cpu=85 busy=
2026-10-08T10:03:56.3441043+09:00 cpu=100 busy=
2026-10-08T10:04:06.3813350+09:00 cpu=100 busy=
2026-10-08T10:04:16.4286458+09:00 cpu=100 busy=
2026-10-08T10:04:26.4793804+09:00 cpu=100 busy=
2026-10-08T10:04:36.5220941+09:00 cpu=100 busy=
2026-10-08T10:04:46.5649365+09:00 cpu=100 busy=
2026-10-08T10:04:56.6198582+09:00 cpu=100 busy=
2026-10-08T10:05:06.6546090+09:00 cpu=22 busy=
2026-10-08T10:05:16.6758175+09:00 cpu=100 busy=
2026-10-08T10:05:26.7249924+09:00 cpu=100 busy=
2026-10-08T10:05:36.7601752+09:00 cpu=100 busy=
2026-10-08T10:05:46.8072111+09:00 cpu=100 busy=
2026-10-08T10:05:56.8464810+09:00 cpu=100 busy=
2026-10-08T10:06:06.8789346+09:00 cpu=100 busy=
2026-10-08T10:06:16.9290197+09:00 cpu=100 busy=
2026-10-08T10:06:26.9582542+09:00 cpu=100 busy=
2026-10-08T10:06:36.9908162+09:00 cpu=100 busy=
2026-10-08T10:06:47.0481499+09:00 cpu=100 busy=
2026-10-08T10:06:57.0843308+09:00 cpu=100 busy=
2026-10-08T10:07:07.1643387+09:00 cpu=100 busy=
2026-10-08T10:07:17.2082917+09:00 cpu=100 busy=
2026-10-08T10:07:27.2595088+09:00 cpu=100 busy=
2026-10-08T10:07:37.3067231+09:00 cpu=100 busy=
2026-10-08T10:07:47.3376134+09:00 cpu=100 busy=
2026-10-08T10:07:57.3749650+09:00 cpu=88 busy=
2026-10-08T10:08:07.4216594+09:00 cpu=100 busy=
2026-10-08T10:08:17.4766680+09:00 cpu=100 busy=
2026-10-08T10:08:27.5087379+09:00 cpu=100 busy=cargo,rustc
2026-10-08T10:08:37.5456621+09:00 cpu=100 busy=cargo,rustc
2026-10-08T10:08:47.5896352+09:00 cpu=100 busy=cargo,rustc
2026-10-08T10:08:57.6188546+09:00 cpu=100 busy=
2026-10-08T10:09:07.6534613+09:00 cpu=100 busy=
2026-10-08T10:09:17.6900462+09:00 cpu=100 busy=
2026-10-08T10:09:27.7423326+09:00 cpu=100 busy=
2026-10-08T10:09:37.7927364+09:00 cpu=100 busy=
2026-10-08T10:09:47.8354672+09:00 cpu=100 busy=
2026-10-08T10:09:57.8890768+09:00 cpu=100 busy=
2026-10-08T10:10:07.9297486+09:00 cpu=100 busy=
2026-10-08T10:10:17.9830716+09:00 cpu=100 busy=
2026-10-08T10:10:28.0160313+09:00 cpu=100 busy=
2026-10-08T10:10:38.0492810+09:00 cpu=100 busy=
2026-10-08T10:10:48.1104711+09:00 cpu=100 busy=cargo,rustc
2026-10-08T10:10:58.1522940+09:00 cpu=100 busy=cargo
2026-10-08T10:11:08.1983986+09:00 cpu=100 busy=
2026-10-08T10:11:18.2321991+09:00 cpu=100 busy=
2026-10-08T10:11:28.2703927+09:00 cpu=100 busy=
2026-10-08T10:11:38.3069417+09:00 cpu=100 busy=
2026-10-08T10:11:48.3608912+09:00 cpu=100 busy=
2026-10-08T10:11:58.4160706+09:00 cpu=100 busy=
2026-10-08T10:12:08.4534844+09:00 cpu=100 busy=
2026-10-08T10:12:18.5056703+09:00 cpu=100 busy=
2026-10-08T10:12:28.5543120+09:00 cpu=100 busy=
2026-10-08T10:12:38.5977623+09:00 cpu=100 busy=cargo
2026-10-08T10:12:48.6345004+09:00 cpu=75 busy=cargo,rustc
2026-10-08T10:12:58.6667566+09:00 cpu=100 busy=cargo
2026-10-08T10:13:08.7046771+09:00 cpu=100 busy=
2026-10-08T10:13:18.7580237+09:00 cpu=88 busy=cargo,rustc
2026-10-08T10:13:28.8077454+09:00 cpu=100 busy=cargo
2026-10-08T10:13:38.8586600+09:00 cpu=100 busy=cargo,rustc
2026-10-08T10:13:48.9173963+09:00 cpu=100 busy=cargo
2026-10-08T10:13:58.9454369+09:00 cpu=100 busy=
2026-10-08T10:14:08.9836669+09:00 cpu=100 busy=cargo,rustc
2026-10-08T10:14:19.0269792+09:00 cpu=100 busy=cargo,rustc
2026-10-08T10:14:29.0624245+09:00 cpu=100 busy=cargo,rustc
2026-10-08T10:14:39.1011763+09:00 cpu=100 busy=cargo,rustc
2026-10-08T10:14:49.1412884+09:00 cpu=100 busy=cargo,rustc
2026-10-08T10:14:59.1871388+09:00 cpu=100 busy=cargo,rustc
2026-10-08T10:15:09.2245678+09:00 cpu=100 busy=
2026-10-08T10:15:19.2695162+09:00 cpu=100 busy=
2026-10-08T10:15:29.2989522+09:00 cpu=100 busy=
2026-10-08T10:15:39.3478493+09:00 cpu=100 busy=cargo,cargo
2026-10-08T10:15:49.3979276+09:00 cpu=100 busy=
2026-10-08T10:15:59.4434001+09:00 cpu=100 busy=
2026-10-08T10:16:09.4923333+09:00 cpu=100 busy=cargo,rustc,rustc
2026-10-08T10:16:19.5421063+09:00 cpu=78 busy=cargo,link,rustc,rustc
2026-10-08T10:16:29.5722822+09:00 cpu=100 busy=cargo,link,rustc,rustc
2026-10-08T10:16:39.6290893+09:00 cpu=100 busy=cargo,link,link,rustc,rustc
2026-10-08T10:16:49.6638814+09:00 cpu=100 busy=cargo,rustc,rustc
2026-10-08T10:16:59.7004484+09:00 cpu=100 busy=cargo,link,rustc,rustc
2026-10-08T10:17:09.7374321+09:00 cpu=100 busy=cargo,link,rustc,rustc
2026-10-08T10:17:19.7838634+09:00 cpu=100 busy=cargo
2026-10-08T10:17:29.8168984+09:00 cpu=100 busy=cargo
2026-10-08T10:17:39.8487063+09:00 cpu=100 busy=cargo
2026-10-08T10:17:49.8763010+09:00 cpu=100 busy=cargo
2026-10-08T10:17:59.9274980+09:00 cpu=97 busy=cargo
2026-10-08T10:18:09.9685937+09:00 cpu=100 busy=cargo
2026-10-08T10:18:20.0097208+09:00 cpu=100 busy=cargo
2026-10-08T10:18:30.0489181+09:00 cpu=100 busy=cargo
2026-10-08T10:18:40.0797709+09:00 cpu=100 busy=cargo
2026-10-08T10:18:50.1306010+09:00 cpu=100 busy=cargo
2026-10-08T10:19:00.1661320+09:00 cpu=100 busy=cargo
2026-10-08T10:19:10.1948952+09:00 cpu=100 busy=cargo
2026-10-08T10:19:20.2311785+09:00 cpu=100 busy=cargo
2026-10-08T10:19:30.2618145+09:00 cpu=100 busy=cargo
2026-10-08T10:19:40.2916930+09:00 cpu=100 busy=cargo
2026-10-08T10:19:50.3147194+09:00 cpu=29 busy=cargo
2026-10-08T10:20:00.3439016+09:00 cpu=100 busy=cargo
2026-10-08T10:20:10.3729945+09:00 cpu=100 busy=cargo
2026-10-08T10:20:20.4086073+09:00 cpu=100 busy=cargo
2026-10-08T10:20:30.4388074+09:00 cpu=100 busy=cargo
2026-10-08T10:20:40.4669291+09:00 cpu=100 busy=cargo
2026-10-08T10:20:50.5035410+09:00 cpu=100 busy=cargo
2026-10-08T10:21:00.5462604+09:00 cpu=100 busy=cargo
2026-10-08T10:21:10.5908462+09:00 cpu=100 busy=cargo
2026-10-08T10:21:20.6294691+09:00 cpu=100 busy=cargo
2026-10-08T10:21:30.6812785+09:00 cpu=100 busy=cargo
2026-10-08T10:21:40.7198244+09:00 cpu=100 busy=
2026-10-08T10:21:50.7630103+09:00 cpu=93 busy=
2026-10-08T10:22:00.8022813+09:00 cpu=100 busy=
2026-10-08T10:22:10.8448532+09:00 cpu=100 busy=
2026-10-08T10:22:20.8687269+09:00 cpu=23 busy=
2026-10-08T10:22:30.9084885+09:00 cpu=44 busy=
2026-10-08T10:22:40.9342180+09:00 cpu=100 busy=
2026-10-08T10:22:50.9619129+09:00 cpu=100 busy=
2026-10-08T10:23:00.9946725+09:00 cpu=100 busy=
2026-10-08T10:23:11.0368713+09:00 cpu=100 busy=
2026-10-08T10:23:21.0731693+09:00 cpu=100 busy=
2026-10-08T10:23:31.1047785+09:00 cpu=100 busy=
2026-10-08T10:23:41.1351571+09:00 cpu=97 busy=
2026-10-08T10:23:51.2043137+09:00 cpu=100 busy=cargo
2026-10-08T10:24:01.2389065+09:00 cpu=100 busy=cargo,cargo
2026-10-08T10:24:11.2791729+09:00 cpu=99 busy=cargo,cargo
2026-10-08T10:24:21.3208473+09:00 cpu=100 busy=cargo,rustc
2026-10-08T10:24:31.3739946+09:00 cpu=100 busy=cargo,rustc
2026-10-08T10:24:41.4223516+09:00 cpu=100 busy=cargo,rustc
2026-10-08T10:24:51.4689949+09:00 cpu=90 busy=cargo,link,rustc
2026-10-08T10:25:01.5147763+09:00 cpu=100 busy=cargo,link,rustc
2026-10-08T10:25:11.5705315+09:00 cpu=100 busy=cargo,rustc
2026-10-08T10:25:21.6025746+09:00 cpu=32 busy=cargo,rustc
2026-10-08T10:25:31.6396258+09:00 cpu=100 busy=cargo,link,rustc
2026-10-08T10:25:41.6869301+09:00 cpu=100 busy=cargo,link,rustc
2026-10-08T10:25:51.7191059+09:00 cpu=100 busy=cargo,link,rustc
2026-10-08T10:26:01.7494851+09:00 cpu=100 busy=cargo,rustc
2026-10-08T10:26:11.7836977+09:00 cpu=100 busy=cargo,link,rustc
2026-10-08T10:26:21.8272385+09:00 cpu=100 busy=cargo,link,rustc
2026-10-08T10:26:31.8688533+09:00 cpu=100 busy=cargo
2026-10-08T10:26:41.9013317+09:00 cpu=100 busy=cargo
2026-10-08T10:26:51.9444615+09:00 cpu=100 busy=cargo
2026-10-08T10:27:01.9772559+09:00 cpu=100 busy=cargo
2026-10-08T10:27:12.0333477+09:00 cpu=100 busy=cargo
2026-10-08T10:27:22.0721617+09:00 cpu=100 busy=cargo
2026-10-08T10:27:32.1146293+09:00 cpu=100 busy=cargo
2026-10-08T10:27:42.1568782+09:00 cpu=100 busy=cargo
2026-10-08T10:27:52.2066958+09:00 cpu=100 busy=cargo
2026-10-08T10:28:02.2428640+09:00 cpu=100 busy=cargo
2026-10-08T10:28:12.2875247+09:00 cpu=100 busy=cargo
2026-10-08T10:28:22.3329782+09:00 cpu=100 busy=cargo
2026-10-08T10:28:32.3668749+09:00 cpu=40 busy=cargo
2026-10-08T10:28:42.4193842+09:00 cpu=100 busy=cargo
2026-10-08T10:28:52.4535411+09:00 cpu=100 busy=cargo
2026-10-08T10:29:02.4936728+09:00 cpu=100 busy=cargo
2026-10-08T10:29:12.5299813+09:00 cpu=100 busy=cargo
2026-10-08T10:29:22.5769721+09:00 cpu=100 busy=cargo
2026-10-08T10:29:32.6185976+09:00 cpu=100 busy=cargo
2026-10-08T10:29:42.6734604+09:00 cpu=100 busy=cargo
2026-10-08T10:29:52.7023889+09:00 cpu=100 busy=cargo
2026-10-08T10:30:02.7488561+09:00 cpu=100 busy=cargo
2026-10-08T10:30:12.7911628+09:00 cpu=100 busy=cargo
2026-10-08T10:30:22.8454360+09:00 cpu=100 busy=cargo
2026-10-08T10:30:32.8997933+09:00 cpu=99 busy=cargo
2026-10-08T10:30:42.9350891+09:00 cpu=100 busy=cargo
2026-10-08T10:30:52.9661638+09:00 cpu=100 busy=cargo,rustc
2026-10-08T10:31:02.9939236+09:00 cpu=100 busy=cargo,rustc
2026-10-08T10:31:13.0256398+09:00 cpu=76 busy=cargo,rustc
2026-10-08T10:31:23.0714591+09:00 cpu=100 busy=cargo,rustc
2026-10-08T10:31:33.1231044+09:00 cpu=100 busy=cargo,rustc
2026-10-08T10:31:43.1575210+09:00 cpu=76 busy=cargo,rustc
2026-10-08T10:31:53.1900592+09:00 cpu=100 busy=cargo,rustc
2026-10-08T10:32:03.2298449+09:00 cpu=100 busy=cargo,rustc
2026-10-08T10:32:13.2639294+09:00 cpu=100 busy=cargo,rustc
2026-10-08T10:32:23.2914268+09:00 cpu=100 busy=cargo,rustc
2026-10-08T10:32:33.3193052+09:00 cpu=100 busy=cargo,rustc
2026-10-08T10:32:43.3625959+09:00 cpu=100 busy=cargo,rustc
2026-10-08T10:32:53.3925176+09:00 cpu=100 busy=cargo,rustc
2026-10-08T10:33:03.4446719+09:00 cpu=100 busy=cargo,rustc
2026-10-08T10:33:13.4841696+09:00 cpu=100 busy=cargo,rustc
2026-10-08T10:33:42.5151994+09:00 cpu=100 busy=
2026-10-08T10:33:52.5633577+09:00 cpu=100 busy=
2026-10-08T10:34:02.6065600+09:00 cpu=100 busy=
2026-10-08T10:34:12.6468043+09:00 cpu=100 busy=
2026-10-08T10:34:22.7002957+09:00 cpu=100 busy=
2026-10-08T10:34:32.7334634+09:00 cpu=100 busy=
2026-10-08T10:34:42.7797267+09:00 cpu=100 busy=
2026-10-08T10:34:52.8325166+09:00 cpu=100 busy=
2026-10-08T10:35:02.8713401+09:00 cpu=96 busy=
2026-10-08T10:35:12.9064831+09:00 cpu=100 busy=
2026-10-08T10:35:22.9397680+09:00 cpu=100 busy=
2026-10-08T10:35:32.9793999+09:00 cpu=100 busy=cargo,rustc
2026-10-08T10:35:43.0122425+09:00 cpu=100 busy=cargo,rustc
2026-10-08T10:35:53.0477989+09:00 cpu=100 busy=
2026-10-08T10:36:03.0933457+09:00 cpu=100 busy=
2026-10-08T10:36:13.1329240+09:00 cpu=95 busy=
2026-10-08T10:36:23.1741718+09:00 cpu=100 busy=
2026-10-08T10:36:33.2174400+09:00 cpu=100 busy=
2026-10-08T10:36:43.2617546+09:00 cpu=100 busy=
2026-10-08T10:36:53.3011873+09:00 cpu=100 busy=
2026-10-08T10:37:03.3555374+09:00 cpu=100 busy=
2026-10-08T10:37:13.3890456+09:00 cpu=100 busy=
2026-10-08T10:37:23.4443541+09:00 cpu=100 busy=
2026-10-08T10:37:33.4872148+09:00 cpu=100 busy=
2026-10-08T10:37:43.5205691+09:00 cpu=100 busy=
2026-10-08T10:37:53.5719507+09:00 cpu=100 busy=
2026-10-08T10:38:03.6280946+09:00 cpu=85 busy=
2026-10-08T10:38:13.6693350+09:00 cpu=100 busy=
2026-10-08T10:38:23.6990841+09:00 cpu=100 busy=
2026-10-08T10:38:33.7427074+09:00 cpu=100 busy=
2026-10-08T10:38:43.7945111+09:00 cpu=100 busy=
2026-10-08T10:38:53.8366527+09:00 cpu=100 busy=
2026-10-08T10:39:03.8903952+09:00 cpu=100 busy=
2026-10-08T10:39:13.9349318+09:00 cpu=100 busy=
2026-10-08T10:39:23.9713291+09:00 cpu=100 busy=
2026-10-08T10:39:34.0121603+09:00 cpu=100 busy=
2026-10-08T10:39:44.0605047+09:00 cpu=100 busy=
2026-10-08T10:39:54.0925700+09:00 cpu=100 busy=
2026-10-08T10:40:04.1375908+09:00 cpu=99 busy=
2026-10-08T10:40:14.1720722+09:00 cpu=100 busy=
2026-10-08T10:40:24.2127093+09:00 cpu=100 busy=
2026-10-08T10:40:34.2579622+09:00 cpu=100 busy=
2026-10-08T10:40:44.3037304+09:00 cpu=100 busy=
2026-10-08T10:40:54.3513144+09:00 cpu=100 busy=
2026-10-08T10:41:04.4068192+09:00 cpu=100 busy=
2026-10-08T10:41:14.4553475+09:00 cpu=100 busy=
2026-10-08T10:41:24.5008671+09:00 cpu=100 busy=
2026-10-08T10:41:34.5469034+09:00 cpu=100 busy=
2026-10-08T10:41:44.5986881+09:00 cpu=100 busy=
2026-10-08T10:41:54.6301008+09:00 cpu=100 busy=
2026-10-08T10:42:04.6718287+09:00 cpu=100 busy=
2026-10-08T10:42:14.7246663+09:00 cpu=100 busy=
2026-10-08T10:42:24.7759386+09:00 cpu=100 busy=
2026-10-08T10:42:34.8099351+09:00 cpu=100 busy=
2026-10-08T10:42:44.8654074+09:00 cpu=100 busy=
2026-10-08T10:42:54.9104625+09:00 cpu=100 busy=
2026-10-08T10:43:04.9523164+09:00 cpu=100 busy=
2026-10-08T10:43:14.9833290+09:00 cpu=100 busy=
2026-10-08T10:43:25.0218095+09:00 cpu=100 busy=
2026-10-08T10:43:35.0558906+09:00 cpu=100 busy=
2026-10-08T10:43:45.1111588+09:00 cpu=100 busy=
2026-10-08T10:43:55.1484844+09:00 cpu=100 busy=
2026-10-08T10:44:05.2001493+09:00 cpu=100 busy=
2026-10-08T10:44:15.2525593+09:00 cpu=100 busy=
2026-10-08T10:44:25.2867104+09:00 cpu=100 busy=
2026-10-08T10:44:35.3298696+09:00 cpu=100 busy=
2026-10-08T10:44:45.3589543+09:00 cpu=100 busy=
2026-10-08T10:44:55.3959297+09:00 cpu=100 busy=
2026-10-08T10:45:05.4385401+09:00 cpu=100 busy=
2026-10-08T10:45:15.4781807+09:00 cpu=100 busy=
2026-10-08T10:45:25.5203649+09:00 cpu=100 busy=
2026-10-08T10:45:35.5652275+09:00 cpu=100 busy=
2026-10-08T10:45:45.5916212+09:00 cpu=100 busy=
2026-10-08T10:45:55.6477145+09:00 cpu=100 busy=
2026-10-08T10:46:05.6941322+09:00 cpu=100 busy=
2026-10-08T10:46:15.7249665+09:00 cpu=100 busy=
2026-10-08T10:46:25.7664157+09:00 cpu=100 busy=
2026-10-08T10:46:35.8167627+09:00 cpu=100 busy=
2026-10-08T10:46:45.8594176+09:00 cpu=71 busy=
2026-10-08T10:46:55.9082012+09:00 cpu=100 busy=
2026-10-08T10:47:05.9604665+09:00 cpu=100 busy=cargo
2026-10-08T10:47:16.0025145+09:00 cpu=100 busy=
2026-10-08T10:47:26.0596761+09:00 cpu=100 busy=
2026-10-08T10:47:36.1114758+09:00 cpu=100 busy=
2026-10-08T10:47:46.1403129+09:00 cpu=100 busy=
2026-10-08T10:47:56.1797384+09:00 cpu=100 busy=
2026-10-08T10:48:06.2362847+09:00 cpu=100 busy=
2026-10-08T10:48:16.2944531+09:00 cpu=100 busy=
2026-10-08T10:48:26.3202653+09:00 cpu=22 busy=
2026-10-08T10:48:36.3637530+09:00 cpu=100 busy=
2026-10-08T10:48:46.4074342+09:00 cpu=100 busy=
2026-10-08T10:48:56.4566696+09:00 cpu=100 busy=
2026-10-08T10:49:06.5049670+09:00 cpu=100 busy=
2026-10-08T10:49:16.5387325+09:00 cpu=100 busy=
2026-10-08T10:49:26.5796613+09:00 cpu=100 busy=
2026-10-08T10:49:36.6257103+09:00 cpu=100 busy=
2026-10-08T10:49:46.6741239+09:00 cpu=100 busy=
2026-10-08T10:49:56.7037545+09:00 cpu=100 busy=
2026-10-08T10:50:06.7356407+09:00 cpu=100 busy=
2026-10-08T10:50:16.7932700+09:00 cpu=100 busy=
2026-10-08T10:50:26.8453884+09:00 cpu=100 busy=
2026-10-08T10:50:36.8851750+09:00 cpu=100 busy=
2026-10-08T10:50:46.9188600+09:00 cpu=100 busy=
2026-10-08T10:50:56.9762731+09:00 cpu=100 busy=
2026-10-08T10:51:07.0314441+09:00 cpu=100 busy=
2026-10-08T10:51:17.0715315+09:00 cpu=92 busy=
2026-10-08T10:51:27.1116289+09:00 cpu=100 busy=
2026-10-08T10:51:37.1611948+09:00 cpu=100 busy=
2026-10-08T10:51:47.2088937+09:00 cpu=100 busy=
2026-10-08T10:51:57.2413624+09:00 cpu=100 busy=
2026-10-08T10:52:07.2755889+09:00 cpu=100 busy=
2026-10-08T10:52:17.3068366+09:00 cpu=100 busy=
2026-10-08T10:52:27.3586054+09:00 cpu=100 busy=
2026-10-08T10:52:37.3907954+09:00 cpu=100 busy=
2026-10-08T10:52:47.4380254+09:00 cpu=100 busy=
2026-10-08T10:52:57.4681089+09:00 cpu=100 busy=
2026-10-08T10:53:07.5172642+09:00 cpu=100 busy=
2026-10-08T10:53:17.5713995+09:00 cpu=100 busy=
2026-10-08T10:53:27.6239186+09:00 cpu=100 busy=
2026-10-08T10:53:37.6548603+09:00 cpu=100 busy=
2026-10-08T10:53:47.6966842+09:00 cpu=100 busy=
2026-10-08T10:53:57.7278693+09:00 cpu=100 busy=
2026-10-08T10:54:07.7715103+09:00 cpu=100 busy=
2026-10-08T10:54:17.8320493+09:00 cpu=100 busy=
2026-10-08T10:54:27.8747891+09:00 cpu=100 busy=
2026-10-08T10:54:37.9178164+09:00 cpu=100 busy=
2026-10-08T10:54:47.9609389+09:00 cpu=100 busy=
2026-10-08T10:54:58.0057521+09:00 cpu=100 busy=
2026-10-08T10:55:08.0509615+09:00 cpu=100 busy=
2026-10-08T10:55:18.0963294+09:00 cpu=100 busy=
2026-10-08T10:55:28.1388407+09:00 cpu=100 busy=
2026-10-08T10:55:38.1818607+09:00 cpu=100 busy=
2026-10-08T10:55:48.2153068+09:00 cpu=100 busy=
2026-10-08T10:55:58.2683466+09:00 cpu=100 busy=
2026-10-08T10:56:08.3139090+09:00 cpu=99 busy=
2026-10-08T10:56:18.3538272+09:00 cpu=100 busy=
2026-10-08T10:56:28.3855950+09:00 cpu=100 busy=
2026-10-08T10:56:38.4237731+09:00 cpu=100 busy=
2026-10-08T10:56:48.4694244+09:00 cpu=100 busy=
2026-10-08T10:56:58.5154422+09:00 cpu=100 busy=
2026-10-08T10:57:08.5612302+09:00 cpu=100 busy=
2026-10-08T10:57:18.5943333+09:00 cpu=100 busy=
2026-10-08T10:57:28.6372610+09:00 cpu=100 busy=
2026-10-08T10:57:38.6695726+09:00 cpu=100 busy=
2026-10-08T10:57:48.7192672+09:00 cpu=100 busy=
2026-10-08T10:57:58.7515802+09:00 cpu=100 busy=
2026-10-08T10:58:08.7931907+09:00 cpu=100 busy=
2026-10-08T10:58:18.8300877+09:00 cpu=100 busy=
2026-10-08T10:58:28.8757705+09:00 cpu=100 busy=
2026-10-08T10:58:38.9259428+09:00 cpu=100 busy=
2026-10-08T10:58:48.9600385+09:00 cpu=100 busy=
2026-10-08T10:58:59.0086027+09:00 cpu=100 busy=
2026-10-08T10:59:09.0611778+09:00 cpu=100 busy=
2026-10-08T10:59:19.0982913+09:00 cpu=100 busy=
2026-10-08T10:59:29.1315670+09:00 cpu=100 busy=
2026-10-08T10:59:39.1613688+09:00 cpu=100 busy=
2026-10-08T10:59:49.2002980+09:00 cpu=100 busy=
2026-10-08T10:59:59.2478916+09:00 cpu=100 busy=
2026-10-08T11:00:09.3066880+09:00 cpu=100 busy=
2026-10-08T11:00:19.3500881+09:00 cpu=100 busy=
2026-10-08T11:00:29.3839739+09:00 cpu=100 busy=
2026-10-08T11:00:39.4209564+09:00 cpu=100 busy=
2026-10-08T11:00:49.4637313+09:00 cpu=100 busy=
2026-10-08T11:00:59.5150670+09:00 cpu=100 busy=
2026-10-08T11:01:09.5655099+09:00 cpu=100 busy=
2026-10-08T11:01:19.6172950+09:00 cpu=100 busy=
2026-10-08T11:01:29.6667145+09:00 cpu=100 busy=
2026-10-08T11:01:39.7220922+09:00 cpu=98 busy=
2026-10-08T11:01:49.7647606+09:00 cpu=18 busy=
2026-10-08T11:01:59.7967572+09:00 cpu=16 busy=
2026-10-08T11:02:09.8275129+09:00 cpu=25 busy=
2026-10-08T11:02:19.8642330+09:00 cpu=19 busy=
2026-10-08T11:02:29.9024539+09:00 cpu=14 busy=
2026-10-08T11:02:39.9282544+09:00 cpu=16 busy=
2026-10-08T11:02:49.9598691+09:00 cpu=11 busy=
2026-10-08T11:02:59.9777293+09:00 cpu=16 busy=
2026-10-08T11:03:09.9994087+09:00 cpu=15 busy=
2026-10-08T11:03:20.0289575+09:00 cpu=16 busy=
2026-10-08T11:03:30.0518173+09:00 cpu=17 busy=
2026-10-08T11:03:40.0981441+09:00 cpu=20 busy=
2026-10-08T11:03:50.1339565+09:00 cpu=15 busy=
2026-10-08T11:04:00.1779213+09:00 cpu=29 busy=
2026-10-08T11:04:10.2059740+09:00 cpu=19 busy=
2026-10-08T11:04:20.2331026+09:00 cpu=18 busy=
2026-10-08T11:04:30.2668822+09:00 cpu=18 busy=
2026-10-08T11:04:40.2990947+09:00 cpu=15 busy=
2026-10-08T11:04:50.3444098+09:00 cpu=13 busy=
2026-10-08T11:05:00.3731709+09:00 cpu=13 busy=
2026-10-08T11:05:10.4018655+09:00 cpu=17 busy=
2026-10-08T11:05:20.4232387+09:00 cpu=16 busy=
2026-10-08T11:05:30.4501751+09:00 cpu=16 busy=
2026-10-08T11:05:40.4909848+09:00 cpu=16 busy=
2026-10-08T11:05:50.5229450+09:00 cpu=13 busy=
2026-10-08T11:06:00.5561977+09:00 cpu=14 busy=
2026-10-08T11:06:10.5902463+09:00 cpu=15 busy=
2026-10-08T11:06:20.6184252+09:00 cpu=12 busy=
2026-10-08T11:06:30.6493636+09:00 cpu=20 busy=
2026-10-08T11:06:40.6835541+09:00 cpu=14 busy=
2026-10-08T11:06:50.7152436+09:00 cpu=16 busy=
2026-10-08T11:07:00.7550295+09:00 cpu=41 busy=
2026-10-08T11:07:10.7943320+09:00 cpu=19 busy=
2026-10-08T11:07:20.8343549+09:00 cpu=21 busy=cargo,rustc
2026-10-08T11:07:30.8582600+09:00 cpu=24 busy=cargo,rustc
2026-10-08T11:07:40.8846025+09:00 cpu=22 busy=cargo,rustc
2026-10-08T11:07:50.9071640+09:00 cpu=25 busy=cargo
2026-10-08T11:08:00.9440139+09:00 cpu=27 busy=cargo
2026-10-08T11:08:10.9701241+09:00 cpu=31 busy=cargo
2026-10-08T11:08:20.9988240+09:00 cpu=30 busy=cargo
2026-10-08T11:08:31.0295199+09:00 cpu=35 busy=cargo
2026-10-08T11:08:41.0507874+09:00 cpu=27 busy=cargo
2026-10-08T11:08:51.0798721+09:00 cpu=31 busy=cargo,rustc
2026-10-08T11:09:01.1142058+09:00 cpu=27 busy=cargo,rustc
2026-10-08T11:09:11.1467640+09:00 cpu=23 busy=cargo,rustc
2026-10-08T11:09:21.1739839+09:00 cpu=21 busy=cargo,rustc
2026-10-08T11:09:31.2147379+09:00 cpu=25 busy=cargo,rustc
2026-10-08T11:09:41.2408519+09:00 cpu=23 busy=cargo,rustc
2026-10-08T11:09:51.2696103+09:00 cpu=21 busy=cargo,rustc
2026-10-08T11:10:01.3053611+09:00 cpu=19 busy=cargo,rustc
2026-10-08T11:10:11.3383458+09:00 cpu=27 busy=cargo,rustc
2026-10-08T11:10:21.3648338+09:00 cpu=19 busy=cargo,rustc
2026-10-08T11:10:31.3952834+09:00 cpu=19 busy=cargo,rustc
2026-10-08T11:10:41.4234657+09:00 cpu=20 busy=cargo,rustc
2026-10-08T11:10:51.4518594+09:00 cpu=20 busy=cargo,rustc
2026-10-08T11:11:01.4863625+09:00 cpu=25 busy=cargo,rustc
2026-10-08T11:11:11.5185944+09:00 cpu=44 busy=cargo,rustc
2026-10-08T11:11:21.5512829+09:00 cpu=20 busy=
2026-10-08T11:11:31.5721758+09:00 cpu=21 busy=
2026-10-08T11:11:41.5953718+09:00 cpu=17 busy=cargo,rustc
2026-10-08T11:11:51.6395993+09:00 cpu=33 busy=cargo,rustc
2026-10-08T11:12:01.6722260+09:00 cpu=30 busy=cargo,rustc
2026-10-08T11:12:11.7048017+09:00 cpu=20 busy=cargo,rustc
2026-10-08T11:12:21.7393932+09:00 cpu=20 busy=cargo,rustc
2026-10-08T11:12:31.7650829+09:00 cpu=21 busy=cargo,rustc
2026-10-08T11:12:41.7911472+09:00 cpu=21 busy=
2026-10-08T11:12:51.8242601+09:00 cpu=34 busy=cargo,rustc
2026-10-08T11:13:01.8619207+09:00 cpu=25 busy=cargo,rustc
2026-10-08T11:13:11.9036504+09:00 cpu=22 busy=cargo,rustc
2026-10-08T11:13:21.9388909+09:00 cpu=20 busy=cargo,rustc
2026-10-08T11:13:31.9688659+09:00 cpu=25 busy=cargo,rustc
2026-10-08T11:13:41.9889306+09:00 cpu=23 busy=cargo,link,rustc
2026-10-08T11:13:52.0160352+09:00 cpu=20 busy=
2026-10-08T11:14:02.0346706+09:00 cpu=26 busy=cargo,cargo
2026-10-08T11:14:12.0651303+09:00 cpu=21 busy=
2026-10-08T11:14:22.0999527+09:00 cpu=35 busy=cargo,cargo
2026-10-08T11:14:32.1390242+09:00 cpu=27 busy=cargo,rustc
2026-10-08T11:14:42.1839400+09:00 cpu=52 busy=cargo,cargo,rustc
2026-10-08T11:14:52.2136660+09:00 cpu=28 busy=cargo,rustc
2026-10-08T11:15:02.2639046+09:00 cpu=36 busy=cargo,link,rustc
2026-10-08T11:15:12.2903565+09:00 cpu=19 busy=
2026-10-08T11:15:22.3189355+09:00 cpu=20 busy=
2026-10-08T11:15:32.3440558+09:00 cpu=31 busy=
2026-10-08T11:15:42.3629842+09:00 cpu=27 busy=
2026-10-08T11:15:52.3848492+09:00 cpu=21 busy=
2026-10-08T11:16:02.4080696+09:00 cpu=29 busy=
2026-10-08T11:16:12.4390983+09:00 cpu=23 busy=
2026-10-08T11:16:22.4724069+09:00 cpu=14 busy=
2026-10-08T11:16:32.4988657+09:00 cpu=15 busy=
2026-10-08T11:16:42.5261396+09:00 cpu=21 busy=
2026-10-08T11:16:52.5587704+09:00 cpu=19 busy=cargo,rustc
2026-10-08T11:17:02.5978580+09:00 cpu=26 busy=cargo,rustc
2026-10-08T11:17:12.6344260+09:00 cpu=22 busy=cargo,rustc
2026-10-08T11:17:22.6576766+09:00 cpu=26 busy=cargo,rustc
2026-10-08T11:17:32.6856390+09:00 cpu=27 busy=cargo,rustc
2026-10-08T11:17:42.7098900+09:00 cpu=21 busy=cargo,rustc
2026-10-08T11:17:52.7401015+09:00 cpu=19 busy=
2026-10-08T11:18:02.7596935+09:00 cpu=15 busy=
2026-10-08T11:18:12.7826055+09:00 cpu=22 busy=
2026-10-08T11:18:22.8181796+09:00 cpu=20 busy=
2026-10-08T11:18:32.8452086+09:00 cpu=23 busy=
2026-10-08T11:18:42.8758736+09:00 cpu=20 busy=
2026-10-08T11:18:52.9069597+09:00 cpu=20 busy=
2026-10-08T11:19:02.9369989+09:00 cpu=19 busy=
2026-10-08T11:19:12.9687095+09:00 cpu=24 busy=
2026-10-08T11:19:22.9926713+09:00 cpu=20 busy=
2026-10-08T11:19:33.0198974+09:00 cpu=22 busy=
2026-10-08T11:19:43.0686158+09:00 cpu=23 busy=
2026-10-08T11:19:53.0962267+09:00 cpu=25 busy=
2026-10-08T11:20:03.1207161+09:00 cpu=21 busy=
2026-10-08T11:20:13.1508743+09:00 cpu=21 busy=
2026-10-08T11:20:23.1789525+09:00 cpu=18 busy=
2026-10-08T11:20:33.2046051+09:00 cpu=21 busy=
2026-10-08T11:20:43.2467686+09:00 cpu=34 busy=cargo,rustc
2026-10-08T11:20:53.2714882+09:00 cpu=42 busy=cargo,rustc
2026-10-08T11:21:03.2989628+09:00 cpu=26 busy=cargo,rustc
2026-10-08T11:21:13.3271671+09:00 cpu=21 busy=cargo,rustc
2026-10-08T11:21:23.3717121+09:00 cpu=24 busy=cargo,rustc
2026-10-08T11:21:33.4028398+09:00 cpu=21 busy=cargo,rustc
2026-10-08T11:21:43.4492009+09:00 cpu=25 busy=
2026-10-08T11:21:53.4681986+09:00 cpu=22 busy=
2026-10-08T11:22:03.4916849+09:00 cpu=23 busy=
2026-10-08T11:22:13.5195583+09:00 cpu=21 busy=
2026-10-08T11:22:23.5413324+09:00 cpu=27 busy=
2026-10-08T11:22:33.5848785+09:00 cpu=27 busy=cargo,rustc
2026-10-08T11:22:43.6132985+09:00 cpu=30 busy=cargo,rustc
2026-10-08T11:22:53.6450366+09:00 cpu=34 busy=cargo,rustc
2026-10-08T11:23:03.6712820+09:00 cpu=30 busy=cargo,rustc
2026-10-08T11:23:13.7112431+09:00 cpu=24 busy=cargo,rustc
2026-10-08T11:23:23.7353606+09:00 cpu=27 busy=cargo,rustc
2026-10-08T11:23:33.7808327+09:00 cpu=32 busy=cargo,rustc
2026-10-08T11:23:43.8120741+09:00 cpu=19 busy=
2026-10-08T11:23:53.8393888+09:00 cpu=17 busy=
2026-10-08T11:24:03.8651928+09:00 cpu=19 busy=
2026-10-08T11:24:13.8832092+09:00 cpu=18 busy=
2026-10-08T11:24:23.9202433+09:00 cpu=18 busy=
2026-10-08T11:24:33.9476385+09:00 cpu=17 busy=
2026-10-08T11:24:43.9782793+09:00 cpu=20 busy=
2026-10-08T11:24:54.0102185+09:00 cpu=20 busy=
2026-10-08T11:25:04.0405503+09:00 cpu=20 busy=
2026-10-08T11:25:14.0718963+09:00 cpu=20 busy=
2026-10-08T11:25:24.0966139+09:00 cpu=20 busy=
2026-10-08T11:25:34.1171400+09:00 cpu=18 busy=
2026-10-08T11:25:44.1466842+09:00 cpu=21 busy=
2026-10-08T11:25:54.1756391+09:00 cpu=28 busy=
2026-10-08T11:26:04.2121878+09:00 cpu=22 busy=
2026-10-08T11:26:14.2466936+09:00 cpu=20 busy=
2026-10-08T11:26:24.2709659+09:00 cpu=22 busy=
2026-10-08T11:26:34.3073129+09:00 cpu=16 busy=
2026-10-08T11:26:44.3423468+09:00 cpu=19 busy=
2026-10-08T11:26:54.3625261+09:00 cpu=21 busy=
2026-10-08T11:27:04.3910576+09:00 cpu=20 busy=
2026-10-08T11:27:14.4171544+09:00 cpu=15 busy=
2026-10-08T11:27:24.4512607+09:00 cpu=14 busy=
2026-10-08T11:27:34.4794860+09:00 cpu=15 busy=
2026-10-08T11:27:44.5088115+09:00 cpu=22 busy=
2026-10-08T11:27:54.5283444+09:00 cpu=21 busy=
2026-10-08T11:28:04.5610066+09:00 cpu=18 busy=
2026-10-08T11:28:14.6033008+09:00 cpu=22 busy=
2026-10-08T11:28:24.6351285+09:00 cpu=11 busy=
2026-10-08T11:28:34.6677816+09:00 cpu=24 busy=
2026-10-08T11:28:44.6907648+09:00 cpu=17 busy=
2026-10-08T11:28:54.7322890+09:00 cpu=21 busy=cargo,rustc
2026-10-08T11:29:04.7663607+09:00 cpu=20 busy=cargo,rustc
2026-10-08T11:29:14.7978363+09:00 cpu=21 busy=cargo,rustc
2026-10-08T11:29:24.8279238+09:00 cpu=25 busy=cargo,rustc
2026-10-08T11:29:34.8571671+09:00 cpu=100 busy=cargo,rustc
2026-10-08T11:29:44.8840719+09:00 cpu=100 busy=cargo,rustc
2026-10-08T11:29:54.9088471+09:00 cpu=100 busy=
2026-10-08T11:30:04.9394932+09:00 cpu=100 busy=
2026-10-08T11:30:14.9904727+09:00 cpu=100 busy=cargo,rustc
2026-10-08T11:30:25.0258265+09:00 cpu=69 busy=cargo,rustc
2026-10-08T11:30:35.0603001+09:00 cpu=22 busy=cargo,rustc
2026-10-08T11:30:45.0875778+09:00 cpu=17 busy=cargo,rustc
2026-10-08T11:30:55.1102253+09:00 cpu=20 busy=cargo,rustc
2026-10-08T11:31:05.1376060+09:00 cpu=20 busy=cargo,rustc
2026-10-08T11:31:15.1604361+09:00 cpu=21 busy=cargo,rustc
2026-10-08T11:31:25.1901251+09:00 cpu=32 busy=
2026-10-08T11:31:35.2202977+09:00 cpu=20 busy=
2026-10-08T11:31:45.2517301+09:00 cpu=14 busy=
2026-10-08T11:31:55.2748384+09:00 cpu=16 busy=
2026-10-08T11:32:05.2963857+09:00 cpu=16 busy=
2026-10-08T11:32:15.3276094+09:00 cpu=8 busy=
2026-10-08T11:32:25.3562784+09:00 cpu=12 busy=
2026-10-08T11:32:35.3846314+09:00 cpu=24 busy=cargo,link,rustc
2026-10-08T11:32:45.5539376+09:00 cpu=100 busy=cargo
2026-10-08T11:32:55.6052491+09:00 cpu=55 busy=cargo,cargo
2026-10-08T11:33:05.6364155+09:00 cpu=31 busy=cargo,cargo,rustc
2026-10-08T11:33:15.6793659+09:00 cpu=32 busy=cargo,cargo,rustc
2026-10-08T11:33:25.7157646+09:00 cpu=22 busy=cargo,rustc
2026-10-08T11:33:35.7463333+09:00 cpu=25 busy=cargo,rustc
2026-10-08T11:33:45.7760642+09:00 cpu=21 busy=cargo,rustc
2026-10-08T11:33:55.8098735+09:00 cpu=18 busy=
2026-10-08T11:34:05.8373630+09:00 cpu=10 busy=
2026-10-08T11:34:15.8639840+09:00 cpu=16 busy=
2026-10-08T11:34:25.8928930+09:00 cpu=100 busy=
2026-10-08T11:34:35.9195341+09:00 cpu=100 busy=cargo,rustc
2026-10-08T11:34:45.9479833+09:00 cpu=79 busy=cargo,rustc
2026-10-08T11:34:55.9863916+09:00 cpu=100 busy=cargo,rustc
2026-10-08T11:35:06.0093482+09:00 cpu=100 busy=cargo,rustc
2026-10-08T11:35:16.0482388+09:00 cpu=100 busy=cargo,rustc
2026-10-08T11:35:26.0739306+09:00 cpu=26 busy=cargo,rustc
2026-10-08T11:35:36.1113094+09:00 cpu=20 busy=cargo,rustc
2026-10-08T11:35:46.1432206+09:00 cpu=20 busy=
2026-10-08T11:35:56.1905264+09:00 cpu=14 busy=
2026-10-08T11:36:06.2182706+09:00 cpu=16 busy=
2026-10-08T11:36:16.2428374+09:00 cpu=19 busy=
2026-10-08T11:36:26.2715057+09:00 cpu=15 busy=
2026-10-08T11:36:36.3078877+09:00 cpu=20 busy=
2026-10-08T11:36:46.3387929+09:00 cpu=21 busy=
2026-10-08T11:36:56.3650027+09:00 cpu=20 busy=
2026-10-08T11:37:06.3951453+09:00 cpu=48 busy=
2026-10-08T11:37:16.4411293+09:00 cpu=21 busy=
2026-10-08T11:37:26.4827696+09:00 cpu=29 busy=
2026-10-08T11:37:36.5201546+09:00 cpu=100 busy=
2026-10-08T11:37:46.5505535+09:00 cpu=100 busy=
2026-10-08T11:37:56.5942445+09:00 cpu=100 busy=
2026-10-08T11:38:06.6380583+09:00 cpu=100 busy=
2026-10-08T11:38:16.6704265+09:00 cpu=100 busy=
2026-10-08T11:38:26.7004238+09:00 cpu=41 busy=
2026-10-08T11:38:36.7390391+09:00 cpu=13 busy=
2026-10-08T11:38:46.7700763+09:00 cpu=15 busy=
2026-10-08T11:38:56.7976570+09:00 cpu=19 busy=
2026-10-08T11:39:06.8322523+09:00 cpu=24 busy=
2026-10-08T11:39:16.8681254+09:00 cpu=17 busy=
2026-10-08T11:39:26.9018705+09:00 cpu=8 busy=
2026-10-08T11:39:36.9317403+09:00 cpu=23 busy=
2026-10-08T11:39:46.9667365+09:00 cpu=14 busy=
2026-10-08T11:39:56.9986282+09:00 cpu=12 busy=
2026-10-08T11:40:07.0189391+09:00 cpu=23 busy=
2026-10-08T11:40:17.0529045+09:00 cpu=14 busy=
2026-10-08T11:40:27.0827812+09:00 cpu=24 busy=
2026-10-08T11:40:37.1250374+09:00 cpu=28 busy=
2026-10-08T11:40:47.1662512+09:00 cpu=100 busy=
2026-10-08T11:40:57.2056455+09:00 cpu=100 busy=
2026-10-08T11:41:07.2628895+09:00 cpu=100 busy=
2026-10-08T11:41:17.2988678+09:00 cpu=100 busy=
2026-10-08T11:41:27.3402908+09:00 cpu=100 busy=
2026-10-08T11:41:37.3670933+09:00 cpu=100 busy=
2026-10-08T11:41:47.4063076+09:00 cpu=100 busy=
2026-10-08T11:41:57.4474091+09:00 cpu=100 busy=
2026-10-08T11:42:07.4977968+09:00 cpu=100 busy=
2026-10-08T11:42:17.5318124+09:00 cpu=100 busy=
2026-10-08T11:42:27.5741452+09:00 cpu=100 busy=
2026-10-08T11:42:37.6100861+09:00 cpu=100 busy=
2026-10-08T11:42:47.6445797+09:00 cpu=100 busy=
2026-10-08T11:42:57.6937388+09:00 cpu=87 busy=
2026-10-08T11:43:07.7268794+09:00 cpu=100 busy=
2026-10-08T11:43:17.7643728+09:00 cpu=100 busy=
2026-10-08T11:43:27.7908188+09:00 cpu=18 busy=
2026-10-08T11:43:37.8200891+09:00 cpu=25 busy=
2026-10-08T11:43:47.8479815+09:00 cpu=19 busy=
2026-10-08T11:43:57.8710393+09:00 cpu=20 busy=
2026-10-08T11:44:07.8988307+09:00 cpu=25 busy=
2026-10-08T11:44:17.9252380+09:00 cpu=21 busy=
2026-10-08T11:44:27.9573487+09:00 cpu=98 busy=
2026-10-08T11:44:37.9841095+09:00 cpu=100 busy=
2026-10-08T11:44:48.0195318+09:00 cpu=100 busy=
2026-10-08T11:44:58.0549806+09:00 cpu=100 busy=
2026-10-08T11:45:08.0959460+09:00 cpu=100 busy=
2026-10-08T11:45:18.1266937+09:00 cpu=100 busy=
2026-10-08T11:45:28.1728624+09:00 cpu=100 busy=
2026-10-08T11:45:38.1962564+09:00 cpu=100 busy=
2026-10-08T11:45:48.2366004+09:00 cpu=97 busy=
2026-10-08T11:45:58.2928443+09:00 cpu=100 busy=
2026-10-08T11:46:08.3274956+09:00 cpu=100 busy=
2026-10-08T11:46:18.3880115+09:00 cpu=100 busy=
2026-10-08T11:46:28.4237111+09:00 cpu=100 busy=
2026-10-08T11:46:38.4681404+09:00 cpu=100 busy=
2026-10-08T11:46:48.5201554+09:00 cpu=100 busy=
2026-10-08T11:46:58.5569048+09:00 cpu=77 busy=
2026-10-08T11:47:08.5906733+09:00 cpu=100 busy=
2026-10-08T11:47:18.6409409+09:00 cpu=100 busy=
2026-10-08T11:47:28.6774327+09:00 cpu=94 busy=
2026-10-08T11:47:38.7143951+09:00 cpu=97 busy=cargo
2026-10-08T11:47:48.7674375+09:00 cpu=95 busy=cargo,cargo,rustc
2026-10-08T11:47:58.8164663+09:00 cpu=94 busy=cargo,cargo,rustc
2026-10-08T11:48:08.8659014+09:00 cpu=97 busy=cargo,cargo,rustc
2026-10-08T11:48:18.8944782+09:00 cpu=94 busy=cargo,cargo,rustc
2026-10-08T11:48:28.9232041+09:00 cpu=96 busy=cargo,cargo,rustc
2026-10-08T11:48:38.9711957+09:00 cpu=93 busy=cargo,cargo,rustc
2026-10-08T11:48:49.0052332+09:00 cpu=96 busy=cargo,cargo,rustc
2026-10-08T11:48:59.0412387+09:00 cpu=96 busy=cargo,cargo,rustc
2026-10-08T11:49:09.0900485+09:00 cpu=97 busy=cargo,cargo
2026-10-08T11:49:19.1216179+09:00 cpu=97 busy=cargo,cargo
2026-10-08T11:49:29.1545992+09:00 cpu=96 busy=cargo,cargo
2026-10-08T11:49:39.1967688+09:00 cpu=96 busy=cargo,cargo
2026-10-08T11:49:49.2308549+09:00 cpu=96 busy=cargo,cargo
2026-10-08T11:49:59.2683273+09:00 cpu=92 busy=cargo,cargo
2026-10-08T11:50:09.3235291+09:00 cpu=96 busy=cargo,cargo
2026-10-08T11:50:19.3573732+09:00 cpu=98 busy=cargo,cargo,rustc
2026-10-08T11:50:29.4069983+09:00 cpu=95 busy=cargo,cargo
2026-10-08T11:50:39.4646393+09:00 cpu=96 busy=cargo,cargo
2026-10-08T11:50:49.5178535+09:00 cpu=96 busy=cargo,cargo
2026-10-08T11:50:59.5728405+09:00 cpu=95 busy=cargo,cargo,rustc
2026-10-08T11:51:09.6282690+09:00 cpu=98 busy=cargo,cargo
2026-10-08T11:51:19.6739061+09:00 cpu=98 busy=cargo,cargo,rustc
2026-10-08T11:51:29.7204160+09:00 cpu=96 busy=cargo,cargo,rustc
2026-10-08T11:51:39.7696680+09:00 cpu=96 busy=cargo,cargo
2026-10-08T11:51:49.8162604+09:00 cpu=97 busy=cargo,cargo
2026-10-08T11:51:59.8490293+09:00 cpu=96 busy=cargo,cargo
2026-10-08T11:52:09.8918695+09:00 cpu=95 busy=cargo,rustc
2026-10-08T11:52:19.9385628+09:00 cpu=92 busy=cargo,rustc
2026-10-08T11:52:29.9688763+09:00 cpu=96 busy=cargo
2026-10-08T11:52:40.0089029+09:00 cpu=96 busy=cargo,rustc
2026-10-08T11:52:50.0578621+09:00 cpu=97 busy=cargo,rustc
2026-10-08T11:53:00.1115553+09:00 cpu=91 busy=cargo,rustc
2026-10-08T11:53:10.1655351+09:00 cpu=94 busy=cargo,rustc
2026-10-08T11:53:20.2167040+09:00 cpu=97 busy=cargo
2026-10-08T11:53:30.2475454+09:00 cpu=94 busy=cargo
2026-10-08T11:53:40.2940961+09:00 cpu=93 busy=cargo
2026-10-08T11:53:50.3344195+09:00 cpu=95 busy=cargo
2026-10-08T11:54:00.3887958+09:00 cpu=96 busy=cargo,rustc
2026-10-08T11:54:10.4323509+09:00 cpu=97 busy=cargo,rustc
2026-10-08T11:54:20.4637105+09:00 cpu=97 busy=cargo,rustc
2026-10-08T11:54:30.5094528+09:00 cpu=94 busy=cargo,rustc
2026-10-08T11:54:40.5487362+09:00 cpu=96 busy=cargo,rustc
2026-10-08T11:54:50.6003999+09:00 cpu=97 busy=cargo,rustc
2026-10-08T11:55:00.6468440+09:00 cpu=98 busy=cargo,rustc
2026-10-08T11:55:10.6893434+09:00 cpu=97 busy=cargo,rustc
2026-10-08T11:55:20.7389575+09:00 cpu=95 busy=cargo,rustc
2026-10-08T11:55:30.7842451+09:00 cpu=98 busy=cargo,rustc
2026-10-08T11:55:40.8376104+09:00 cpu=97 busy=cargo,link,rustc
2026-10-08T11:55:50.8781169+09:00 cpu=97 busy=cargo
2026-10-08T11:56:00.9194229+09:00 cpu=97 busy=cargo
2026-10-08T11:56:10.9713228+09:00 cpu=98 busy=cargo,rustc
2026-10-08T11:56:21.0216742+09:00 cpu=92 busy=cargo
2026-10-08T11:56:31.0637819+09:00 cpu=95 busy=cargo,rustc
2026-10-08T11:56:41.1103159+09:00 cpu=93 busy=cargo,rustc
2026-10-08T11:56:51.1623531+09:00 cpu=97 busy=cargo,rustc
2026-10-08T11:57:01.2039404+09:00 cpu=94 busy=cargo,rustc
2026-10-08T11:57:11.2512291+09:00 cpu=93 busy=cargo,rustc
2026-10-08T11:57:21.2993872+09:00 cpu=94 busy=cargo,rustc
2026-10-08T11:57:31.3424259+09:00 cpu=96 busy=cargo,rustc
2026-10-08T11:57:41.3848025+09:00 cpu=98 busy=cargo,rustc
2026-10-08T11:57:51.4272069+09:00 cpu=98 busy=cargo,link,rustc
2026-10-08T11:58:01.4693408+09:00 cpu=98 busy=cargo,rustc
2026-10-08T11:58:11.5075547+09:00 cpu=93 busy=cargo,link,rustc
2026-10-08T11:58:21.5486731+09:00 cpu=96 busy=cargo,rustc
2026-10-08T11:58:31.5873787+09:00 cpu=97 busy=cargo,link,rustc
2026-10-08T11:58:41.6347894+09:00 cpu=96 busy=cargo,rustc
2026-10-08T11:58:51.6821725+09:00 cpu=94 busy=cargo,rustc
2026-10-08T11:59:01.7142891+09:00 cpu=95 busy=cargo,link,rustc
2026-10-08T11:59:11.7495349+09:00 cpu=97 busy=cargo,link,rustc
2026-10-08T11:59:21.7890929+09:00 cpu=96 busy=cargo,rustc
2026-10-08T11:59:31.8184753+09:00 cpu=97 busy=cargo,rustc
2026-10-08T11:59:41.8603424+09:00 cpu=95 busy=cargo,rustc
2026-10-08T11:59:51.9137862+09:00 cpu=98 busy=cargo,rustc
2026-10-08T12:00:01.9521896+09:00 cpu=98 busy=cargo,rustc
2026-10-08T12:00:12.0020154+09:00 cpu=93 busy=cargo,rustc
2026-10-08T12:00:22.0580157+09:00 cpu=95 busy=cargo,rustc
2026-10-08T12:00:32.0991480+09:00 cpu=96 busy=cargo,rustc
2026-10-08T12:00:42.1557150+09:00 cpu=94 busy=cargo
2026-10-08T12:00:52.1857317+09:00 cpu=96 busy=cargo
2026-10-08T12:01:02.2204895+09:00 cpu=96 busy=cargo
2026-10-08T12:01:12.2621506+09:00 cpu=97 busy=cargo
2026-10-08T12:01:22.2967833+09:00 cpu=92 busy=cargo
2026-10-08T12:01:32.3417099+09:00 cpu=95 busy=cargo
2026-10-08T12:01:42.3759841+09:00 cpu=97 busy=cargo
2026-10-08T12:01:52.4200292+09:00 cpu=95 busy=cargo
2026-10-08T12:02:02.4496097+09:00 cpu=97 busy=cargo
2026-10-08T12:02:12.4780118+09:00 cpu=96 busy=cargo
2026-10-08T12:02:22.5126526+09:00 cpu=96 busy=cargo
2026-10-08T12:02:32.5490232+09:00 cpu=96 busy=cargo
2026-10-08T12:02:42.5904803+09:00 cpu=96 busy=cargo
2026-10-08T12:02:52.6162762+09:00 cpu=97 busy=cargo
2026-10-08T12:03:02.6481020+09:00 cpu=95 busy=cargo
2026-10-08T12:03:12.6876529+09:00 cpu=95 busy=cargo
2026-10-08T12:03:22.7228624+09:00 cpu=96 busy=cargo
2026-10-08T12:03:32.7639689+09:00 cpu=92 busy=cargo
2026-10-08T12:03:42.7967898+09:00 cpu=96 busy=cargo
2026-10-08T12:03:52.8326557+09:00 cpu=94 busy=cargo
2026-10-08T12:04:02.8642561+09:00 cpu=96 busy=cargo
2026-10-08T12:04:12.9033701+09:00 cpu=93 busy=cargo
2026-10-08T12:04:22.9286325+09:00 cpu=93 busy=cargo
2026-10-08T12:04:32.9672079+09:00 cpu=91 busy=cargo
2026-10-08T12:04:43.0079578+09:00 cpu=96 busy=cargo
2026-10-08T12:04:53.0363881+09:00 cpu=97 busy=cargo
2026-10-08T12:05:03.0767680+09:00 cpu=95 busy=cargo
2026-10-08T12:05:13.1114995+09:00 cpu=92 busy=cargo
2026-10-08T12:05:23.1446370+09:00 cpu=95 busy=cargo
2026-10-08T12:05:33.1722668+09:00 cpu=94 busy=cargo
2026-10-08T12:05:43.2248910+09:00 cpu=95 busy=cargo
2026-10-08T12:05:53.2802465+09:00 cpu=95 busy=cargo
2026-10-08T12:06:03.3259297+09:00 cpu=96 busy=cargo
2026-10-08T12:06:13.3724636+09:00 cpu=95 busy=cargo
2026-10-08T12:06:23.4098186+09:00 cpu=94 busy=cargo
2026-10-08T12:06:33.4583088+09:00 cpu=93 busy=cargo
2026-10-08T12:06:43.5053531+09:00 cpu=94 busy=cargo
2026-10-08T12:06:53.5338791+09:00 cpu=92 busy=cargo
2026-10-08T12:07:03.5794895+09:00 cpu=97 busy=cargo
2026-10-08T12:07:13.6174950+09:00 cpu=97 busy=cargo
2026-10-08T12:07:23.6691609+09:00 cpu=97 busy=cargo
2026-10-08T12:07:33.7053039+09:00 cpu=96 busy=cargo
2026-10-08T12:07:43.7555337+09:00 cpu=96 busy=cargo
2026-10-08T12:07:53.8067884+09:00 cpu=92 busy=cargo
2026-10-08T12:08:03.8460113+09:00 cpu=96 busy=cargo
2026-10-08T12:08:13.8806227+09:00 cpu=95 busy=cargo
2026-10-08T12:08:23.9229064+09:00 cpu=97 busy=cargo
2026-10-08T12:08:33.9516905+09:00 cpu=96 busy=
2026-10-08T12:08:43.9931867+09:00 cpu=96 busy=
2026-10-08T12:08:54.0306204+09:00 cpu=94 busy=
2026-10-08T12:09:04.0763285+09:00 cpu=95 busy=
2026-10-08T12:09:14.1117351+09:00 cpu=93 busy=
2026-10-08T12:09:24.1600191+09:00 cpu=93 busy=
2026-10-08T12:09:34.2114904+09:00 cpu=93 busy=
2026-10-08T12:09:44.2494323+09:00 cpu=93 busy=
2026-10-08T12:09:54.2871935+09:00 cpu=98 busy=
2026-10-08T12:10:04.3172870+09:00 cpu=90 busy=
2026-10-08T12:10:14.3514195+09:00 cpu=97 busy=
2026-10-08T12:10:24.3885945+09:00 cpu=96 busy=
2026-10-08T12:10:34.4228442+09:00 cpu=93 busy=
2026-10-08T12:10:44.4729651+09:00 cpu=93 busy=
2026-10-08T12:10:54.4995049+09:00 cpu=94 busy=
2026-10-08T12:11:04.5247041+09:00 cpu=93 busy=
2026-10-08T12:11:14.5816323+09:00 cpu=98 busy=
2026-10-08T12:11:24.6193464+09:00 cpu=93 busy=
2026-10-08T12:11:34.6721232+09:00 cpu=95 busy=
2026-10-08T12:11:44.7168226+09:00 cpu=95 busy=
2026-10-08T12:11:54.7550204+09:00 cpu=93 busy=
2026-10-08T12:12:04.7946974+09:00 cpu=96 busy=
2026-10-08T12:12:14.8463215+09:00 cpu=92 busy=
2026-10-08T12:12:24.8941221+09:00 cpu=97 busy=
2026-10-08T12:12:34.9495668+09:00 cpu=94 busy=
2026-10-08T12:12:45.0011242+09:00 cpu=97 busy=
2026-10-08T12:12:55.0518509+09:00 cpu=93 busy=
2026-10-08T12:13:05.1044846+09:00 cpu=97 busy=
2026-10-08T12:13:15.1445340+09:00 cpu=94 busy=
2026-10-08T12:13:25.1726599+09:00 cpu=93 busy=
2026-10-08T12:13:35.2147409+09:00 cpu=96 busy=
2026-10-08T12:13:45.2651737+09:00 cpu=96 busy=
2026-10-08T12:13:55.3077183+09:00 cpu=96 busy=
2026-10-08T12:14:05.3491675+09:00 cpu=90 busy=
2026-10-08T12:14:15.3775013+09:00 cpu=96 busy=
2026-10-08T12:14:25.4203023+09:00 cpu=94 busy=
2026-10-08T12:14:35.4712648+09:00 cpu=93 busy=
2026-10-08T12:14:45.5103654+09:00 cpu=95 busy=
2026-10-08T12:14:55.5552516+09:00 cpu=93 busy=
2026-10-08T12:15:05.5924777+09:00 cpu=97 busy=
2026-10-08T12:15:15.6398783+09:00 cpu=97 busy=
2026-10-08T12:15:25.6805105+09:00 cpu=94 busy=
2026-10-08T12:15:35.7268042+09:00 cpu=95 busy=
2026-10-08T12:15:45.7689348+09:00 cpu=95 busy=
2026-10-08T12:15:55.8072667+09:00 cpu=97 busy=
2026-10-08T12:16:05.8445831+09:00 cpu=97 busy=
2026-10-08T12:16:15.8859077+09:00 cpu=94 busy=
2026-10-08T12:16:25.9376631+09:00 cpu=97 busy=
2026-10-08T12:16:35.9868641+09:00 cpu=94 busy=
2026-10-08T12:16:46.0350012+09:00 cpu=94 busy=
2026-10-08T12:16:56.0829091+09:00 cpu=95 busy=
2026-10-08T12:17:06.1337285+09:00 cpu=95 busy=
2026-10-08T12:17:16.1866643+09:00 cpu=91 busy=
2026-10-08T12:17:26.2230923+09:00 cpu=92 busy=
2026-10-08T12:17:36.2707653+09:00 cpu=96 busy=
2026-10-08T12:17:46.3183492+09:00 cpu=93 busy=
2026-10-08T12:17:56.3671623+09:00 cpu=94 busy=
2026-10-08T12:18:06.4045149+09:00 cpu=91 busy=
2026-10-08T12:18:16.4543538+09:00 cpu=91 busy=
2026-10-08T12:18:26.5023430+09:00 cpu=92 busy=
2026-10-08T12:18:36.5569092+09:00 cpu=97 busy=
2026-10-08T12:18:46.6109640+09:00 cpu=92 busy=
2026-10-08T12:18:56.6559315+09:00 cpu=93 busy=
2026-10-08T12:19:06.6999039+09:00 cpu=95 busy=
2026-10-08T12:19:16.7426079+09:00 cpu=92 busy=
2026-10-08T12:19:26.7821676+09:00 cpu=93 busy=
2026-10-08T12:19:36.8312869+09:00 cpu=95 busy=
2026-10-08T12:19:46.8818179+09:00 cpu=89 busy=
2026-10-08T12:19:56.9157127+09:00 cpu=93 busy=
2026-10-08T12:20:06.9558101+09:00 cpu=93 busy=
2026-10-08T12:20:17.0168090+09:00 cpu=95 busy=
2026-10-08T12:20:27.0588103+09:00 cpu=94 busy=
2026-10-08T12:20:37.0999048+09:00 cpu=95 busy=
2026-10-08T12:20:47.1528959+09:00 cpu=93 busy=
2026-10-08T12:20:57.1936746+09:00 cpu=98 busy=
2026-10-08T12:21:07.2373330+09:00 cpu=97 busy=
2026-10-08T12:21:17.2815680+09:00 cpu=95 busy=
2026-10-08T12:21:27.3140076+09:00 cpu=97 busy=
2026-10-08T12:21:37.3538249+09:00 cpu=97 busy=
2026-10-08T12:21:47.3998062+09:00 cpu=96 busy=
2026-10-08T12:21:57.4508653+09:00 cpu=92 busy=
2026-10-08T12:22:07.4937634+09:00 cpu=92 busy=
2026-10-08T12:22:17.5409199+09:00 cpu=92 busy=
2026-10-08T12:22:27.5947237+09:00 cpu=94 busy=
2026-10-08T12:22:37.6466111+09:00 cpu=92 busy=
2026-10-08T12:22:47.6925649+09:00 cpu=95 busy=
2026-10-08T12:22:57.7344924+09:00 cpu=96 busy=
2026-10-08T12:23:07.7935589+09:00 cpu=100 busy=
2026-10-08T12:23:17.8309081+09:00 cpu=100 busy=
2026-10-08T12:23:27.8651319+09:00 cpu=100 busy=
2026-10-08T12:23:37.9169673+09:00 cpu=100 busy=
2026-10-08T12:23:47.9586970+09:00 cpu=100 busy=
2026-10-08T12:23:58.0076550+09:00 cpu=100 busy=
2026-10-08T12:24:08.0494370+09:00 cpu=100 busy=
2026-10-08T12:24:18.0933993+09:00 cpu=100 busy=
2026-10-08T12:24:28.1453142+09:00 cpu=100 busy=
2026-10-08T12:24:38.1819523+09:00 cpu=100 busy=
2026-10-08T12:24:48.2409855+09:00 cpu=100 busy=
2026-10-08T12:24:58.2932672+09:00 cpu=100 busy=
2026-10-08T12:25:08.3253198+09:00 cpu=100 busy=
2026-10-08T12:25:18.3706249+09:00 cpu=98 busy=
2026-10-08T12:25:28.4116782+09:00 cpu=100 busy=
2026-10-08T12:25:38.4594800+09:00 cpu=100 busy=
2026-10-08T12:25:48.4989434+09:00 cpu=97 busy=
2026-10-08T12:25:58.5376530+09:00 cpu=97 busy=
2026-10-08T12:26:08.5786942+09:00 cpu=94 busy=
2026-10-08T12:26:18.6327173+09:00 cpu=90 busy=
2026-10-08T12:26:28.6789376+09:00 cpu=98 busy=
2026-10-08T12:26:38.7167295+09:00 cpu=95 busy=
2026-10-08T12:26:48.7477185+09:00 cpu=96 busy=
2026-10-08T12:26:58.7778016+09:00 cpu=93 busy=
2026-10-08T12:27:08.8368923+09:00 cpu=96 busy=
2026-10-08T12:27:18.8885851+09:00 cpu=97 busy=
2026-10-08T12:27:28.9267802+09:00 cpu=95 busy=
2026-10-08T12:27:38.9663196+09:00 cpu=90 busy=
2026-10-08T12:27:49.0105913+09:00 cpu=91 busy=
2026-10-08T12:27:59.0606281+09:00 cpu=93 busy=
2026-10-08T12:28:09.1161965+09:00 cpu=95 busy=
2026-10-08T12:28:19.1737646+09:00 cpu=96 busy=
2026-10-08T12:28:29.2023065+09:00 cpu=94 busy=
2026-10-08T12:28:39.2473249+09:00 cpu=94 busy=
2026-10-08T12:28:49.2743890+09:00 cpu=96 busy=
2026-10-08T12:28:59.3121699+09:00 cpu=95 busy=
2026-10-08T12:29:09.3816539+09:00 cpu=96 busy=
2026-10-08T12:29:19.4472563+09:00 cpu=98 busy=
2026-10-08T12:29:29.5482186+09:00 cpu=100 busy=
2026-10-08T12:29:39.6076760+09:00 cpu=96 busy=
2026-10-08T12:29:49.6543400+09:00 cpu=96 busy=
2026-10-08T12:29:59.6976813+09:00 cpu=94 busy=
2026-10-08T12:30:09.7459211+09:00 cpu=93 busy=
2026-10-08T12:30:19.7926116+09:00 cpu=97 busy=
2026-10-08T12:30:29.8363394+09:00 cpu=94 busy=
2026-10-08T12:30:39.8818012+09:00 cpu=94 busy=
2026-10-08T12:30:49.9348103+09:00 cpu=92 busy=
2026-10-08T12:30:59.9819619+09:00 cpu=93 busy=
2026-10-08T12:31:10.0339751+09:00 cpu=92 busy=
2026-10-08T12:31:20.0907818+09:00 cpu=98 busy=
2026-10-08T12:31:30.1319620+09:00 cpu=93 busy=
2026-10-08T12:31:40.1826605+09:00 cpu=95 busy=
2026-10-08T12:31:50.2342402+09:00 cpu=95 busy=
2026-10-08T12:32:00.2823130+09:00 cpu=96 busy=
2026-10-08T12:32:10.3281471+09:00 cpu=25 busy=
2026-10-08T12:32:20.3565689+09:00 cpu=23 busy=
2026-10-08T12:32:30.3877545+09:00 cpu=27 busy=
2026-10-08T12:32:40.4296273+09:00 cpu=22 busy=cargo,rustc
2026-10-08T12:32:50.4581301+09:00 cpu=31 busy=cargo,rustc
2026-10-08T12:33:00.5067833+09:00 cpu=38 busy=cargo
2026-10-08T12:33:10.5419039+09:00 cpu=24 busy=cargo
2026-10-08T12:33:20.5746132+09:00 cpu=32 busy=cargo
2026-10-08T12:33:30.5942500+09:00 cpu=27 busy=cargo
2026-10-08T12:33:40.6162074+09:00 cpu=30 busy=cargo
2026-10-08T12:33:50.6588685+09:00 cpu=40 busy=cargo,link,rustc
2026-10-08T12:34:00.6945644+09:00 cpu=30 busy=cargo,rustc
2026-10-08T12:34:10.7202828+09:00 cpu=18 busy=cargo,rustc
2026-10-08T12:34:20.7490792+09:00 cpu=17 busy=cargo,rustc
2026-10-08T12:34:30.7732324+09:00 cpu=24 busy=cargo,rustc
2026-10-08T12:34:40.7949363+09:00 cpu=20 busy=cargo,rustc
2026-10-08T12:34:50.8295474+09:00 cpu=24 busy=cargo,rustc
2026-10-08T12:35:00.8639936+09:00 cpu=15 busy=
2026-10-08T12:35:10.9169891+09:00 cpu=26 busy=cargo,rustc
2026-10-08T12:35:20.9629358+09:00 cpu=93 busy=cargo,rustc
2026-10-08T12:35:31.0001972+09:00 cpu=43 busy=cargo,link,rustc
2026-10-08T12:35:41.0286333+09:00 cpu=13 busy=
2026-10-08T12:35:51.0512534+09:00 cpu=24 busy=cargo,rustc
2026-10-08T12:36:01.0741717+09:00 cpu=23 busy=cargo
2026-10-08T12:36:11.0950506+09:00 cpu=32 busy=cargo
2026-10-08T12:36:21.1176860+09:00 cpu=18 busy=cargo
2026-10-08T12:36:31.1430930+09:00 cpu=24 busy=
2026-10-08T12:36:41.1724771+09:00 cpu=30 busy=
2026-10-08T12:36:51.2017632+09:00 cpu=27 busy=
2026-10-08T12:37:01.2582311+09:00 cpu=40 busy=cargo,link,rustc
2026-10-08T12:37:11.2865823+09:00 cpu=34 busy=cargo
2026-10-08T12:37:21.3169090+09:00 cpu=30 busy=cargo,rustc
2026-10-08T12:37:31.3547783+09:00 cpu=51 busy=cargo
2026-10-08T12:37:41.3885561+09:00 cpu=45 busy=cargo
2026-10-08T12:37:51.4171398+09:00 cpu=23 busy=cargo
2026-10-08T12:38:01.4635618+09:00 cpu=33 busy=cargo
2026-10-08T12:38:11.5021958+09:00 cpu=24 busy=cargo
2026-10-08T12:38:21.5197512+09:00 cpu=29 busy=cargo
2026-10-08T12:38:31.5460777+09:00 cpu=29 busy=cargo,link,rustc
2026-10-08T12:38:41.5702998+09:00 cpu=29 busy=cargo,rustc
2026-10-08T12:38:51.6095493+09:00 cpu=100 busy=cargo,rustc
2026-10-08T12:39:01.6500610+09:00 cpu=100 busy=cargo
2026-10-08T12:39:11.6938987+09:00 cpu=100 busy=cargo,rustc
2026-10-08T12:39:21.7411999+09:00 cpu=100 busy=cargo,rustc
2026-10-08T12:39:31.7726305+09:00 cpu=100 busy=cargo,rustc
2026-10-08T12:39:41.8174164+09:00 cpu=100 busy=cargo
2026-10-08T12:39:51.8508000+09:00 cpu=100 busy=cargo,rustc
2026-10-08T12:40:01.8803175+09:00 cpu=100 busy=cargo,rustc
2026-10-08T12:40:11.9149006+09:00 cpu=100 busy=cargo,rustc
2026-10-08T12:40:21.9605854+09:00 cpu=100 busy=cargo,rustc
2026-10-08T12:40:32.0189393+09:00 cpu=100 busy=cargo,rustc
2026-10-08T12:40:42.0740791+09:00 cpu=100 busy=cargo,rustc
2026-10-08T12:40:52.1195720+09:00 cpu=100 busy=cargo,rustc
2026-10-08T12:41:02.1750068+09:00 cpu=100 busy=cargo,rustc
2026-10-08T12:41:12.2242142+09:00 cpu=100 busy=cargo,rustc
2026-10-08T12:41:22.2910479+09:00 cpu=92 busy=cargo,rustc
2026-10-08T12:41:32.3451443+09:00 cpu=100 busy=cargo,rustc
2026-10-08T12:41:42.3934284+09:00 cpu=76 busy=cargo,rustc
2026-10-08T12:41:52.4401576+09:00 cpu=100 busy=cargo,rustc
2026-10-08T12:42:02.4943505+09:00 cpu=100 busy=cargo,rustc
2026-10-08T12:42:12.5446155+09:00 cpu=87 busy=cargo,rustc
2026-10-08T12:42:22.6177348+09:00 cpu=96 busy=cargo,rustc
2026-10-08T12:42:32.6731992+09:00 cpu=96 busy=cargo,rustc
2026-10-08T12:42:42.7167357+09:00 cpu=98 busy=cargo,rustc
2026-10-08T12:42:52.7676981+09:00 cpu=96 busy=cargo,rustc
2026-10-08T12:43:02.8056305+09:00 cpu=95 busy=cargo,rustc
2026-10-08T12:43:12.8436173+09:00 cpu=96 busy=cargo,rustc
2026-10-08T12:43:22.9115117+09:00 cpu=98 busy=cargo,cargo,cargo,rustc
2026-10-08T12:43:32.9579583+09:00 cpu=96 busy=cargo,rustc
2026-10-08T12:43:43.0155950+09:00 cpu=93 busy=cargo,cargo,cargo,rustc
2026-10-08T12:43:53.0794965+09:00 cpu=98 busy=cargo,cargo,cargo,rustc
2026-10-08T12:44:03.1300192+09:00 cpu=97 busy=cargo,rustc
2026-10-08T12:44:13.1655620+09:00 cpu=97 busy=cargo,rustc
2026-10-08T12:44:23.2064559+09:00 cpu=98 busy=cargo
2026-10-08T12:44:33.2580029+09:00 cpu=97 busy=cargo,cargo
2026-10-08T12:44:43.3200807+09:00 cpu=97 busy=cargo,rustc
2026-10-08T12:44:53.3630495+09:00 cpu=96 busy=cargo,rustc
2026-10-08T12:45:03.4171993+09:00 cpu=95 busy=cargo,rustc
2026-10-08T12:45:13.4746616+09:00 cpu=98 busy=cargo,link,rustc
2026-10-08T12:45:23.5122165+09:00 cpu=99 busy=cargo,link,rustc
2026-10-08T12:45:33.5479047+09:00 cpu=97 busy=cargo,rustc
2026-10-08T12:45:43.5982510+09:00 cpu=95 busy=cargo,rustc
2026-10-08T12:45:53.6401914+09:00 cpu=93 busy=cargo,rustc
2026-10-08T12:46:03.6897377+09:00 cpu=94 busy=cargo,rustc
2026-10-08T12:46:13.7375808+09:00 cpu=96 busy=cargo,rustc
2026-10-08T12:46:23.7826143+09:00 cpu=97 busy=cargo,rustc
2026-10-08T12:46:36.2213773+09:00 cpu=100 busy=cargo
2026-10-08T12:46:46.8988777+09:00 cpu=100 busy=cargo
2026-10-08T12:46:57.3437792+09:00 cpu=96 busy=cargo
2026-10-08T12:47:07.3844550+09:00 cpu=98 busy=cargo
2026-10-08T12:47:17.4320814+09:00 cpu=97 busy=cargo,cargo,rustc
2026-10-08T12:47:27.4794784+09:00 cpu=96 busy=cargo,rustc
2026-10-08T12:47:37.5292974+09:00 cpu=99 busy=cargo,cargo,link,rustc,rustc
2026-10-08T12:47:47.5832571+09:00 cpu=96 busy=cargo,cargo,rustc
2026-10-08T12:47:57.6365946+09:00 cpu=97 busy=cargo,cargo,rustc
2026-10-08T12:48:07.6846801+09:00 cpu=96 busy=cargo,cargo,rustc
2026-10-08T12:48:17.7100069+09:00 cpu=96 busy=cargo,rustc
2026-10-08T12:48:27.7606480+09:00 cpu=95 busy=cargo,rustc
2026-10-08T12:48:37.8045352+09:00 cpu=98 busy=cargo,rustc
2026-10-08T12:48:47.8583974+09:00 cpu=97 busy=cargo,rustc
2026-10-08T12:48:57.9063578+09:00 cpu=97 busy=cargo,rustc
2026-10-08T12:49:07.9618908+09:00 cpu=96 busy=cargo,rustc
2026-10-08T12:49:18.0089976+09:00 cpu=97 busy=cargo,rustc
2026-10-08T12:49:28.0656013+09:00 cpu=97 busy=cargo,cargo,rustc
2026-10-08T12:49:38.1041533+09:00 cpu=97 busy=cargo,cargo,rustc,rustc
2026-10-08T12:49:48.1383504+09:00 cpu=95 busy=cargo,rustc
2026-10-08T12:49:58.1717064+09:00 cpu=96 busy=cargo,rustc
2026-10-08T12:50:08.2167259+09:00 cpu=96 busy=cargo,rustc
2026-10-08T12:50:18.2614589+09:00 cpu=94 busy=cargo,rustc
2026-10-08T12:50:28.3032548+09:00 cpu=96 busy=cargo,rustc
2026-10-08T12:50:38.3453710+09:00 cpu=93 busy=cargo
2026-10-08T12:50:48.3888826+09:00 cpu=94 busy=cargo,rustc
2026-10-08T12:50:58.4365730+09:00 cpu=97 busy=cargo,rustc
2026-10-08T12:51:08.4874022+09:00 cpu=96 busy=cargo,rustc
2026-10-08T12:51:18.5334056+09:00 cpu=95 busy=cargo,rustc
2026-10-08T12:51:28.5723110+09:00 cpu=97 busy=cargo,rustc
2026-10-08T12:51:38.6148435+09:00 cpu=98 busy=cargo,rustc
2026-10-08T12:51:48.6636443+09:00 cpu=97 busy=cargo,rustc
2026-10-08T12:51:58.7394586+09:00 cpu=96 busy=cargo,rustc
2026-10-08T12:52:08.7840070+09:00 cpu=97 busy=cargo,rustc
2026-10-08T12:52:18.8300422+09:00 cpu=97 busy=cargo,rustc
2026-10-08T12:52:28.8753816+09:00 cpu=97 busy=cargo,rustc
2026-10-08T12:52:38.9160254+09:00 cpu=94 busy=cargo,rustc
2026-10-08T12:52:48.9622031+09:00 cpu=97 busy=cargo,rustc
2026-10-08T12:52:59.0065320+09:00 cpu=98 busy=cargo,rustc
2026-10-08T12:53:09.0534158+09:00 cpu=98 busy=cargo,rustc
2026-10-08T12:53:19.0946405+09:00 cpu=91 busy=cargo,rustc
2026-10-08T12:53:29.1395802+09:00 cpu=94 busy=cargo,rustc
2026-10-08T12:53:39.1808042+09:00 cpu=97 busy=cargo,cargo,rustc,rustc
2026-10-08T12:53:49.2177354+09:00 cpu=96 busy=cargo,cargo,rustc,rustc
2026-10-08T12:53:59.2645228+09:00 cpu=97 busy=cargo,cargo,rustc,rustc
2026-10-08T12:54:09.3496172+09:00 cpu=100 busy=cargo,cargo,rustc
2026-10-08T12:54:19.3891628+09:00 cpu=95 busy=cargo,cargo,rustc,rustc
2026-10-08T12:54:29.4396319+09:00 cpu=94 busy=cargo,cargo,rustc,rustc
2026-10-08T12:54:39.4989661+09:00 cpu=94 busy=cargo,cargo,rustc,rustc
2026-10-08T12:54:49.5550492+09:00 cpu=94 busy=cargo,cargo,rustc,rustc
2026-10-08T12:54:59.5933518+09:00 cpu=99 busy=cargo,cargo,rustc,rustc
2026-10-08T12:55:09.6375178+09:00 cpu=98 busy=cargo,cargo,rustc,rustc
2026-10-08T12:55:19.6890391+09:00 cpu=98 busy=cargo,cargo,rustc,rustc
2026-10-08T12:55:29.7472920+09:00 cpu=97 busy=cargo,cargo,rustc,rustc
2026-10-08T12:55:39.7978911+09:00 cpu=97 busy=cargo,cargo,rustc,rustc
2026-10-08T12:55:49.8552292+09:00 cpu=97 busy=cargo,cargo,rustc,rustc
2026-10-08T12:55:59.9082267+09:00 cpu=92 busy=
2026-10-08T12:56:09.9435363+09:00 cpu=96 busy=
2026-10-08T12:56:19.9942367+09:00 cpu=93 busy=
2026-10-08T12:56:30.0422220+09:00 cpu=94 busy=
2026-10-08T12:56:40.0994218+09:00 cpu=95 busy=
2026-10-08T12:56:50.1526675+09:00 cpu=95 busy=
2026-10-08T12:57:00.2117886+09:00 cpu=98 busy=
2026-10-08T12:57:10.2713399+09:00 cpu=98 busy=
2026-10-08T12:57:20.2999090+09:00 cpu=95 busy=
2026-10-08T12:57:30.3302073+09:00 cpu=96 busy=
2026-10-08T12:57:40.3578325+09:00 cpu=95 busy=
2026-10-08T12:57:50.4095955+09:00 cpu=98 busy=
2026-10-08T12:58:00.4442508+09:00 cpu=99 busy=
2026-10-08T12:58:10.4866406+09:00 cpu=100 busy=
2026-10-08T12:58:20.5173248+09:00 cpu=98 busy=
2026-10-08T12:58:30.5621284+09:00 cpu=94 busy=
2026-10-08T12:58:40.6004539+09:00 cpu=100 busy=
2026-10-08T12:58:50.6441684+09:00 cpu=100 busy=cargo
2026-10-08T12:59:00.6811097+09:00 cpu=100 busy=cargo,rustc
2026-10-08T12:59:10.7235373+09:00 cpu=100 busy=cargo,rustc
2026-10-08T12:59:20.7680771+09:00 cpu=100 busy=cargo,rustc
2026-10-08T12:59:30.7990899+09:00 cpu=100 busy=cargo,rustc
2026-10-08T12:59:40.8377239+09:00 cpu=100 busy=cargo,rustc
2026-10-08T12:59:50.8705910+09:00 cpu=100 busy=cargo,rustc
2026-10-08T13:00:00.9067451+09:00 cpu=100 busy=cargo,rustc
2026-10-08T13:00:10.9432601+09:00 cpu=100 busy=cargo,rustc
2026-10-08T13:00:20.9919319+09:00 cpu=100 busy=cargo,rustc
2026-10-08T13:00:31.0269128+09:00 cpu=100 busy=
2026-10-08T13:00:41.0700240+09:00 cpu=100 busy=
2026-10-08T13:00:51.1027177+09:00 cpu=100 busy=
2026-10-08T13:01:01.1504155+09:00 cpu=100 busy=
2026-10-08T13:01:11.1895756+09:00 cpu=100 busy=
2026-10-08T13:01:21.2320584+09:00 cpu=100 busy=
2026-10-08T13:01:31.2737969+09:00 cpu=100 busy=
2026-10-08T13:01:41.3318241+09:00 cpu=100 busy=
2026-10-08T13:01:51.3667610+09:00 cpu=100 busy=
2026-10-08T13:02:01.4184637+09:00 cpu=100 busy=
2026-10-08T13:02:11.4582477+09:00 cpu=100 busy=
2026-10-08T13:02:21.5013991+09:00 cpu=100 busy=
2026-10-08T13:02:31.5381481+09:00 cpu=100 busy=
2026-10-08T13:02:41.5836306+09:00 cpu=100 busy=
2026-10-08T13:02:51.6207375+09:00 cpu=100 busy=
2026-10-08T13:03:01.6571155+09:00 cpu=100 busy=
2026-10-08T13:03:11.7088950+09:00 cpu=100 busy=
2026-10-08T13:03:21.7517589+09:00 cpu=100 busy=
2026-10-08T13:03:31.8069662+09:00 cpu=100 busy=
2026-10-08T13:03:41.8478815+09:00 cpu=100 busy=
2026-10-08T13:03:51.9042508+09:00 cpu=100 busy=
2026-10-08T13:04:01.9489019+09:00 cpu=100 busy=
2026-10-08T13:04:11.9889548+09:00 cpu=100 busy=
2026-10-08T13:04:22.0767942+09:00 cpu=100 busy=
2026-10-08T13:04:32.1154893+09:00 cpu=100 busy=
2026-10-08T13:04:42.1567354+09:00 cpu=100 busy=
2026-10-08T13:04:52.1894433+09:00 cpu=100 busy=
2026-10-08T13:05:02.2270291+09:00 cpu=100 busy=
2026-10-08T13:05:12.2620137+09:00 cpu=100 busy=
2026-10-08T13:05:22.3018880+09:00 cpu=100 busy=
2026-10-08T13:05:32.3412552+09:00 cpu=100 busy=
2026-10-08T13:05:42.3897596+09:00 cpu=100 busy=cargo
2026-10-08T13:05:52.4302278+09:00 cpu=100 busy=cargo,rustc
2026-10-08T13:06:02.4716636+09:00 cpu=100 busy=cargo,rustc
2026-10-08T13:06:12.5249089+09:00 cpu=100 busy=cargo,rustc
2026-10-08T13:06:22.5701368+09:00 cpu=100 busy=cargo,rustc
2026-10-08T13:06:32.6239053+09:00 cpu=100 busy=cargo,rustc
2026-10-08T13:06:42.6712003+09:00 cpu=100 busy=cargo,rustc
2026-10-08T13:06:52.7230155+09:00 cpu=100 busy=cargo,rustc
2026-10-08T13:07:02.7800472+09:00 cpu=99 busy=cargo,rustc
2026-10-08T13:07:12.8084271+09:00 cpu=100 busy=cargo,rustc
2026-10-08T13:07:22.8540752+09:00 cpu=100 busy=cargo,link,rustc
2026-10-08T13:07:32.8955911+09:00 cpu=98 busy=
2026-10-08T13:07:42.9273758+09:00 cpu=98 busy=
2026-10-08T13:07:52.9696809+09:00 cpu=98 busy=
2026-10-08T13:08:03.0191194+09:00 cpu=100 busy=
2026-10-08T13:08:13.0712954+09:00 cpu=100 busy=
2026-10-08T13:08:23.1089940+09:00 cpu=100 busy=
2026-10-08T13:08:33.1400088+09:00 cpu=100 busy=
2026-10-08T13:08:43.1914324+09:00 cpu=100 busy=
2026-10-08T13:08:53.2436343+09:00 cpu=100 busy=
2026-10-08T13:09:03.2872502+09:00 cpu=100 busy=
2026-10-08T13:09:13.3372108+09:00 cpu=100 busy=
2026-10-08T13:09:23.3858487+09:00 cpu=100 busy=
2026-10-08T13:09:33.4157949+09:00 cpu=100 busy=
2026-10-08T13:09:43.4674375+09:00 cpu=100 busy=
2026-10-08T13:09:53.5062594+09:00 cpu=100 busy=
2026-10-08T13:10:03.6428532+09:00 cpu=100 busy=
2026-10-08T13:10:13.6884370+09:00 cpu=100 busy=
2026-10-08T13:10:23.8836404+09:00 cpu=100 busy=
2026-10-08T13:10:34.0174119+09:00 cpu=100 busy=
2026-10-08T13:10:44.0657465+09:00 cpu=97 busy=
2026-10-08T13:10:54.1044816+09:00 cpu=97 busy=
2026-10-08T13:11:04.2818799+09:00 cpu=99 busy=
2026-10-08T13:11:14.6080767+09:00 cpu=99 busy=
2026-10-08T13:11:24.6764676+09:00 cpu=99 busy=
2026-10-08T13:11:34.7176224+09:00 cpu=100 busy=
2026-10-08T13:11:44.7785303+09:00 cpu=100 busy=
2026-10-08T13:11:54.8168865+09:00 cpu=100 busy=
2026-10-08T13:12:04.8531453+09:00 cpu=100 busy=
2026-10-08T13:12:14.8963366+09:00 cpu=100 busy=
2026-10-08T13:12:24.9274486+09:00 cpu=100 busy=
2026-10-08T13:12:34.9597579+09:00 cpu=100 busy=
2026-10-08T13:12:45.0080003+09:00 cpu=100 busy=
2026-10-08T13:12:55.0449455+09:00 cpu=100 busy=
2026-10-08T13:13:05.0874301+09:00 cpu=100 busy=
2026-10-08T13:13:15.1273020+09:00 cpu=100 busy=
2026-10-08T13:13:25.1695810+09:00 cpu=100 busy=
2026-10-08T13:13:35.2060477+09:00 cpu=100 busy=
2026-10-08T13:13:45.2574757+09:00 cpu=100 busy=
2026-10-08T13:13:55.3145116+09:00 cpu=100 busy=
2026-10-08T13:14:05.3708538+09:00 cpu=100 busy=
2026-10-08T13:14:15.4090321+09:00 cpu=100 busy=
2026-10-08T13:14:25.7373570+09:00 cpu=99 busy=
2026-10-08T13:14:35.9389493+09:00 cpu=100 busy=
2026-10-08T13:14:46.2290001+09:00 cpu=100 busy=
2026-10-08T13:14:56.5754750+09:00 cpu=99 busy=cargo,rustc
2026-10-08T13:15:06.8899463+09:00 cpu=100 busy=cargo,rustc
2026-10-08T13:15:16.9377929+09:00 cpu=100 busy=cargo,rustc
2026-10-08T13:15:26.9827960+09:00 cpu=100 busy=cargo,rustc
2026-10-08T13:15:37.0362527+09:00 cpu=98 busy=cargo,rustc
2026-10-08T13:15:47.0858000+09:00 cpu=100 busy=cargo,rustc
2026-10-08T13:15:57.1121346+09:00 cpu=99 busy=cargo,rustc
2026-10-08T13:16:07.1526632+09:00 cpu=100 busy=cargo,rustc
2026-10-08T13:16:17.1796823+09:00 cpu=100 busy=cargo,rustc
2026-10-08T13:16:27.2137959+09:00 cpu=99 busy=cargo,rustc
2026-10-08T13:16:37.2601995+09:00 cpu=100 busy=
2026-10-08T13:16:47.2957774+09:00 cpu=98 busy=
2026-10-08T13:16:57.4638924+09:00 cpu=100 busy=
2026-10-08T13:17:07.5112352+09:00 cpu=100 busy=
2026-10-08T13:17:17.6129709+09:00 cpu=100 busy=
2026-10-08T13:17:27.6604208+09:00 cpu=100 busy=
2026-10-08T13:17:37.7787801+09:00 cpu=99 busy=
2026-10-08T13:17:47.8161999+09:00 cpu=99 busy=
2026-10-08T13:17:57.8620129+09:00 cpu=100 busy=
2026-10-08T13:18:07.8933860+09:00 cpu=100 busy=
2026-10-08T13:18:17.9373361+09:00 cpu=100 busy=
2026-10-08T13:18:27.9931605+09:00 cpu=100 busy=
2026-10-08T13:18:38.0238463+09:00 cpu=99 busy=
2026-10-08T13:18:48.0585656+09:00 cpu=100 busy=
2026-10-08T13:18:58.1011192+09:00 cpu=100 busy=
2026-10-08T13:19:08.1301103+09:00 cpu=100 busy=
2026-10-08T13:19:18.1817177+09:00 cpu=98 busy=
2026-10-08T13:19:28.2347251+09:00 cpu=100 busy=
2026-10-08T13:19:38.2652823+09:00 cpu=100 busy=
2026-10-08T13:19:48.3092714+09:00 cpu=100 busy=
2026-10-08T13:19:58.3489186+09:00 cpu=100 busy=
2026-10-08T13:20:08.3908483+09:00 cpu=100 busy=
2026-10-08T13:20:18.4179038+09:00 cpu=100 busy=
2026-10-08T13:20:28.4729757+09:00 cpu=100 busy=
2026-10-08T13:20:38.5192895+09:00 cpu=100 busy=
2026-10-08T13:20:48.5455925+09:00 cpu=100 busy=
2026-10-08T13:20:58.5842359+09:00 cpu=100 busy=
2026-10-08T13:21:08.6096194+09:00 cpu=100 busy=
2026-10-08T13:21:18.6412028+09:00 cpu=100 busy=
2026-10-08T13:21:28.6731142+09:00 cpu=100 busy=
2026-10-08T13:21:38.7043781+09:00 cpu=100 busy=
2026-10-08T13:21:48.7489651+09:00 cpu=100 busy=
2026-10-08T13:21:58.7899347+09:00 cpu=100 busy=
2026-10-08T13:22:08.8254762+09:00 cpu=100 busy=
2026-10-08T13:22:18.8702568+09:00 cpu=100 busy=cargo,cargo
2026-10-08T13:22:28.9111813+09:00 cpu=100 busy=cargo,cargo,rustc
2026-10-08T13:22:38.9643031+09:00 cpu=100 busy=cargo,cargo,rustc
2026-10-08T13:22:49.0151104+09:00 cpu=100 busy=cargo,cargo
2026-10-08T13:22:59.0669832+09:00 cpu=97 busy=cargo,cargo
2026-10-08T13:23:09.1505691+09:00 cpu=97 busy=cargo,cargo
2026-10-08T13:23:19.1836791+09:00 cpu=96 busy=cargo,cargo
2026-10-08T13:23:29.2345337+09:00 cpu=98 busy=cargo,cargo
2026-10-08T13:23:39.2705727+09:00 cpu=98 busy=cargo,cargo
2026-10-08T13:23:49.3815719+09:00 cpu=96 busy=cargo,cargo
2026-10-08T13:23:59.4348915+09:00 cpu=98 busy=cargo,cargo
2026-10-08T13:24:09.4836400+09:00 cpu=100 busy=cargo,cargo,rustc
2026-10-08T13:24:19.5248186+09:00 cpu=100 busy=cargo,cargo
2026-10-08T13:24:29.5561280+09:00 cpu=100 busy=cargo,cargo,rustc
2026-10-08T13:24:39.5962440+09:00 cpu=100 busy=cargo,cargo
2026-10-08T13:24:49.6238777+09:00 cpu=100 busy=cargo,cargo
2026-10-08T13:24:59.6764119+09:00 cpu=100 busy=cargo,cargo
2026-10-08T13:25:09.7132970+09:00 cpu=100 busy=cargo,cargo,rustc
2026-10-08T13:25:19.7568892+09:00 cpu=100 busy=cargo,cargo
2026-10-08T13:25:29.7949544+09:00 cpu=100 busy=cargo,cargo
2026-10-08T13:25:39.8233708+09:00 cpu=100 busy=cargo,cargo,link,rustc
2026-10-08T13:25:49.8631022+09:00 cpu=100 busy=cargo,cargo,rustc
2026-10-08T13:25:59.9093844+09:00 cpu=100 busy=cargo,cargo
2026-10-08T13:26:09.9661165+09:00 cpu=100 busy=cargo,cargo
2026-10-08T13:26:19.9995526+09:00 cpu=100 busy=cargo,cargo
2026-10-08T13:26:30.0430204+09:00 cpu=100 busy=cargo,rustc
2026-10-08T13:26:40.0878385+09:00 cpu=100 busy=cargo,rustc
2026-10-08T13:26:50.1191381+09:00 cpu=100 busy=cargo,rustc
2026-10-08T13:27:00.1764262+09:00 cpu=100 busy=cargo,rustc
2026-10-08T13:27:10.2099554+09:00 cpu=99 busy=cargo,rustc
2026-10-08T13:27:20.2616146+09:00 cpu=100 busy=cargo,rustc
2026-10-08T13:27:31.1621233+09:00 cpu=100 busy=cargo,rustc
2026-10-08T13:27:41.2048097+09:00 cpu=99 busy=cargo,rustc
2026-10-08T13:27:51.2768592+09:00 cpu=99 busy=cargo
2026-10-08T13:28:01.3089873+09:00 cpu=99 busy=cargo
2026-10-08T13:28:11.7404099+09:00 cpu=99 busy=cargo
2026-10-08T13:28:21.7865777+09:00 cpu=99 busy=cargo
2026-10-08T13:28:31.8237920+09:00 cpu=100 busy=cargo
2026-10-08T13:28:41.8617257+09:00 cpu=100 busy=cargo
2026-10-08T13:28:51.9034008+09:00 cpu=100 busy=cargo,rustc
2026-10-08T13:29:01.9492575+09:00 cpu=100 busy=cargo,rustc
2026-10-08T13:29:12.0018875+09:00 cpu=100 busy=cargo,rustc
2026-10-08T13:29:22.0374197+09:00 cpu=100 busy=
2026-10-08T13:29:32.0759078+09:00 cpu=98 busy=
2026-10-08T13:29:42.1143261+09:00 cpu=100 busy=
2026-10-08T13:29:52.1662517+09:00 cpu=100 busy=
2026-10-08T13:30:02.2409236+09:00 cpu=99 busy=
2026-10-08T13:30:12.2788731+09:00 cpu=100 busy=
2026-10-08T13:30:22.3234818+09:00 cpu=99 busy=
2026-10-08T13:30:32.3680380+09:00 cpu=98 busy=
2026-10-08T13:30:42.3980227+09:00 cpu=100 busy=
2026-10-08T13:30:52.4345937+09:00 cpu=100 busy=
2026-10-08T13:31:02.4718310+09:00 cpu=99 busy=
2026-10-08T13:31:12.5031333+09:00 cpu=100 busy=
2026-10-08T13:31:22.5502141+09:00 cpu=100 busy=
2026-10-08T13:31:32.5852261+09:00 cpu=100 busy=
2026-10-08T13:31:42.6295491+09:00 cpu=100 busy=cargo,rustc
2026-10-08T13:31:52.6715712+09:00 cpu=100 busy=cargo,rustc
2026-10-08T13:32:02.7236336+09:00 cpu=99 busy=cargo,rustc
2026-10-08T13:32:12.7588130+09:00 cpu=100 busy=cargo,rustc
2026-10-08T13:32:22.8048291+09:00 cpu=100 busy=cargo,rustc
2026-10-08T13:32:32.8460787+09:00 cpu=100 busy=cargo,rustc
2026-10-08T13:32:42.8846077+09:00 cpu=100 busy=cargo,link,rustc
2026-10-08T13:32:52.9263682+09:00 cpu=100 busy=cargo,link,rustc
2026-10-08T13:33:02.9710524+09:00 cpu=100 busy=cargo,link,rustc
2026-10-08T13:33:13.0043881+09:00 cpu=100 busy=cargo,link,rustc
2026-10-08T13:33:23.0335370+09:00 cpu=100 busy=cargo,link,rustc
2026-10-08T13:33:33.0663527+09:00 cpu=100 busy=cargo,rustc
2026-10-08T13:33:43.1079238+09:00 cpu=100 busy=cargo,rustc
2026-10-08T13:33:53.1456758+09:00 cpu=100 busy=cargo,rustc
2026-10-08T13:34:03.1889890+09:00 cpu=100 busy=cargo,rustc
2026-10-08T13:34:13.2277351+09:00 cpu=100 busy=cargo,link,rustc
2026-10-08T13:34:23.2573075+09:00 cpu=100 busy=cargo,rustc
2026-10-08T13:34:33.2947290+09:00 cpu=100 busy=cargo,rustc
2026-10-08T13:34:43.3410826+09:00 cpu=100 busy=cargo,rustc
2026-10-08T13:34:53.5234316+09:00 cpu=100 busy=cargo,rustc
2026-10-08T13:35:03.5715954+09:00 cpu=98 busy=cargo,link,rustc
2026-10-08T13:35:13.6123785+09:00 cpu=100 busy=cargo,link,rustc
2026-10-08T13:35:23.6805655+09:00 cpu=97 busy=cargo,rustc
2026-10-08T13:35:33.7197236+09:00 cpu=98 busy=cargo,rustc
2026-10-08T13:35:44.0106514+09:00 cpu=95 busy=cargo
2026-10-08T13:35:54.4159492+09:00 cpu=94 busy=cargo
2026-10-08T13:36:04.6857796+09:00 cpu=94 busy=cargo
2026-10-08T13:36:14.7163713+09:00 cpu=97 busy=cargo
2026-10-08T13:36:24.7456394+09:00 cpu=96 busy=cargo
2026-10-08T13:36:34.7916785+09:00 cpu=98 busy=cargo,cargo,cargo
2026-10-08T13:36:44.8379852+09:00 cpu=93 busy=cargo
2026-10-08T13:36:54.8877796+09:00 cpu=99 busy=cargo
2026-10-08T13:37:04.9297446+09:00 cpu=97 busy=cargo
2026-10-08T13:37:14.9593530+09:00 cpu=96 busy=cargo
2026-10-08T13:37:25.0066524+09:00 cpu=94 busy=cargo
2026-10-08T13:37:35.0346175+09:00 cpu=95 busy=cargo
2026-10-08T13:37:45.1040021+09:00 cpu=98 busy=cargo
2026-10-08T13:37:55.1376950+09:00 cpu=98 busy=cargo,cargo,rustc
2026-10-08T13:38:05.1918562+09:00 cpu=97 busy=cargo,cargo,rustc
2026-10-08T13:38:15.2394859+09:00 cpu=97 busy=cargo,cargo,rustc
2026-10-08T13:38:25.3906070+09:00 cpu=97 busy=cargo,cargo,rustc
2026-10-08T13:38:35.5707463+09:00 cpu=97 busy=cargo,cargo,link,rustc
2026-10-08T13:38:45.6007053+09:00 cpu=100 busy=cargo,cargo
2026-10-08T13:38:56.0551920+09:00 cpu=100 busy=cargo,cargo
2026-10-08T13:39:06.1403066+09:00 cpu=99 busy=cargo,cargo
2026-10-08T13:39:16.1872237+09:00 cpu=98 busy=cargo,cargo
2026-10-08T13:39:26.2284383+09:00 cpu=98 busy=cargo,cargo
2026-10-08T13:39:36.2721251+09:00 cpu=96 busy=cargo
2026-10-08T13:39:46.3054714+09:00 cpu=98 busy=cargo
2026-10-08T13:39:56.3463203+09:00 cpu=97 busy=cargo
2026-10-08T13:40:06.4126731+09:00 cpu=97 busy=cargo
2026-10-08T13:40:16.4480792+09:00 cpu=94 busy=cargo
2026-10-08T13:40:26.4795261+09:00 cpu=97 busy=cargo
2026-10-08T13:40:36.5181848+09:00 cpu=94 busy=cargo
2026-10-08T13:40:46.5903179+09:00 cpu=94 busy=cargo
2026-10-08T13:40:56.6162600+09:00 cpu=93 busy=cargo
2026-10-08T13:41:06.6769354+09:00 cpu=96 busy=cargo
2026-10-08T13:41:16.8506989+09:00 cpu=90 busy=cargo
2026-10-08T13:41:26.9119588+09:00 cpu=96 busy=cargo
2026-10-08T13:41:36.9514057+09:00 cpu=98 busy=cargo
2026-10-08T13:41:47.0250019+09:00 cpu=96 busy=cargo
2026-10-08T13:41:57.0674263+09:00 cpu=96 busy=cargo
2026-10-08T13:42:07.0941120+09:00 cpu=96 busy=cargo
2026-10-08T13:42:17.1263913+09:00 cpu=89 busy=cargo
2026-10-08T13:42:27.2043940+09:00 cpu=99 busy=cargo
2026-10-08T13:42:38.1822672+09:00 cpu=100 busy=cargo
2026-10-08T13:42:48.7501611+09:00 cpu=100 busy=cargo
2026-10-08T13:42:58.9036591+09:00 cpu=99 busy=cargo
2026-10-08T13:43:08.9846125+09:00 cpu=100 busy=cargo
2026-10-08T13:43:19.0921258+09:00 cpu=100 busy=cargo
2026-10-08T13:43:29.1358301+09:00 cpu=99 busy=cargo
2026-10-08T13:43:40.2232928+09:00 cpu=100 busy=cargo
2026-10-08T13:43:50.2993754+09:00 cpu=100 busy=cargo
2026-10-08T13:44:00.3562607+09:00 cpu=100 busy=cargo
2026-10-08T13:44:11.2218212+09:00 cpu=100 busy=cargo
2026-10-08T13:44:21.4937419+09:00 cpu=100 busy=cargo
2026-10-08T13:44:31.6015425+09:00 cpu=98 busy=cargo
2026-10-08T13:44:42.5232442+09:00 cpu=100 busy=cargo
2026-10-08T13:44:52.6953454+09:00 cpu=100 busy=cargo
2026-10-08T13:45:04.0061984+09:00 cpu=99 busy=cargo
2026-10-08T13:45:14.3206018+09:00 cpu=99 busy=cargo
2026-10-08T13:45:24.4222161+09:00 cpu=100 busy=cargo
2026-10-08T13:45:34.5695600+09:00 cpu=100 busy=
2026-10-08T13:45:44.8397938+09:00 cpu=99 busy=
2026-10-08T13:45:55.0839751+09:00 cpu=99 busy=
2026-10-08T13:46:05.6350791+09:00 cpu=100 busy=
2026-10-08T13:46:16.8106490+09:00 cpu=100 busy=
2026-10-08T13:46:26.8732937+09:00 cpu=100 busy=
2026-10-08T13:46:36.9228013+09:00 cpu=100 busy=
2026-10-08T13:46:47.1322222+09:00 cpu=100 busy=
2026-10-08T13:46:58.5523442+09:00 cpu=100 busy=
2026-10-08T13:47:09.9240344+09:00 cpu=100 busy=
2026-10-08T13:47:21.8317320+09:00 cpu=100 busy=
2026-10-08T13:47:32.9428139+09:00 cpu=100 busy=
2026-10-08T13:47:43.2419349+09:00 cpu=100 busy=
2026-10-08T13:47:53.6251707+09:00 cpu=100 busy=cargo,rustc
2026-10-08T13:48:04.1435632+09:00 cpu=100 busy=cargo,rustc
2026-10-08T13:48:14.1790411+09:00 cpu=100 busy=cargo,rustc
2026-10-08T13:48:24.5798935+09:00 cpu=100 busy=cargo,rustc
2026-10-08T13:48:34.9216432+09:00 cpu=100 busy=cargo,rustc
2026-10-08T13:48:44.9584015+09:00 cpu=100 busy=cargo,rustc
2026-10-08T13:48:56.6184642+09:00 cpu=100 busy=cargo,rustc
2026-10-08T13:49:06.9419756+09:00 cpu=100 busy=cargo,rustc
2026-10-08T13:49:17.0518339+09:00 cpu=100 busy=
2026-10-08T13:49:27.1180738+09:00 cpu=100 busy=
2026-10-08T13:49:37.1964292+09:00 cpu=100 busy=
2026-10-08T13:49:47.3376917+09:00 cpu=100 busy=
2026-10-08T13:49:57.3889175+09:00 cpu=100 busy=
2026-10-08T13:50:07.7830053+09:00 cpu=100 busy=
2026-10-08T13:50:17.8315323+09:00 cpu=100 busy=
2026-10-08T13:50:28.2281189+09:00 cpu=100 busy=cargo
2026-10-08T13:50:38.2801545+09:00 cpu=100 busy=cargo,rustc
2026-10-08T13:50:48.6538255+09:00 cpu=100 busy=cargo,rustc
2026-10-08T13:50:58.7919753+09:00 cpu=100 busy=cargo,rustc
2026-10-08T13:51:08.8370831+09:00 cpu=100 busy=cargo,rustc
2026-10-08T13:51:18.8924571+09:00 cpu=100 busy=cargo,rustc
2026-10-08T13:51:28.9568025+09:00 cpu=100 busy=cargo,rustc
2026-10-08T13:51:39.1415998+09:00 cpu=100 busy=cargo,rustc
2026-10-08T13:51:49.2628881+09:00 cpu=100 busy=cargo,rustc
2026-10-08T13:51:59.3671583+09:00 cpu=100 busy=cargo,rustc
2026-10-08T13:52:09.4261749+09:00 cpu=99 busy=cargo,rustc
2026-10-08T13:52:19.4859104+09:00 cpu=99 busy=cargo,rustc
2026-10-08T13:52:29.5557421+09:00 cpu=98 busy=cargo,rustc
2026-10-08T13:52:39.7208661+09:00 cpu=100 busy=cargo,rustc
2026-10-08T13:52:49.7837849+09:00 cpu=99 busy=
2026-10-08T13:52:59.8168511+09:00 cpu=98 busy=
2026-10-08T13:53:09.8532615+09:00 cpu=97 busy=
2026-10-08T13:53:19.8966539+09:00 cpu=94 busy=
2026-10-08T13:53:29.9424526+09:00 cpu=93 busy=
2026-10-08T13:53:39.9951378+09:00 cpu=96 busy=
2026-10-08T13:53:50.0389297+09:00 cpu=93 busy=
2026-10-08T13:54:00.0736787+09:00 cpu=96 busy=
2026-10-08T13:54:10.1291603+09:00 cpu=96 busy=
2026-10-08T13:54:20.1610086+09:00 cpu=97 busy=
2026-10-08T13:54:30.1984549+09:00 cpu=93 busy=
2026-10-08T13:54:40.2337009+09:00 cpu=93 busy=
2026-10-08T13:54:50.2736004+09:00 cpu=95 busy=
2026-10-08T13:55:00.3173088+09:00 cpu=92 busy=
2026-10-08T13:55:10.3648624+09:00 cpu=95 busy=
2026-10-08T13:55:20.4092032+09:00 cpu=95 busy=
2026-10-08T13:55:30.4655981+09:00 cpu=92 busy=
2026-10-08T13:55:40.4955823+09:00 cpu=92 busy=
2026-10-08T13:55:50.5447266+09:00 cpu=93 busy=
2026-10-08T13:56:00.5923056+09:00 cpu=94 busy=
2026-10-08T13:56:10.6301116+09:00 cpu=96 busy=
2026-10-08T13:56:20.6695128+09:00 cpu=95 busy=
2026-10-08T13:56:30.7143139+09:00 cpu=97 busy=
2026-10-08T13:56:40.7518186+09:00 cpu=93 busy=
2026-10-08T13:56:50.7813544+09:00 cpu=97 busy=
2026-10-08T13:57:00.8112149+09:00 cpu=96 busy=
2026-10-08T13:57:10.8481844+09:00 cpu=95 busy=
2026-10-08T13:57:20.8877358+09:00 cpu=94 busy=
2026-10-08T13:57:30.9371677+09:00 cpu=97 busy=
2026-10-08T13:57:40.9708454+09:00 cpu=94 busy=
2026-10-08T13:57:51.0027578+09:00 cpu=95 busy=
2026-10-08T13:58:01.0338055+09:00 cpu=92 busy=
2026-10-08T13:58:11.0724639+09:00 cpu=99 busy=
2026-10-08T13:58:21.1108616+09:00 cpu=95 busy=
2026-10-08T13:58:31.1602774+09:00 cpu=93 busy=
2026-10-08T13:58:41.2002477+09:00 cpu=96 busy=cargo,rustc
2026-10-08T13:58:51.2521295+09:00 cpu=92 busy=cargo,rustc
2026-10-08T13:59:01.2992976+09:00 cpu=98 busy=cargo
2026-10-08T13:59:11.3373044+09:00 cpu=94 busy=cargo
2026-10-08T13:59:21.3645129+09:00 cpu=92 busy=
2026-10-08T13:59:31.4072463+09:00 cpu=88 busy=
2026-10-08T13:59:41.4456618+09:00 cpu=94 busy=
2026-10-08T13:59:51.5060027+09:00 cpu=97 busy=
2026-10-08T14:00:01.5534471+09:00 cpu=93 busy=
2026-10-08T14:00:11.6092525+09:00 cpu=94 busy=
2026-10-08T14:00:21.6493018+09:00 cpu=95 busy=
2026-10-08T14:00:31.6906358+09:00 cpu=93 busy=
2026-10-08T14:00:41.7454359+09:00 cpu=93 busy=
2026-10-08T14:00:51.7794840+09:00 cpu=97 busy=
2026-10-08T14:01:01.8122838+09:00 cpu=95 busy=
2026-10-08T14:01:11.8586002+09:00 cpu=93 busy=
2026-10-08T14:01:21.9011429+09:00 cpu=96 busy=
2026-10-08T14:01:31.9378491+09:00 cpu=93 busy=
2026-10-08T14:01:41.9683188+09:00 cpu=90 busy=
2026-10-08T14:01:52.0252133+09:00 cpu=93 busy=
2026-10-08T14:02:02.0700835+09:00 cpu=94 busy=
2026-10-08T14:02:12.1146162+09:00 cpu=93 busy=
2026-10-08T14:02:22.1492470+09:00 cpu=92 busy=
2026-10-08T14:02:32.1934342+09:00 cpu=94 busy=
2026-10-08T14:02:42.2321486+09:00 cpu=92 busy=
2026-10-08T14:02:52.2790308+09:00 cpu=92 busy=cargo,rustc
2026-10-08T14:03:02.3141369+09:00 cpu=99 busy=cargo
2026-10-08T14:03:12.3666941+09:00 cpu=93 busy=cargo,rustc
2026-10-08T14:03:22.3995568+09:00 cpu=93 busy=cargo,rustc
2026-10-08T14:03:32.4379526+09:00 cpu=97 busy=
2026-10-08T14:03:42.4916026+09:00 cpu=92 busy=
2026-10-08T14:03:52.5207049+09:00 cpu=92 busy=
2026-10-08T14:04:02.5609131+09:00 cpu=97 busy=
2026-10-08T14:04:12.5900049+09:00 cpu=97 busy=
2026-10-08T14:04:22.6319660+09:00 cpu=90 busy=
2026-10-08T14:04:32.6853823+09:00 cpu=95 busy=
2026-10-08T14:04:42.7228487+09:00 cpu=92 busy=
2026-10-08T14:04:52.7642703+09:00 cpu=91 busy=cargo,rustc
2026-10-08T14:05:02.8151143+09:00 cpu=96 busy=cargo,rustc
2026-10-08T14:05:12.9261456+09:00 cpu=95 busy=cargo,rustc
2026-10-08T14:05:22.9714707+09:00 cpu=95 busy=cargo,rustc
2026-10-08T14:05:33.0220216+09:00 cpu=95 busy=cargo,rustc
2026-10-08T14:05:43.0730514+09:00 cpu=97 busy=
2026-10-08T14:05:53.1051865+09:00 cpu=94 busy=
2026-10-08T14:06:03.1395839+09:00 cpu=94 busy=
2026-10-08T14:06:13.1765585+09:00 cpu=95 busy=
2026-10-08T14:06:23.2148393+09:00 cpu=96 busy=
2026-10-08T14:06:33.2472598+09:00 cpu=94 busy=
2026-10-08T14:06:43.2847708+09:00 cpu=93 busy=
2026-10-08T14:06:53.3362014+09:00 cpu=94 busy=
2026-10-08T14:07:03.3768854+09:00 cpu=95 busy=
2026-10-08T14:07:13.4311945+09:00 cpu=95 busy=
2026-10-08T14:07:23.4823245+09:00 cpu=97 busy=
2026-10-08T14:07:33.5110877+09:00 cpu=95 busy=
2026-10-08T14:07:43.5628626+09:00 cpu=95 busy=cargo,cargo
2026-10-08T14:07:53.6038112+09:00 cpu=97 busy=cargo,cargo
2026-10-08T14:08:03.6396768+09:00 cpu=95 busy=
2026-10-08T14:08:13.6790918+09:00 cpu=96 busy=
2026-10-08T14:08:23.7319248+09:00 cpu=95 busy=cargo,rustc
2026-10-08T14:08:33.7744668+09:00 cpu=97 busy=cargo,rustc
2026-10-08T14:08:43.8090830+09:00 cpu=94 busy=cargo
2026-10-08T14:08:53.8512480+09:00 cpu=95 busy=cargo
2026-10-08T14:09:03.8831026+09:00 cpu=92 busy=
2026-10-08T14:09:13.9251624+09:00 cpu=94 busy=
2026-10-08T14:09:23.9687939+09:00 cpu=93 busy=
2026-10-08T14:09:34.0066780+09:00 cpu=93 busy=cargo
2026-10-08T14:09:44.0746757+09:00 cpu=91 busy=cargo,rustc
2026-10-08T14:09:54.1088930+09:00 cpu=95 busy=cargo,rustc
2026-10-08T14:10:04.1467381+09:00 cpu=95 busy=cargo,rustc
2026-10-08T14:10:14.1778548+09:00 cpu=96 busy=cargo,rustc
2026-10-08T14:10:24.2235117+09:00 cpu=94 busy=cargo,rustc
2026-10-08T14:10:34.2739171+09:00 cpu=93 busy=cargo,rustc
2026-10-08T14:10:44.3204484+09:00 cpu=94 busy=cargo,rustc
2026-10-08T14:10:54.3686021+09:00 cpu=95 busy=cargo,rustc
2026-10-08T14:11:04.4227309+09:00 cpu=97 busy=
2026-10-08T14:11:14.4529019+09:00 cpu=93 busy=
2026-10-08T14:11:24.5053789+09:00 cpu=96 busy=
2026-10-08T14:11:34.5490644+09:00 cpu=95 busy=
2026-10-08T14:11:44.6050912+09:00 cpu=92 busy=
2026-10-08T14:11:54.6493478+09:00 cpu=95 busy=
2026-10-08T14:12:04.7041836+09:00 cpu=95 busy=
2026-10-08T14:12:14.7431191+09:00 cpu=93 busy=
2026-10-08T14:12:24.7992491+09:00 cpu=90 busy=
2026-10-08T14:12:34.8424290+09:00 cpu=90 busy=
2026-10-08T14:12:44.8967972+09:00 cpu=95 busy=
2026-10-08T14:12:54.9351923+09:00 cpu=97 busy=
2026-10-08T14:13:04.9701832+09:00 cpu=93 busy=
2026-10-08T14:13:15.0191565+09:00 cpu=96 busy=
2026-10-08T14:13:25.0671664+09:00 cpu=94 busy=
2026-10-08T14:13:35.1004709+09:00 cpu=96 busy=
2026-10-08T14:13:45.1315501+09:00 cpu=92 busy=
2026-10-08T14:13:55.1633727+09:00 cpu=95 busy=
2026-10-08T14:14:05.1954641+09:00 cpu=97 busy=
2026-10-08T14:14:15.2329986+09:00 cpu=97 busy=
2026-10-08T14:14:25.2867647+09:00 cpu=97 busy=
2026-10-08T14:14:35.3235425+09:00 cpu=95 busy=
2026-10-08T14:14:45.3801684+09:00 cpu=98 busy=
2026-10-08T14:14:55.4312914+09:00 cpu=97 busy=
2026-10-08T14:15:05.4777414+09:00 cpu=96 busy=
2026-10-08T14:15:15.5176434+09:00 cpu=95 busy=
2026-10-08T14:15:25.5537843+09:00 cpu=93 busy=
2026-10-08T14:15:35.5980266+09:00 cpu=95 busy=
2026-10-08T14:15:45.6427550+09:00 cpu=92 busy=cargo,rustc
2026-10-08T14:15:55.6896313+09:00 cpu=96 busy=cargo,rustc
2026-10-08T14:16:05.7299665+09:00 cpu=95 busy=cargo,rustc
2026-10-08T14:16:15.7606739+09:00 cpu=96 busy=cargo
2026-10-08T14:16:25.8055144+09:00 cpu=91 busy=cargo,rustc
2026-10-08T14:16:35.8423981+09:00 cpu=94 busy=cargo,rustc
2026-10-08T14:16:45.8711561+09:00 cpu=94 busy=cargo,rustc
2026-10-08T14:16:55.9029300+09:00 cpu=93 busy=cargo,link,rustc
2026-10-08T14:17:05.9396603+09:00 cpu=92 busy=cargo,link,rustc
2026-10-08T14:17:15.9611002+09:00 cpu=94 busy=cargo,rustc
2026-10-08T14:17:26.0011994+09:00 cpu=94 busy=cargo,rustc
2026-10-08T14:17:36.0429676+09:00 cpu=90 busy=cargo,rustc
2026-10-08T14:17:46.0714950+09:00 cpu=91 busy=cargo,rustc
2026-10-08T14:17:56.1047744+09:00 cpu=96 busy=cargo,link,rustc
2026-10-08T14:18:06.1415402+09:00 cpu=97 busy=cargo,link,rustc
2026-10-08T14:18:16.1808346+09:00 cpu=93 busy=cargo,rustc
2026-10-08T14:18:26.2324427+09:00 cpu=95 busy=cargo,rustc
2026-10-08T14:18:36.2835585+09:00 cpu=94 busy=cargo,rustc
2026-10-08T14:18:46.3291759+09:00 cpu=94 busy=cargo,rustc
2026-10-08T14:18:56.3752510+09:00 cpu=97 busy=cargo
2026-10-08T14:19:06.4173875+09:00 cpu=94 busy=cargo
2026-10-08T14:19:16.4602437+09:00 cpu=91 busy=cargo
2026-10-08T14:19:26.5077201+09:00 cpu=96 busy=cargo
2026-10-08T14:19:36.5486584+09:00 cpu=96 busy=cargo
2026-10-08T14:19:46.5786243+09:00 cpu=90 busy=cargo
2026-10-08T14:19:56.6108762+09:00 cpu=94 busy=cargo
2026-10-08T14:20:06.6446571+09:00 cpu=93 busy=cargo
2026-10-08T14:20:16.6757951+09:00 cpu=93 busy=cargo
2026-10-08T14:20:26.7263338+09:00 cpu=95 busy=cargo
2026-10-08T14:20:36.7678396+09:00 cpu=95 busy=cargo
2026-10-08T14:20:46.8131735+09:00 cpu=94 busy=cargo
2026-10-08T14:20:56.8439987+09:00 cpu=90 busy=cargo
2026-10-08T14:21:06.8771547+09:00 cpu=94 busy=cargo
2026-10-08T14:21:16.9097957+09:00 cpu=93 busy=cargo
2026-10-08T14:21:26.9549854+09:00 cpu=94 busy=cargo
2026-10-08T14:21:36.9892402+09:00 cpu=95 busy=cargo
2026-10-08T14:21:47.0127591+09:00 cpu=95 busy=
2026-10-08T14:21:57.0606483+09:00 cpu=92 busy=
2026-10-08T14:22:07.1020454+09:00 cpu=94 busy=
2026-10-08T14:22:17.1385888+09:00 cpu=92 busy=
2026-10-08T14:22:27.1811588+09:00 cpu=92 busy=
2026-10-08T14:22:37.2143326+09:00 cpu=90 busy=
2026-10-08T14:22:47.2689482+09:00 cpu=96 busy=cargo,rustc
2026-10-08T14:22:57.3091547+09:00 cpu=93 busy=cargo,rustc
2026-10-08T14:23:07.3407645+09:00 cpu=94 busy=cargo
2026-10-08T14:23:17.3862392+09:00 cpu=97 busy=cargo,rustc
2026-10-08T14:23:27.4225058+09:00 cpu=95 busy=cargo,rustc
2026-10-08T14:23:37.4620649+09:00 cpu=97 busy=cargo
2026-10-08T14:23:47.4992423+09:00 cpu=96 busy=cargo
2026-10-08T14:23:57.5514080+09:00 cpu=95 busy=cargo
2026-10-08T14:24:07.5790477+09:00 cpu=91 busy=cargo
2026-10-08T14:24:17.6145396+09:00 cpu=100 busy=cargo
2026-10-08T14:24:27.6821373+09:00 cpu=100 busy=cargo
2026-10-08T14:24:38.1237138+09:00 cpu=100 busy=cargo
2026-10-08T14:24:52.5884785+09:00 cpu=100 busy=cargo
2026-10-08T14:25:02.7135977+09:00 cpu=100 busy=cargo
2026-10-08T14:25:12.7819030+09:00 cpu=100 busy=cargo
2026-10-08T14:25:22.8281991+09:00 cpu=100 busy=cargo
2026-10-08T14:25:32.8730192+09:00 cpu=100 busy=cargo
2026-10-08T14:25:43.7592240+09:00 cpu=100 busy=cargo
2026-10-08T14:25:55.3332647+09:00 cpu=100 busy=cargo
2026-10-08T14:26:05.4042061+09:00 cpu=100 busy=cargo
2026-10-08T14:26:15.4876640+09:00 cpu=100 busy=cargo,rustc
2026-10-08T14:26:25.5733052+09:00 cpu=100 busy=cargo
2026-10-08T14:26:35.6296117+09:00 cpu=100 busy=cargo
2026-10-08T14:26:45.7073151+09:00 cpu=100 busy=cargo
2026-10-08T14:26:55.7848327+09:00 cpu=100 busy=cargo
2026-10-08T14:27:06.2339605+09:00 cpu=100 busy=cargo
2026-10-08T14:27:16.3352189+09:00 cpu=100 busy=cargo
2026-10-08T14:27:26.3918162+09:00 cpu=100 busy=cargo
2026-10-08T14:27:36.4446469+09:00 cpu=100 busy=cargo
2026-10-08T14:27:46.4880906+09:00 cpu=100 busy=cargo
2026-10-08T14:27:56.5439457+09:00 cpu=100 busy=cargo
2026-10-08T14:28:06.6136198+09:00 cpu=100 busy=cargo
2026-10-08T14:28:17.1622122+09:00 cpu=100 busy=cargo
2026-10-08T14:28:27.2403453+09:00 cpu=100 busy=cargo
2026-10-08T14:28:37.3773964+09:00 cpu=100 busy=cargo
2026-10-08T14:28:47.4341909+09:00 cpu=100 busy=cargo
2026-10-08T14:28:57.5020048+09:00 cpu=100 busy=cargo
2026-10-08T14:29:09.0920632+09:00 cpu=100 busy=cargo
2026-10-08T14:29:19.1864397+09:00 cpu=100 busy=cargo
2026-10-08T14:29:29.5326058+09:00 cpu=100 busy=cargo
2026-10-08T14:29:39.6028451+09:00 cpu=100 busy=cargo
2026-10-08T14:29:49.6524553+09:00 cpu=100 busy=cargo
2026-10-08T14:29:59.6891479+09:00 cpu=100 busy=cargo
2026-10-08T14:30:09.7352161+09:00 cpu=100 busy=cargo
2026-10-08T14:30:19.8238179+09:00 cpu=100 busy=cargo
2026-10-08T14:30:29.8807159+09:00 cpu=100 busy=cargo
2026-10-08T14:30:39.9599470+09:00 cpu=100 busy=cargo
2026-10-08T14:30:50.0801879+09:00 cpu=100 busy=cargo
2026-10-08T14:31:00.1420679+09:00 cpu=100 busy=cargo
2026-10-08T14:31:10.2127570+09:00 cpu=100 busy=cargo
2026-10-08T14:31:20.3622839+09:00 cpu=100 busy=cargo
2026-10-08T14:31:30.4068488+09:00 cpu=100 busy=cargo
2026-10-08T14:31:40.4682917+09:00 cpu=100 busy=cargo
2026-10-08T14:31:50.5045132+09:00 cpu=100 busy=cargo
2026-10-08T14:32:00.5618325+09:00 cpu=100 busy=cargo
2026-10-08T14:32:10.6340148+09:00 cpu=100 busy=cargo
2026-10-08T14:32:20.7518732+09:00 cpu=100 busy=cargo
2026-10-08T14:32:30.8588334+09:00 cpu=100 busy=cargo
2026-10-08T14:32:40.9187036+09:00 cpu=100 busy=cargo
2026-10-08T14:32:51.3439448+09:00 cpu=100 busy=cargo
2026-10-08T14:33:01.4733579+09:00 cpu=100 busy=cargo
2026-10-08T14:33:12.4747318+09:00 cpu=100 busy=cargo
2026-10-08T14:33:22.5426045+09:00 cpu=100 busy=cargo
2026-10-08T14:33:32.6094098+09:00 cpu=100 busy=cargo
2026-10-08T14:33:42.8007666+09:00 cpu=100 busy=cargo
2026-10-08T14:33:52.8581795+09:00 cpu=100 busy=cargo
2026-10-08T14:34:02.9606684+09:00 cpu=100 busy=cargo
2026-10-08T14:34:13.0773439+09:00 cpu=100 busy=cargo
2026-10-08T14:34:23.1393277+09:00 cpu=100 busy=cargo
2026-10-08T14:34:33.9035911+09:00 cpu=100 busy=cargo
2026-10-08T14:34:43.9878901+09:00 cpu=100 busy=cargo
2026-10-08T14:34:54.0549046+09:00 cpu=100 busy=cargo
2026-10-08T14:35:04.1077073+09:00 cpu=100 busy=
2026-10-08T14:35:14.1452582+09:00 cpu=92 busy=
2026-10-08T14:35:24.3166706+09:00 cpu=100 busy=
2026-10-08T14:35:34.3742552+09:00 cpu=100 busy=
2026-10-08T14:35:44.5243102+09:00 cpu=100 busy=
2026-10-08T14:35:54.5931220+09:00 cpu=100 busy=
2026-10-08T14:36:05.1074957+09:00 cpu=99 busy=
2026-10-08T14:36:15.2367360+09:00 cpu=93 busy=
2026-10-08T14:36:25.6896694+09:00 cpu=100 busy=
2026-10-08T14:36:35.8127254+09:00 cpu=100 busy=
2026-10-08T14:36:46.2227272+09:00 cpu=99 busy=
2026-10-08T14:36:56.2848425+09:00 cpu=100 busy=
2026-10-08T14:37:06.5886152+09:00 cpu=100 busy=
2026-10-08T14:37:16.7582836+09:00 cpu=100 busy=
2026-10-08T14:37:27.1552796+09:00 cpu=100 busy=
2026-10-08T14:37:38.5966020+09:00 cpu=100 busy=
2026-10-08T14:37:48.6654130+09:00 cpu=100 busy=
2026-10-08T14:37:58.8893389+09:00 cpu=100 busy=
2026-10-08T14:38:08.9926900+09:00 cpu=100 busy=
2026-10-08T14:38:19.0743499+09:00 cpu=100 busy=
2026-10-08T14:38:29.2627305+09:00 cpu=100 busy=
2026-10-08T14:38:39.7856643+09:00 cpu=100 busy=
2026-10-08T14:38:49.9043469+09:00 cpu=99 busy=
2026-10-08T14:39:00.8479957+09:00 cpu=99 busy=
2026-10-08T14:39:30.1395422+09:00 cpu=100 busy=
2026-10-08T14:39:40.2630795+09:00 cpu=100 busy=
2026-10-08T14:39:50.3215290+09:00 cpu=100 busy=
2026-10-08T14:40:00.4162860+09:00 cpu=100 busy=
2026-10-08T14:40:10.5279391+09:00 cpu=100 busy=
2026-10-08T14:40:21.0626374+09:00 cpu=98 busy=
2026-10-08T14:40:32.8854375+09:00 cpu=99 busy=
2026-10-08T14:40:43.5113468+09:00 cpu=100 busy=
2026-10-08T14:40:54.7795081+09:00 cpu=100 busy=
2026-10-08T14:41:06.2255293+09:00 cpu=100 busy=
2026-10-08T14:41:16.2915269+09:00 cpu=99 busy=
2026-10-08T14:41:26.3506736+09:00 cpu=100 busy=
2026-10-08T14:41:36.3989250+09:00 cpu=95 busy=
2026-10-08T14:41:46.4355292+09:00 cpu=92 busy=
2026-10-08T14:41:56.4685714+09:00 cpu=92 busy=
2026-10-08T14:42:06.5163843+09:00 cpu=97 busy=
2026-10-08T14:42:16.7005122+09:00 cpu=98 busy=
2026-10-08T14:42:35.6664059+09:00 cpu=100 busy=
2026-10-08T14:42:45.7075766+09:00 cpu=99 busy=
2026-10-08T14:42:55.7660650+09:00 cpu=96 busy=
2026-10-08T14:43:14.1521713+09:00 cpu=93 busy=
2026-10-08T14:43:24.1856531+09:00 cpu=94 busy=
2026-10-08T14:43:34.2327764+09:00 cpu=96 busy=cargo,rustc
2026-10-08T14:43:44.2728894+09:00 cpu=94 busy=cargo,rustc
2026-10-08T14:43:54.3069602+09:00 cpu=97 busy=
2026-10-08T14:44:04.3435729+09:00 cpu=95 busy=cargo,cargo
2026-10-08T14:44:14.3818703+09:00 cpu=93 busy=
2026-10-08T14:44:24.4142208+09:00 cpu=87 busy=
2026-10-08T14:44:34.4526173+09:00 cpu=92 busy=
2026-10-08T14:44:44.5146874+09:00 cpu=93 busy=
2026-10-08T14:44:54.5532073+09:00 cpu=92 busy=
2026-10-08T14:45:04.5968283+09:00 cpu=97 busy=
2026-10-08T14:45:14.6406665+09:00 cpu=95 busy=
2026-10-08T14:45:24.6847740+09:00 cpu=95 busy=
2026-10-08T14:45:34.7362062+09:00 cpu=93 busy=
2026-10-08T14:45:44.7749232+09:00 cpu=93 busy=
2026-10-08T14:45:54.8073711+09:00 cpu=94 busy=
2026-10-08T14:46:04.8453655+09:00 cpu=93 busy=
2026-10-08T14:46:14.8860925+09:00 cpu=93 busy=
2026-10-08T14:46:24.9216033+09:00 cpu=93 busy=
2026-10-08T14:46:34.9716367+09:00 cpu=92 busy=
2026-10-08T14:46:44.9965783+09:00 cpu=91 busy=
2026-10-08T14:46:55.0427321+09:00 cpu=92 busy=
2026-10-08T14:47:05.0807675+09:00 cpu=91 busy=
2026-10-08T14:47:15.1236472+09:00 cpu=97 busy=
2026-10-08T14:47:25.1708185+09:00 cpu=97 busy=
2026-10-08T14:47:35.2104342+09:00 cpu=94 busy=
2026-10-08T14:47:45.2533555+09:00 cpu=89 busy=
2026-10-08T14:47:55.2983506+09:00 cpu=93 busy=
2026-10-08T14:48:05.3404039+09:00 cpu=93 busy=
2026-10-08T14:48:15.3703832+09:00 cpu=89 busy=
2026-10-08T14:48:25.3940308+09:00 cpu=92 busy=
2026-10-08T14:48:35.4223833+09:00 cpu=92 busy=
2026-10-08T14:48:45.4576066+09:00 cpu=92 busy=
2026-10-08T14:48:55.4843938+09:00 cpu=92 busy=
2026-10-08T14:49:05.5165689+09:00 cpu=92 busy=
2026-10-08T14:49:15.5657141+09:00 cpu=93 busy=
2026-10-08T14:49:25.5975580+09:00 cpu=95 busy=
2026-10-08T14:49:35.6290248+09:00 cpu=89 busy=
2026-10-08T14:49:45.6781695+09:00 cpu=93 busy=
2026-10-08T14:49:55.7175594+09:00 cpu=96 busy=
2026-10-08T14:50:05.7518348+09:00 cpu=94 busy=
2026-10-08T14:50:15.7859469+09:00 cpu=92 busy=
2026-10-08T14:50:25.8263941+09:00 cpu=91 busy=
2026-10-08T14:50:35.8671568+09:00 cpu=91 busy=
2026-10-08T14:50:45.9075575+09:00 cpu=92 busy=
2026-10-08T14:50:55.9483613+09:00 cpu=94 busy=
2026-10-08T14:51:05.9921380+09:00 cpu=92 busy=
2026-10-08T14:51:16.0476739+09:00 cpu=92 busy=
2026-10-08T14:51:26.0908236+09:00 cpu=91 busy=
2026-10-08T14:51:36.1383119+09:00 cpu=91 busy=
2026-10-08T14:51:46.1747100+09:00 cpu=94 busy=
2026-10-08T14:51:56.2128880+09:00 cpu=91 busy=
2026-10-08T14:52:06.2427109+09:00 cpu=92 busy=
2026-10-08T14:52:16.2791879+09:00 cpu=87 busy=
2026-10-08T14:52:26.3086172+09:00 cpu=94 busy=
2026-10-08T14:52:36.3521676+09:00 cpu=90 busy=
2026-10-08T14:52:46.3868759+09:00 cpu=93 busy=
2026-10-08T14:52:56.4248182+09:00 cpu=95 busy=
2026-10-08T14:53:06.4781368+09:00 cpu=88 busy=
2026-10-08T14:53:16.5182944+09:00 cpu=86 busy=
2026-10-08T14:53:26.5605319+09:00 cpu=97 busy=
2026-10-08T14:53:36.6120024+09:00 cpu=96 busy=
2026-10-08T14:53:46.6487503+09:00 cpu=92 busy=
2026-10-08T14:53:56.6849153+09:00 cpu=94 busy=
2026-10-08T14:54:06.7344822+09:00 cpu=92 busy=
2026-10-08T14:54:16.7751676+09:00 cpu=92 busy=
2026-10-08T14:54:26.8153866+09:00 cpu=97 busy=
2026-10-08T14:54:36.8434623+09:00 cpu=90 busy=
2026-10-08T14:54:46.8770366+09:00 cpu=93 busy=
2026-10-08T14:54:56.9193355+09:00 cpu=89 busy=
2026-10-08T14:55:06.9625913+09:00 cpu=92 busy=
2026-10-08T14:55:16.9957730+09:00 cpu=96 busy=
2026-10-08T14:55:27.0463137+09:00 cpu=92 busy=
2026-10-08T14:55:37.1017302+09:00 cpu=94 busy=
2026-10-08T14:55:47.1314020+09:00 cpu=89 busy=
2026-10-08T14:55:57.1615401+09:00 cpu=88 busy=
2026-10-08T14:56:07.2156670+09:00 cpu=93 busy=
2026-10-08T14:56:17.2544360+09:00 cpu=93 busy=
2026-10-08T14:56:27.2944004+09:00 cpu=94 busy=
2026-10-08T14:56:37.3287923+09:00 cpu=93 busy=
2026-10-08T14:56:47.3608901+09:00 cpu=91 busy=
2026-10-08T14:56:57.3928134+09:00 cpu=94 busy=
2026-10-08T14:57:07.4338963+09:00 cpu=91 busy=
2026-10-08T14:57:17.4773654+09:00 cpu=96 busy=
2026-10-08T14:57:27.5163363+09:00 cpu=96 busy=
2026-10-08T14:57:37.5510817+09:00 cpu=92 busy=
2026-10-08T14:57:47.5844982+09:00 cpu=93 busy=
2026-10-08T14:57:57.6251735+09:00 cpu=94 busy=
2026-10-08T14:58:07.6683541+09:00 cpu=94 busy=
2026-10-08T14:58:17.7041550+09:00 cpu=92 busy=
2026-10-08T14:58:27.7341565+09:00 cpu=93 busy=
2026-10-08T14:58:37.7609737+09:00 cpu=94 busy=
2026-10-08T14:58:47.8087305+09:00 cpu=97 busy=cargo
2026-10-08T14:58:57.8563456+09:00 cpu=91 busy=cargo,rustc
2026-10-08T14:59:07.8962712+09:00 cpu=94 busy=cargo,rustc
2026-10-08T14:59:17.9400538+09:00 cpu=97 busy=cargo,rustc
2026-10-08T14:59:27.9923395+09:00 cpu=91 busy=cargo,rustc
2026-10-08T14:59:38.0352735+09:00 cpu=92 busy=cargo,rustc
2026-10-08T14:59:48.0653054+09:00 cpu=95 busy=cargo,rustc
2026-10-08T14:59:58.1078344+09:00 cpu=97 busy=cargo,rustc
2026-10-08T15:00:08.1353410+09:00 cpu=94 busy=
2026-10-08T15:00:18.1875079+09:00 cpu=91 busy=
2026-10-08T15:00:28.2265630+09:00 cpu=96 busy=
2026-10-08T15:00:38.2733900+09:00 cpu=90 busy=
2026-10-08T15:00:48.3072430+09:00 cpu=97 busy=
2026-10-08T15:00:58.3399889+09:00 cpu=94 busy=cargo,rustc
2026-10-08T15:01:08.3766614+09:00 cpu=93 busy=cargo,rustc
2026-10-08T15:01:18.4198842+09:00 cpu=95 busy=cargo,rustc
2026-10-08T15:01:28.4551764+09:00 cpu=93 busy=cargo,rustc
2026-10-08T15:01:38.4908598+09:00 cpu=95 busy=cargo,rustc
2026-10-08T15:01:48.5242371+09:00 cpu=96 busy=cargo,rustc
2026-10-08T15:01:58.5695998+09:00 cpu=97 busy=cargo,rustc
2026-10-08T15:02:08.6120045+09:00 cpu=91 busy=cargo,rustc
2026-10-08T15:02:18.6606946+09:00 cpu=92 busy=cargo,rustc
2026-10-08T15:02:28.7078134+09:00 cpu=95 busy=cargo,link,rustc
2026-10-08T15:02:38.7343845+09:00 cpu=93 busy=
2026-10-08T15:02:48.7777615+09:00 cpu=94 busy=
2026-10-08T15:02:58.8242630+09:00 cpu=92 busy=
2026-10-08T15:03:08.8534586+09:00 cpu=94 busy=cargo,rustc
2026-10-08T15:03:18.9007144+09:00 cpu=96 busy=cargo,rustc
2026-10-08T15:03:28.9326651+09:00 cpu=90 busy=cargo,rustc
2026-10-08T15:03:38.9683833+09:00 cpu=92 busy=cargo,rustc
2026-10-08T15:03:49.0100916+09:00 cpu=95 busy=cargo,rustc
2026-10-08T15:03:59.0443657+09:00 cpu=91 busy=cargo,rustc
2026-10-08T15:04:09.0957385+09:00 cpu=93 busy=cargo,rustc
2026-10-08T15:04:19.1403943+09:00 cpu=95 busy=cargo,rustc
2026-10-08T15:04:29.1694149+09:00 cpu=94 busy=cargo,rustc
2026-10-08T15:04:39.2082196+09:00 cpu=97 busy=cargo,link,rustc
2026-10-08T15:04:49.2376331+09:00 cpu=95 busy=
2026-10-08T15:04:59.2730346+09:00 cpu=92 busy=
2026-10-08T15:05:09.3047446+09:00 cpu=96 busy=
2026-10-08T15:05:19.3526597+09:00 cpu=97 busy=
2026-10-08T15:05:29.4067145+09:00 cpu=94 busy=
2026-10-08T15:05:39.4521566+09:00 cpu=93 busy=
2026-10-08T15:05:49.4954622+09:00 cpu=95 busy=
2026-10-08T15:05:59.5251594+09:00 cpu=93 busy=
2026-10-08T15:06:09.5520860+09:00 cpu=91 busy=
2026-10-08T15:06:19.5855720+09:00 cpu=92 busy=
2026-10-08T15:06:29.6106882+09:00 cpu=95 busy=
2026-10-08T15:06:39.6588196+09:00 cpu=92 busy=
2026-10-08T15:06:49.6875481+09:00 cpu=94 busy=
2026-10-08T15:06:59.7175526+09:00 cpu=94 busy=
2026-10-08T15:07:09.7625378+09:00 cpu=97 busy=
2026-10-08T15:07:19.7934595+09:00 cpu=97 busy=
2026-10-08T15:07:29.8333641+09:00 cpu=90 busy=
2026-10-08T15:07:39.8802768+09:00 cpu=95 busy=
2026-10-08T15:07:49.9240405+09:00 cpu=97 busy=
2026-10-08T15:07:59.9788684+09:00 cpu=97 busy=
2026-10-08T15:08:10.0190359+09:00 cpu=97 busy=
2026-10-08T15:08:20.0646998+09:00 cpu=92 busy=
2026-10-08T15:08:30.0926061+09:00 cpu=100 busy=
2026-10-08T15:08:40.1260466+09:00 cpu=100 busy=
2026-10-08T15:08:50.1569882+09:00 cpu=100 busy=
2026-10-08T15:09:00.1818737+09:00 cpu=100 busy=
2026-10-08T15:09:10.2317540+09:00 cpu=100 busy=
2026-10-08T15:09:20.2678729+09:00 cpu=100 busy=
2026-10-08T15:09:30.2988638+09:00 cpu=100 busy=
2026-10-08T15:09:40.3419399+09:00 cpu=100 busy=
2026-10-08T15:09:50.3990135+09:00 cpu=100 busy=
2026-10-08T15:10:00.4410802+09:00 cpu=78 busy=
2026-10-08T15:10:10.4929642+09:00 cpu=100 busy=
2026-10-08T15:10:20.5473713+09:00 cpu=99 busy=
2026-10-08T15:10:30.5958111+09:00 cpu=100 busy=
2026-10-08T15:10:40.6352662+09:00 cpu=100 busy=
2026-10-08T15:10:50.6934792+09:00 cpu=100 busy=
2026-10-08T15:11:00.7424315+09:00 cpu=100 busy=
2026-10-08T15:11:10.7882438+09:00 cpu=91 busy=
2026-10-08T15:11:20.8322253+09:00 cpu=95 busy=cargo
2026-10-08T15:11:30.8749212+09:00 cpu=93 busy=cargo,rustc
2026-10-08T15:11:40.9337684+09:00 cpu=93 busy=cargo,rustc
2026-10-08T15:11:50.9630804+09:00 cpu=93 busy=cargo,rustc
2026-10-08T15:12:01.0107123+09:00 cpu=94 busy=cargo,rustc
2026-10-08T15:12:11.0622702+09:00 cpu=91 busy=cargo,rustc
2026-10-08T15:12:21.1130124+09:00 cpu=95 busy=cargo,rustc
2026-10-08T15:12:31.1563242+09:00 cpu=93 busy=cargo,rustc
2026-10-08T15:12:41.1931140+09:00 cpu=93 busy=cargo,rustc
2026-10-08T15:12:51.2423435+09:00 cpu=94 busy=cargo,rustc
2026-10-08T15:13:01.2838951+09:00 cpu=93 busy=cargo,rustc
2026-10-08T15:13:11.3150212+09:00 cpu=91 busy=
2026-10-08T15:13:21.3588018+09:00 cpu=94 busy=
2026-10-08T15:13:31.3839049+09:00 cpu=96 busy=
2026-10-08T15:13:41.4164133+09:00 cpu=94 busy=
2026-10-08T15:13:51.4543644+09:00 cpu=89 busy=
2026-10-08T15:14:01.5020384+09:00 cpu=93 busy=
2026-10-08T15:14:11.5445857+09:00 cpu=94 busy=
2026-10-08T15:14:21.6009282+09:00 cpu=92 busy=
2026-10-08T15:14:31.6414904+09:00 cpu=94 busy=
2026-10-08T15:14:41.6823661+09:00 cpu=91 busy=
2026-10-08T15:14:51.7225928+09:00 cpu=87 busy=
2026-10-08T15:15:01.7708211+09:00 cpu=95 busy=
2026-10-08T15:15:11.8200370+09:00 cpu=91 busy=
2026-10-08T15:15:21.8678082+09:00 cpu=98 busy=
2026-10-08T15:15:31.9173795+09:00 cpu=95 busy=
2026-10-08T15:15:41.9524698+09:00 cpu=94 busy=
2026-10-08T15:15:51.9989729+09:00 cpu=87 busy=
2026-10-08T15:16:02.0315153+09:00 cpu=93 busy=
2026-10-08T15:16:12.0677814+09:00 cpu=94 busy=
2026-10-08T15:16:22.1183318+09:00 cpu=96 busy=
2026-10-08T15:16:32.1748518+09:00 cpu=90 busy=
2026-10-08T15:16:42.2079728+09:00 cpu=93 busy=
2026-10-08T15:16:52.2406087+09:00 cpu=93 busy=
2026-10-08T15:17:02.2713733+09:00 cpu=93 busy=
2026-10-08T15:17:12.3107323+09:00 cpu=90 busy=
2026-10-08T15:17:22.3499260+09:00 cpu=94 busy=
2026-10-08T15:17:32.3860977+09:00 cpu=98 busy=
2026-10-08T15:17:42.4155860+09:00 cpu=96 busy=
2026-10-08T15:17:52.4505359+09:00 cpu=94 busy=
2026-10-08T15:18:02.4848299+09:00 cpu=97 busy=
2026-10-08T15:18:12.5353339+09:00 cpu=94 busy=
2026-10-08T15:18:22.5759769+09:00 cpu=96 busy=
2026-10-08T15:18:32.6105824+09:00 cpu=95 busy=
2026-10-08T15:18:42.6541000+09:00 cpu=90 busy=cargo,rustc
2026-10-08T15:18:52.6855121+09:00 cpu=94 busy=cargo,rustc
2026-10-08T15:19:02.7202630+09:00 cpu=90 busy=cargo,link,rustc
2026-10-08T15:19:12.7505171+09:00 cpu=88 busy=
2026-10-08T15:19:22.7890075+09:00 cpu=94 busy=
2026-10-08T15:19:32.8341345+09:00 cpu=88 busy=
2026-10-08T15:19:42.8753753+09:00 cpu=97 busy=
2026-10-08T15:19:52.9159567+09:00 cpu=98 busy=
2026-10-08T15:20:02.9434147+09:00 cpu=91 busy=
2026-10-08T15:20:12.9957560+09:00 cpu=94 busy=cargo,rustc
2026-10-08T15:20:23.0326634+09:00 cpu=94 busy=cargo,rustc
2026-10-08T15:20:33.0769881+09:00 cpu=95 busy=cargo,rustc
2026-10-08T15:20:43.1079793+09:00 cpu=93 busy=cargo,rustc
2026-10-08T15:20:53.1400084+09:00 cpu=95 busy=cargo,rustc
2026-10-08T15:21:03.1808976+09:00 cpu=96 busy=cargo,rustc
2026-10-08T15:21:13.2357309+09:00 cpu=95 busy=cargo,rustc
2026-10-08T15:21:23.2824614+09:00 cpu=93 busy=cargo,rustc
2026-10-08T15:21:33.3278839+09:00 cpu=95 busy=cargo,rustc
2026-10-08T15:21:43.3562844+09:00 cpu=98 busy=cargo,rustc
2026-10-08T15:21:53.4165720+09:00 cpu=97 busy=cargo,rustc
2026-10-08T15:22:03.4576850+09:00 cpu=95 busy=cargo,rustc
2026-10-08T15:22:13.5097182+09:00 cpu=94 busy=cargo,rustc
2026-10-08T15:22:23.5451635+09:00 cpu=95 busy=
2026-10-08T15:22:33.5898970+09:00 cpu=94 busy=
2026-10-08T15:22:43.6335718+09:00 cpu=93 busy=
2026-10-08T15:22:53.6754213+09:00 cpu=88 busy=
2026-10-08T15:23:03.7169778+09:00 cpu=94 busy=
2026-10-08T15:23:13.7618521+09:00 cpu=96 busy=
2026-10-08T15:23:23.8115501+09:00 cpu=97 busy=
2026-10-08T15:23:33.8434966+09:00 cpu=92 busy=
2026-10-08T15:23:43.8929928+09:00 cpu=92 busy=
2026-10-08T15:23:53.9293833+09:00 cpu=97 busy=
2026-10-08T15:24:03.9640348+09:00 cpu=95 busy=
2026-10-08T15:24:13.9906093+09:00 cpu=94 busy=
2026-10-08T15:24:24.0428955+09:00 cpu=94 busy=
2026-10-08T15:24:34.0973538+09:00 cpu=96 busy=
2026-10-08T15:24:44.1462807+09:00 cpu=96 busy=
2026-10-08T15:24:54.1833514+09:00 cpu=91 busy=
2026-10-08T15:25:04.2317253+09:00 cpu=96 busy=
2026-10-08T15:25:14.2776130+09:00 cpu=91 busy=
2026-10-08T15:25:24.3205871+09:00 cpu=96 busy=
2026-10-08T15:25:34.3732925+09:00 cpu=96 busy=
2026-10-08T15:25:44.4024731+09:00 cpu=96 busy=
2026-10-08T15:25:54.4383454+09:00 cpu=91 busy=
2026-10-08T15:26:04.4692542+09:00 cpu=98 busy=
2026-10-08T15:26:14.5065508+09:00 cpu=93 busy=
2026-10-08T15:26:24.5473518+09:00 cpu=94 busy=
2026-10-08T15:26:34.5952449+09:00 cpu=92 busy=
2026-10-08T15:26:44.6361347+09:00 cpu=94 busy=
2026-10-08T15:26:54.6659178+09:00 cpu=90 busy=
2026-10-08T15:27:04.7038104+09:00 cpu=93 busy=
2026-10-08T15:27:14.7335619+09:00 cpu=91 busy=
2026-10-08T15:27:24.7783388+09:00 cpu=92 busy=
2026-10-08T15:27:34.8060875+09:00 cpu=95 busy=
2026-10-08T15:27:44.8479425+09:00 cpu=88 busy=
2026-10-08T15:27:54.8835705+09:00 cpu=95 busy=
2026-10-08T15:28:04.9228379+09:00 cpu=93 busy=
2026-10-08T15:28:14.9636262+09:00 cpu=95 busy=
2026-10-08T15:28:25.0030872+09:00 cpu=90 busy=
2026-10-08T15:28:35.0462867+09:00 cpu=94 busy=
2026-10-08T15:28:45.1034373+09:00 cpu=91 busy=
2026-10-08T15:28:55.1297721+09:00 cpu=94 busy=
2026-10-08T15:29:05.1736005+09:00 cpu=95 busy=
2026-10-08T15:29:15.2185840+09:00 cpu=90 busy=
2026-10-08T15:29:25.2657650+09:00 cpu=90 busy=
2026-10-08T15:29:35.3098718+09:00 cpu=93 busy=
2026-10-08T15:29:45.3563992+09:00 cpu=95 busy=
2026-10-08T15:29:55.3910005+09:00 cpu=93 busy=
2026-10-08T15:30:05.4360392+09:00 cpu=91 busy=
2026-10-08T15:30:15.4725508+09:00 cpu=95 busy=
2026-10-08T15:30:25.5156495+09:00 cpu=86 busy=
2026-10-08T15:30:35.5439510+09:00 cpu=91 busy=
2026-10-08T15:30:45.5899538+09:00 cpu=94 busy=
2026-10-08T15:30:55.6350187+09:00 cpu=95 busy=
2026-10-08T15:31:05.6658685+09:00 cpu=93 busy=
2026-10-08T15:31:15.7022114+09:00 cpu=90 busy=
2026-10-08T15:31:25.7402625+09:00 cpu=91 busy=
2026-10-08T15:31:35.7752727+09:00 cpu=90 busy=
2026-10-08T15:31:45.8157589+09:00 cpu=91 busy=
2026-10-08T15:31:55.8516720+09:00 cpu=91 busy=
2026-10-08T15:32:05.8968276+09:00 cpu=90 busy=
2026-10-08T15:32:15.9275792+09:00 cpu=89 busy=
2026-10-08T15:32:25.9678728+09:00 cpu=98 busy=
2026-10-08T15:32:35.9985327+09:00 cpu=95 busy=
2026-10-08T15:32:46.0391407+09:00 cpu=88 busy=
2026-10-08T15:32:56.0899382+09:00 cpu=94 busy=
2026-10-08T15:33:06.1151877+09:00 cpu=96 busy=
2026-10-08T15:33:16.1544706+09:00 cpu=92 busy=
2026-10-08T15:33:26.1951883+09:00 cpu=94 busy=
2026-10-08T15:33:36.2333015+09:00 cpu=92 busy=
2026-10-08T15:33:46.2795656+09:00 cpu=91 busy=
2026-10-08T15:33:56.3242177+09:00 cpu=91 busy=
2026-10-08T15:34:06.3640473+09:00 cpu=89 busy=
2026-10-08T15:34:16.4054877+09:00 cpu=90 busy=
2026-10-08T15:34:26.4438630+09:00 cpu=95 busy=
2026-10-08T15:34:36.4781901+09:00 cpu=91 busy=
2026-10-08T15:34:46.5129630+09:00 cpu=90 busy=
2026-10-08T15:34:56.5487585+09:00 cpu=96 busy=
2026-10-08T15:35:06.6085780+09:00 cpu=92 busy=
2026-10-08T15:35:16.6491407+09:00 cpu=90 busy=
2026-10-08T15:35:26.6856567+09:00 cpu=88 busy=
2026-10-08T15:35:36.7067466+09:00 cpu=95 busy=
2026-10-08T15:35:46.7591886+09:00 cpu=91 busy=
2026-10-08T15:35:56.8123994+09:00 cpu=95 busy=
2026-10-08T15:36:06.9058950+09:00 cpu=91 busy=
2026-10-08T15:36:16.9489010+09:00 cpu=91 busy=
2026-10-08T15:36:26.9950574+09:00 cpu=94 busy=
2026-10-08T15:36:37.0341365+09:00 cpu=94 busy=
2026-10-08T15:36:47.0896105+09:00 cpu=96 busy=cargo
2026-10-08T15:36:57.1299775+09:00 cpu=91 busy=cargo,rustc
2026-10-08T15:37:07.1639696+09:00 cpu=95 busy=cargo,rustc
2026-10-08T15:37:17.2091737+09:00 cpu=97 busy=cargo,rustc
2026-10-08T15:37:27.2474518+09:00 cpu=94 busy=cargo,rustc
2026-10-08T15:37:37.2819183+09:00 cpu=93 busy=cargo,rustc
2026-10-08T15:37:47.3178389+09:00 cpu=92 busy=cargo,rustc
2026-10-08T15:37:57.3485684+09:00 cpu=98 busy=cargo,rustc
2026-10-08T15:38:07.3837621+09:00 cpu=94 busy=cargo,rustc
2026-10-08T15:38:17.4286807+09:00 cpu=92 busy=cargo,rustc
2026-10-08T15:38:27.4721236+09:00 cpu=94 busy=
2026-10-08T15:38:37.5177070+09:00 cpu=91 busy=
2026-10-08T15:38:47.5502708+09:00 cpu=95 busy=
2026-10-08T15:38:57.5841855+09:00 cpu=92 busy=
2026-10-08T15:39:07.6282990+09:00 cpu=90 busy=
2026-10-08T15:39:17.6760775+09:00 cpu=93 busy=
2026-10-08T15:39:27.7234449+09:00 cpu=92 busy=
2026-10-08T15:39:37.7566642+09:00 cpu=88 busy=
2026-10-08T15:39:47.7884489+09:00 cpu=100 busy=
2026-10-08T15:39:57.8206244+09:00 cpu=100 busy=
2026-10-08T15:40:07.8634786+09:00 cpu=100 busy=
2026-10-08T15:40:17.8978822+09:00 cpu=100 busy=
2026-10-08T15:40:27.9372909+09:00 cpu=100 busy=
2026-10-08T15:40:37.9677031+09:00 cpu=100 busy=
2026-10-08T15:40:48.0110579+09:00 cpu=100 busy=
2026-10-08T15:40:58.0447010+09:00 cpu=100 busy=
2026-10-08T15:41:08.0824563+09:00 cpu=100 busy=
2026-10-08T15:41:18.1236567+09:00 cpu=100 busy=
2026-10-08T15:41:28.1762204+09:00 cpu=100 busy=
2026-10-08T15:41:38.2261727+09:00 cpu=100 busy=
2026-10-08T15:41:48.2928050+09:00 cpu=79 busy=
2026-10-08T15:41:58.3319427+09:00 cpu=100 busy=
2026-10-08T15:42:08.3635674+09:00 cpu=100 busy=
2026-10-08T15:42:18.3968738+09:00 cpu=25 busy=
2026-10-08T15:42:28.4259007+09:00 cpu=19 busy=
2026-10-08T15:42:38.4569712+09:00 cpu=16 busy=
2026-10-08T15:42:48.4847194+09:00 cpu=15 busy=
2026-10-08T15:42:58.5094861+09:00 cpu=15 busy=
2026-10-08T15:43:08.5284180+09:00 cpu=15 busy=
2026-10-08T15:43:18.7285659+09:00 cpu=61 busy=
2026-10-08T15:43:28.7868368+09:00 cpu=100 busy=
2026-10-08T15:43:38.8257885+09:00 cpu=100 busy=
2026-10-08T15:43:48.8705360+09:00 cpu=100 busy=
2026-10-08T15:43:58.9269244+09:00 cpu=100 busy=
2026-10-08T15:44:08.9707675+09:00 cpu=100 busy=
2026-10-08T15:44:18.9985624+09:00 cpu=100 busy=
2026-10-08T15:44:29.0365608+09:00 cpu=100 busy=
2026-10-08T15:44:39.0670554+09:00 cpu=18 busy=
2026-10-08T15:44:49.1075509+09:00 cpu=15 busy=
2026-10-08T15:44:59.1316671+09:00 cpu=12 busy=
2026-10-08T15:45:09.1510852+09:00 cpu=15 busy=
